Date,EURGBP=X,EURUSD=X,FEZ,^AEX,^FCHI,^GDAXI,^STOXX50E
2008-09-02,0.8145999908447266,1.4515894651412964,27.766551971435547,414.70001220703125,4539.06982421875,6518.47021484375,3416.4599609375
2008-09-03,0.8169000148773193,1.4486035108566284,27.674306869506836,406.32000732421875,4447.1298828125,6467.490234375,3368.969970703125
2008-09-04,0.8091999888420105,1.4264928102493286,26.307897567749023,397.1700134277344,4304.009765625,6279.56982421875,3274.820068359375
2008-09-05,0.8058000206947327,1.4274905920028687,26.07727813720703,389.2200012207031,4196.66015625,6127.43994140625,3185.830078125
2008-09-08,0.8029000163078308,1.5050041675567627,26.394372940063477,398.7900085449219,4340.18017578125,6263.740234375,3284.1201171875
2008-09-09,0.8026999831199646,1.414847493171692,25.685226440429688,395.7300109863281,4293.33984375,6233.41015625,3261.070068359375
2008-09-10,0.7975000143051147,1.3984057903289795,25.777454376220703,393.8999938964844,4283.66015625,6210.31982421875,3242.02001953125
2008-09-11,0.7975000143051147,1.3995996713638306,25.823591232299805,392.55999755859375,4249.06982421875,6178.89990234375,3222.10009765625
2008-09-12,0.7937999963760376,1.4239943027496338,26.32518768310547,399.57000732421875,4332.66015625,6234.89013671875,3278.02001953125
2008-09-15,0.7943000197410583,1.4268999099731445,25.200918197631836,385.0400085449219,4168.97021484375,6064.16015625,3151.169921875
2008-09-16,0.7922000288963318,1.4135074615478516,24.99336051940918,371.20001220703125,4087.39990234375,5965.169921875,3088.429931640625
2008-09-17,0.7892000079154968,1.4329315423965454,24.168893814086914,356.9800109863281,4000.110107421875,5860.97998046875,3018.77001953125
2008-09-18,0.7878000140190125,1.4304922819137573,25.033723831176758,351.6600036621094,3957.860107421875,5863.419921875,3000.830078125
2008-09-19,0.7893000245094299,1.441794753074646,27.07863998413086,381.8299865722656,4324.8701171875,6189.52978515625,3253.52001953125
2008-09-22,0.7961999773979187,1.4795963764190674,26.210927963256836,375.19000244140625,4223.509765625,6107.75,3181.77001953125
2008-09-23,0.7914999723434448,1.4692918062210083,25.794416427612305,367.6400146484375,4139.81982421875,6068.52978515625,3139.830078125
2008-09-24,0.7910000085830688,1.4633146524429321,25.77128791809082,360.6199951171875,4114.5400390625,6052.8701171875,3119.830078125
2008-09-25,0.7954000234603882,1.4641932249069214,26.59851837158203,369.3500061035156,4226.81005859375,6173.02978515625,3207.110107421875
2008-09-26,0.7912999987602234,1.4598966836929321,26.361324310302734,354.5799865722656,4163.3798828125,6063.5,3156.4599609375
2008-09-29,0.7990000247955322,1.4393253326416016,23.752384185791016,323.54998779296875,3953.47998046875,5807.080078125,3008.18994140625
2008-09-30,0.7908999919891357,1.409641981124878,24.637462615966797,331.45001220703125,4032.10009765625,5831.02001953125,3038.199951171875
2008-10-01,0.7918999791145325,1.4016202688217163,24.649032592773438,334.239990234375,4054.5400390625,5806.330078125,3067.35009765625
2008-10-02,0.7822999954223633,1.380795955657959,23.463144302368164,330.8299865722656,3963.280029296875,5660.6298828125,3007.510009765625
2008-10-03,0.7786999940872192,1.3784927129745483,23.58462142944336,344.0199890136719,4080.75,5797.02978515625,3113.820068359375
2008-10-06,0.7746999859809875,1.3504936695098877,22.150001525878906,312.55999755859375,3711.97998046875,5387.009765625,2868.969970703125
2008-10-07,0.7781000137329102,1.3588064908981323,21.28806495666504,309.44000244140625,3732.219970703125,5326.6298828125,2879.449951171875
2008-10-08,0.7886999845504761,1.4957072734832764,20.7558650970459,285.6600036621094,3496.889892578125,5013.6201171875,2694.550048828125
2008-10-09,0.7957000136375427,1.3598041534423828,19.246034622192383,281.9700012207031,3442.699951171875,4887.0,2629.0400390625
2008-10-10,0.7791000008583069,1.3398001194000244,18.441944122314453,258.04998779296875,3176.489990234375,4544.31005859375,2421.8701171875
2008-10-13,0.7807000279426575,1.3621937036514282,21.675634384155273,285.2699890136719,3531.5,5062.4501953125,2688.320068359375
2008-10-14,0.781499981880188,1.3618041276931763,21.10293960571289,284.510009765625,3628.52001953125,5199.18994140625,2756.739990234375
2008-10-15,0.7821999788284302,1.3443931341171265,18.690689086914062,263.0,3381.070068359375,4861.6298828125,2578.06005859375
2008-10-16,0.7777000069618225,1.3489997386932373,19.535263061523438,248.0399932861328,3181.0,4622.81005859375,2423.800048828125
2008-10-17,0.7767000198364258,1.3422999382019043,19.292301177978516,252.25999450683594,3329.919921875,4781.330078125,2532.169921875
2008-10-20,0.7771000266075134,1.3313274383544922,20.258363723754883,269.4100036621094,3448.510009765625,4835.009765625,2613.679931640625
2008-10-21,0.7829999923706055,1.3061139583587646,19.014631271362305,269.3599853515625,3475.39990234375,4784.41015625,2598.969970703125
2008-10-22,0.7907999753952026,1.2816734313964844,17.394887924194336,255.0800018310547,3298.179931640625,4571.06982421875,2457.969970703125
2008-10-23,0.7979999780654907,1.2944984436035156,17.741973876953125,257.8500061035156,3310.8701171875,4519.7001953125,2452.030029296875
2008-10-24,0.794700026512146,1.2629930973052979,16.752782821655273,245.9199981689453,3193.7900390625,4295.669921875,2333.280029296875
2008-10-27,0.8022000193595886,1.2464631795883179,15.94290542602539,237.10000610351562,3067.35009765625,4334.64013671875,2333.280029296875
2008-10-28,0.7960000038146973,1.2809016704559326,18.08906364440918,237.9600067138672,3114.919921875,4823.4501953125,2381.679931640625
2008-10-29,0.7914000153541565,1.2959243059158325,18.29731559753418,259.5799865722656,3402.570068359375,4808.68994140625,2515.239990234375
2008-10-30,0.7861999869346619,1.2868025302886963,18.65019416809082,257.6499938964844,3407.820068359375,4869.2998046875,2528.0400390625
2008-10-31,0.7921000123023987,1.2701960802078247,19.0609188079834,267.69000244140625,3487.070068359375,4987.97021484375,2591.760009765625
2008-11-03,0.7998999953269958,1.2617977857589722,18.748537063598633,273.010009765625,3527.969970703125,5026.83984375,2610.0400390625
2008-11-04,0.8147000074386597,1.2983977794647217,20.547603607177734,291.1300048828125,3691.090087890625,5278.0400390625,2755.1201171875
2008-11-05,0.8149999976158142,1.2918059825897217,19.280742645263672,279.44000244140625,3618.110107421875,5166.8701171875,2710.64990234375
2008-11-06,0.8144999742507935,1.2695027589797974,18.00229835510254,260.6099853515625,3387.25,4813.56982421875,2542.0400390625
2008-11-07,0.8120999932289124,1.2714072465896606,19.199750900268555,265.7200012207031,3469.1201171875,4938.4599609375,2602.5400390625
2008-11-10,0.8149999976158142,1.2747948169708252,18.783241271972656,267.1300048828125,3505.75,5025.52978515625,2625.840087890625
2008-11-11,0.8133000135421753,1.2515957355499268,17.99651336669922,257.1300048828125,3336.409912109375,4761.580078125,2483.610107421875
2008-11-12,0.8361999988555908,1.2459040880203247,17.01888084411621,249.25,3233.9599609375,4620.7998046875,2400.739990234375
2008-11-13,0.8578000068664551,1.2788705825805664,18.742755889892578,249.9600067138672,3269.4599609375,4649.52001953125,2429.93994140625
2008-11-14,0.8535000085830688,1.2596997022628784,17.533723831176758,252.47000122070312,3291.469970703125,4710.240234375,2458.31005859375
2008-11-17,0.8428999781608582,1.2643983364105225,17.128793716430664,246.3300018310547,3182.030029296875,4557.27001953125,2364.830078125
2008-11-18,0.8442000150680542,1.2636953592300415,17.215560913085938,250.6199951171875,3217.39990234375,4579.47021484375,2390.10009765625
2008-11-19,0.8349999785423279,1.2505314350128174,16.041242599487305,238.1199951171875,3087.889892578125,4354.08984375,2295.360107421875
2008-11-20,0.8432000279426575,1.243904948234558,15.24294376373291,227.82000732421875,2980.419921875,4220.2001953125,2225.989990234375
2008-11-21,0.8440999984741211,1.2590969800949097,15.966049194335938,222.92999267578125,2881.260009765625,4127.41015625,2165.909912109375
2008-11-24,0.8525000214576721,1.291772723197937,17.41803550720215,245.86000061035156,3172.110107421875,4554.330078125,2380.300048828125
2008-11-25,0.8446000218391418,1.303407073020935,17.776691436767578,245.83999633789062,3209.56005859375,4560.419921875,2385.89990234375
2008-11-26,0.8409000039100647,1.289923071861267,17.817176818847656,245.16000366210938,3169.85009765625,4560.5,2373.820068359375
2008-11-27,0.8373000025749207,1.289507269859314,17.817176818847656,253.25999450683594,3250.389892578125,4665.27001953125,2427.969970703125
2008-11-28,0.824999988079071,1.269792914390564,17.713054656982422,252.5500030517578,3262.679931640625,4669.43994140625,2430.31005859375
2008-12-01,0.8471999764442444,1.2599060535430908,16.116451263427734,235.5,3080.429931640625,4394.7900390625,2288.389892578125
2008-12-02,0.8529999852180481,1.2713264226913452,17.215560913085938,241.33999633789062,3152.89990234375,4531.7900390625,2354.1298828125
2008-12-03,0.859499990940094,1.2707933187484741,17.377531051635742,242.0399932861328,3166.64990234375,4567.240234375,2369.52001953125
2008-12-04,0.8698999881744385,1.277400255203247,16.943675994873047,240.8000030517578,3161.159912109375,4564.22998046875,2368.719970703125
2008-12-05,0.8654000163078308,1.2716983556747437,17.04780387878418,229.44000244140625,2988.010009765625,4381.47021484375,2252.090087890625
2008-12-08,0.868399977684021,1.4918025732040405,18.141124725341797,248.1199951171875,3247.47998046875,4715.8798828125,2449.280029296875
2008-12-09,0.8758999705314636,1.2926075458526611,18.048574447631836,253.38999938964844,3297.800048828125,4779.10986328125,2480.7900390625
2008-12-10,0.8792999982833862,1.3014055490493774,18.73696517944336,256.1499938964844,3320.31005859375,4804.8798828125,2495.580078125
2008-12-11,0.886900007724762,1.3329956531524658,18.702259063720703,254.77000427246094,3306.1298828125,4767.2001953125,2485.389892578125
2008-12-12,0.8934999704360962,1.33539879322052,18.783241271972656,247.75,3213.60009765625,4663.3701171875,2418.909912109375
2008-12-15,0.8949999809265137,1.3696004152297974,18.881574630737305,247.11000061035156,3185.659912109375,4654.81982421875,2407.469970703125
2008-12-16,0.9024999737739563,1.4061928987503052,20.275712966918945,248.25999450683594,3251.659912109375,4729.91015625,2450.360107421875
2008-12-17,0.9290000200271606,1.440839171409607,20.188953399658203,247.75999450683594,3241.919921875,4708.3798828125,2444.4599609375
2008-12-18,0.9491999745368958,1.4293065071105957,19.59889793395996,249.8800048828125,3234.14990234375,4756.39990234375,2452.419921875
2008-12-19,0.9302999973297119,1.392602562904358,19.188261032104492,249.5399932861328,3225.89990234375,4696.7001953125,2444.139892578125
2008-12-22,0.9413999915122986,1.3959071636199951,18.949792861938477,243.44000244140625,3151.360107421875,4639.02001953125,2397.64990234375
2008-12-23,0.9449999928474426,1.3937865495681763,18.955610275268555,244.5,3128.409912109375,4629.3798828125,2382.139892578125
2008-12-24,0.9480000138282776,1.4008938074111938,19.048669815063477,241.89999389648438,3116.2099609375,4629.3798828125,2382.139892578125
2008-12-25,0.949400007724762,1.4015023708343506,19.048669815063477,241.89999389648438,3116.2099609375,4629.3798828125,2382.139892578125
2008-12-26,0.9592000246047974,1.4027016162872314,19.106822967529297,241.89999389648438,3116.2099609375,4629.3798828125,2382.139892578125
2008-12-29,0.9692999720573425,1.4039028882980347,19.095205307006836,240.80999755859375,3130.719970703125,4704.85986328125,2388.300048828125
2008-12-30,0.9771999716758728,1.4140071868896484,19.8687801361084,246.5800018310547,3217.1298828125,4810.2001953125,2451.47998046875
2008-12-31,0.9447000026702881,1.3979953527450562,19.979284286499023,245.94000244140625,3217.969970703125,4810.2001953125,2451.47998046875
2009-01-01,0.9508000016212463,1.3998936414718628,19.979284286499023,245.94000244140625,3217.969970703125,4810.2001953125,2451.47998046875
2009-01-02,0.958299994468689,1.3922922611236572,20.316635131835938,258.2300109863281,3349.68994140625,4973.06982421875,2451.47998046875
2009-01-05,0.9265999794006348,1.3645915985107422,19.798986434936523,261.7799987792969,3359.919921875,4983.990234375,2553.409912109375
2009-01-06,0.904699981212616,1.3510043621063232,19.9676570892334,269.2699890136719,3396.219970703125,5026.31005859375,2578.429931640625
2009-01-07,0.9025999903678894,1.3610997200012207,19.694297790527344,265.0400085449219,3346.090087890625,4937.47021484375,2538.550048828125
2009-01-08,0.899399995803833,1.3699005842208862,19.892040252685547,264.5899963378906,3324.330078125,4879.91015625,2516.56005859375
2009-01-09,0.8877999782562256,1.345496654510498,19.002138137817383,266.17999267578125,3299.5,4783.89013671875,2486.590087890625
2009-01-12,0.9014000296592712,1.3360053300857544,18.571727752685547,261.79998779296875,3246.1201171875,4719.6201171875,2451.8701171875
2009-01-13,0.9093999862670898,1.3202017545700073,18.222742080688477,260.739990234375,3197.889892578125,4636.93994140625,2411.280029296875
2009-01-14,0.9034000039100647,1.3217023611068726,17.268850326538086,247.32000732421875,3052.0,4422.35009765625,2298.4599609375
2009-01-15,0.8967999815940857,1.3158068656921387,17.222320556640625,243.60000610351562,2995.8798828125,4336.72998046875,2257.669921875
2009-01-16,0.9002000093460083,1.3292039632797241,17.449161529541016,248.5500030517578,3016.75,4366.27978515625,2281.449951171875
2009-01-19,0.9075000286102295,1.3093974590301514,17.449161529541016,245.22000122070312,2989.68994140625,4316.14013671875,2252.389892578125
2009-01-20,0.9283999800682068,1.2884937524795532,15.954352378845215,240.11000061035156,2925.280029296875,4239.85009765625,2200.800048828125
2009-01-21,0.9365000128746033,1.3005084991455078,16.75118637084961,237.7100067138672,2905.570068359375,4261.14990234375,2188.429931640625
2009-01-22,0.9366000294685364,1.3006776571273804,16.280065536499023,235.4600067138672,2869.6201171875,4219.419921875,2160.070068359375
2009-01-23,0.9417999982833862,1.2964956760406494,16.128841400146484,234.13999938964844,2849.139892578125,4178.93994140625,2147.8701171875
2009-01-26,0.9435999989509583,1.319191575050354,16.594148635864258,247.8800048828125,2955.3701171875,4326.8701171875,2226.77001953125
2009-01-27,0.9312999844551086,1.3215975761413574,16.809362411499023,248.58999633789062,2954.530029296875,4323.419921875,2224.6201171875
2009-01-28,0.9241999983787537,1.3153221607208252,17.530588150024414,257.1600036621094,3076.010009765625,4518.72021484375,2322.780029296875
2009-01-29,0.9061999917030334,1.2937949895858765,16.605783462524414,252.35000610351562,3009.75,4428.10986328125,2269.39990234375
2009-01-30,0.8812000155448914,1.2836971282958984,16.332412719726562,248.60000610351562,2973.919921875,4338.35009765625,2236.97998046875
2009-02-02,0.9017000198364258,1.2814927101135254,16.25098419189453,245.9600067138672,2930.050048828125,4271.0400390625,2198.739990234375
2009-02-03,0.9013000130653381,1.3012869358062744,16.83843994140625,250.8300018310547,2982.389892578125,4374.9599609375,2244.889892578125
2009-02-04,0.8888999819755554,1.2855618000030518,16.65813446044922,254.7899932861328,3068.989990234375,4492.7900390625,2297.72998046875
2009-02-05,0.8741000294685364,1.2791157960891724,16.902421951293945,252.50999450683594,3066.2900390625,4510.490234375,2293.22998046875
2009-02-06,0.8737000226974487,1.2927078008651733,17.396812438964844,261.3500061035156,3122.7900390625,4644.6298828125,2343.659912109375
2009-02-09,0.8726000189781189,1.2959076166152954,17.5247802734375,262.7200012207031,3134.8701171875,4666.81982421875,2348.949951171875
2009-02-10,0.8866000175476074,1.2914056777954102,16.44874382019043,251.3699951171875,3020.75,4505.5400390625,2268.14990234375
2009-02-11,0.8962000012397766,1.2868025302886963,16.68722152709961,253.27999877929688,3027.719970703125,4530.08984375,2267.89990234375
2009-02-12,0.9014999866485596,1.28909170627594,16.559255599975586,248.27000427246094,2964.340087890625,4407.56005859375,2214.949951171875
2009-02-13,0.8945000171661377,1.2866039276123047,16.390575408935547,251.1199951171875,2997.860107421875,4413.39013671875,2228.2900390625
2009-02-16,0.8950999975204468,1.2799016237258911,16.390575408935547,247.14999389648438,2962.219970703125,4366.64013671875,2228.2900390625
2009-02-17,0.8838000297546387,1.2581939697265625,15.22730541229248,238.1699981689453,2875.22998046875,4216.60009765625,2119.97998046875
2009-02-18,0.8816999793052673,1.256897211074829,15.20984935760498,238.3000030517578,2874.070068359375,4204.9599609375,2118.469970703125
2009-02-19,0.887499988079071,1.2659028768539429,15.163318634033203,237.6699981689453,2872.60009765625,4215.2099609375,2114.840087890625
2009-02-20,0.8953999876976013,1.2932929992675781,14.872505187988281,229.1300048828125,2750.550048828125,4014.659912109375,2011.6800537109375
2009-02-23,0.8765000104904175,1.267812728881836,14.221064567565918,223.97999572753906,2727.8701171875,3936.449951171875,1991.6300048828125
2009-02-24,0.8859999775886536,1.2873989343643188,14.884132385253906,222.5500030517578,2708.050048828125,3895.75,1977.5
2009-02-25,0.8948000073432922,1.2724264860153198,14.453722953796387,220.69000244140625,2696.919921875,3846.2099609375,1965.260009765625
2009-02-26,0.8895999789237976,1.2720541954040527,14.395565032958984,223.6699981689453,2744.840087890625,3942.6201171875,2021.1400146484375
2009-02-27,0.8845999836921692,1.2678931951522827,14.302497863769531,219.80999755859375,2702.47998046875,3843.739990234375,1976.22998046875
2009-03-02,0.8948000073432922,1.256407618522644,13.406769752502441,208.83999633789062,2581.4599609375,3710.070068359375,1882.7900390625
2009-03-03,0.8931999802589417,1.253179907798767,13.494017601013184,202.57000732421875,2554.550048828125,3690.719970703125,1864.72998046875
2009-03-04,0.890999972820282,1.2638070583343506,14.034945487976074,211.5800018310547,2675.679931640625,3890.93994140625,1943.4599609375
2009-03-05,0.8877999782562256,1.2546736001968384,13.296257972717285,200.5800018310547,2569.6298828125,3695.489990234375,1852.25
2009-03-06,0.8981999754905701,1.2638070583343506,13.238100051879883,199.5,2534.449951171875,3666.409912109375,1817.239990234375
2009-03-09,0.914900004863739,1.2622755765914917,12.958914756774902,199.25,2519.2900390625,3692.030029296875,1809.97998046875
2009-03-10,0.9218000173568726,1.2716660499572754,13.976778030395508,210.44000244140625,2663.679931640625,3886.97998046875,1919.530029296875
2009-03-11,0.9251999855041504,1.2806720733642578,14.128009796142578,210.3300018310547,2674.199951171875,3914.10009765625,1932.7900390625
2009-03-12,0.9258999824523926,1.289889931678772,14.75617790222168,211.30999755859375,2694.25,3956.219970703125,1962.6400146484375
2009-03-13,0.9232000112533569,1.2929919958114624,14.779441833496094,211.74000549316406,2705.6298828125,3953.60009765625,1969.52001953125
2009-03-16,0.9217000007629395,1.2976058721542358,14.948114395141602,215.7899932861328,2791.659912109375,4044.5400390625,2033.719970703125
2009-03-17,0.926800012588501,1.3033220767974854,15.285466194152832,210.8699951171875,2767.280029296875,3987.77001953125,2012.25
2009-03-18,0.944100022315979,1.3483994007110596,15.803123474121094,209.33999633789062,2760.340087890625,3996.320068359375,2019.18994140625
2009-03-19,0.9422000050544739,1.3661948442459106,15.849654197692871,210.3800048828125,2776.989990234375,4043.4599609375,2039.5799560546875
2009-03-20,0.9366000294685364,1.3581973314285278,15.643914222717285,212.7100067138672,2791.139892578125,4068.739990234375,2050.9599609375
2009-03-23,0.9348000288009644,1.3620452880859375,16.90871238708496,220.89999389648438,2869.570068359375,4176.3701171875,2121.719970703125
2009-03-24,0.916700005531311,1.348126769065857,16.27923011779785,221.47000122070312,2874.389892578125,4187.35986328125,2127.3701171875
2009-03-25,0.9326000213623047,1.3576995134353638,16.693052291870117,225.5500030517578,2893.449951171875,4223.2900390625,2149.179931640625
2009-03-26,0.9351999759674072,1.3530701398849487,16.85625457763672,224.8000030517578,2892.070068359375,4259.3701171875,2156.969970703125
2009-03-27,0.9279999732971191,1.3292039632797241,16.08688735961914,221.72999572753906,2840.6201171875,4203.5498046875,2118.760009765625
2009-03-30,0.9254000186920166,1.318617582321167,15.195103645324707,211.11000061035156,2719.340087890625,3989.22998046875,2010.6099853515625
2009-03-31,0.92330002784729,1.3246963024139404,15.824596405029297,216.97999572753906,2807.340087890625,4084.760009765625,2071.1298828125
2009-04-01,0.9154000282287598,1.3240998983383179,16.133508682250977,220.6999969482422,2839.610107421875,4131.06982421875,2097.570068359375
2009-04-02,0.9139000177383423,1.346692442893982,16.984474182128906,232.0500030517578,2992.06005859375,4381.919921875,2216.489990234375
2009-04-03,0.9089999794960022,1.34890878200531,17.287561416625977,230.75999450683594,2958.739990234375,4384.990234375,2198.75
2009-04-06,0.9093999862670898,1.340572476387024,16.733856201171875,228.85000610351562,2929.75,4349.81005859375,2179.72998046875
2009-04-07,0.9006999731063843,1.3277391195297241,16.32001495361328,227.38999938964844,2902.31005859375,4322.5,2165.56005859375
2009-04-08,0.9017999768257141,1.3251352310180664,16.6114501953125,228.24000549316406,2921.06005859375,4357.919921875,2186.7900390625
2009-04-09,0.896399974822998,1.3159972429275513,17.124372482299805,232.83999633789062,2974.179931640625,4491.1201171875,2247.889892578125
2009-04-10,0.9002000093460083,1.3175925016403198,17.124372482299805,232.83999633789062,2974.179931640625,4491.1201171875,2247.889892578125
2009-04-13,0.9000999927520752,1.3363981246948242,17.334197998046875,232.83999633789062,2974.179931640625,4491.1201171875,2247.889892578125
2009-04-14,0.8899999856948853,1.327404260635376,17.170995712280273,235.4499969482422,3000.219970703125,4557.009765625,2278.64990234375
2009-04-15,0.8816999793052673,1.3225939273834229,17.369171142578125,235.89999389648438,2985.739990234375,4549.7900390625,2262.9599609375
2009-04-16,0.8831999897956848,1.3180439472198486,17.549856185913086,238.49000549316406,3038.179931640625,4609.4599609375,2300.510009765625
2009-04-17,0.8812999725341797,1.3044953346252441,17.532373428344727,243.80999755859375,3091.9599609375,4676.83984375,2341.14990234375
2009-04-20,0.8888999819755554,1.2928917407989502,16.512365341186523,233.77000427246094,2969.39990234375,4486.2998046875,2249.43994140625
2009-04-21,0.882099986076355,1.2934937477111816,16.95534324645996,234.72000122070312,2973.93994140625,4501.6298828125,2243.6298828125
2009-04-22,0.8974000215530396,1.300576090812683,16.87956428527832,236.8800048828125,3025.239990234375,4594.419921875,2285.68994140625
2009-04-23,0.8928999900817871,1.3140950202941895,17.264253616333008,235.3000030517578,3008.6201171875,4538.2099609375,2259.5400390625
2009-04-24,0.9021999835968018,1.3258028030395508,17.759681701660156,239.33999633789062,3102.85009765625,4674.31982421875,2319.889892578125
2009-04-27,0.8902000188827515,1.3018969297409058,17.357507705688477,238.13999938964844,3102.429931640625,4694.06982421875,2317.360107421875
2009-04-28,0.8977000117301941,1.313094139099121,17.270082473754883,234.8300018310547,3051.02001953125,4607.419921875,2280.52001953125
2009-04-29,0.8980000019073486,1.3265942335128784,17.800477981567383,238.07000732421875,3116.93994140625,4704.56005859375,2334.590087890625
2009-04-30,0.8948000073432922,1.323521614074707,18.021961212158203,240.75999450683594,3159.85009765625,4769.4501953125,2375.340087890625
2009-05-01,0.8898000121116638,1.3268054723739624,18.16768455505371,240.75999450683594,3159.85009765625,4769.4501953125,2375.340087890625
2009-05-04,0.892799973487854,1.3418675661087036,18.90790557861328,251.47000122070312,3237.969970703125,4902.4501953125,2419.530029296875
2009-05-05,0.8833000063896179,1.33159339427948,18.63979721069336,252.16000366210938,3225.0,4853.02978515625,2407.550048828125
2009-05-06,0.878600001335144,1.3312920331954956,19.100255966186523,255.27999877929688,3283.510009765625,4880.7099609375,2437.27001953125
2009-05-07,0.8909000158309937,1.3392080068588257,18.797170639038086,256.69000244140625,3251.52001953125,4804.10009765625,2406.080078125
2009-05-08,0.8952000141143799,1.3639029264450073,19.70643424987793,261.3500061035156,3312.590087890625,4913.89990234375,2462.389892578125
2009-05-11,0.8977000117301941,1.358991026878357,19.205169677734375,256.4700012207031,3248.669921875,4866.91015625,2433.590087890625
2009-05-12,0.8934999704360962,1.364498496055603,19.28675651550293,255.3300018310547,3231.10009765625,4854.10986328125,2424.340087890625
2009-05-13,0.8968999981880188,1.3588618040084839,18.57567596435547,250.19000244140625,3152.89990234375,4727.60986328125,2357.300048828125
2009-05-14,0.8949999809265137,1.3636053800582886,18.785511016845703,249.02000427246094,3156.2900390625,4738.47021484375,2353.530029296875
2009-05-15,0.8899000287055969,1.350201964378357,18.470762252807617,252.9199981689453,3169.050048828125,4737.5,2364.10009765625
2009-05-18,0.8834999799728394,1.3558034896850586,19.39168930053711,259.1700134277344,3245.389892578125,4851.9599609375,2422.739990234375
2009-05-19,0.8805000185966492,1.3632335662841797,19.595685958862305,262.2300109863281,3274.9599609375,4959.6201171875,2459.590087890625
2009-05-20,0.8744000196456909,1.3772966861724854,19.788021087646484,266.29998779296875,3303.3701171875,5038.93994140625,2487.169921875
2009-05-21,0.8772000074386597,1.3906078338623047,19.76470947265625,259.0199890136719,3217.409912109375,4900.669921875,2487.169921875
2009-05-22,0.8788999915122986,1.4003052711486816,19.95122528076172,260.1400146484375,3227.969970703125,4918.75,2433.52001953125
2009-05-25,0.880299985408783,1.4006974697113037,19.95122528076172,260.6600036621094,3236.159912109375,4918.4501953125,2440.22998046875
2009-05-26,0.8774999976158142,1.3994038105010986,20.4000301361084,263.42999267578125,3270.090087890625,4985.60009765625,2468.449951171875
2009-05-27,0.8665000200271606,1.3833937644958496,19.910429000854492,264.20001220703125,3294.860107421875,5000.77001953125,2479.47998046875
2009-05-28,0.8741000294685364,1.3931069374084473,20.283456802368164,260.8999938964844,3263.699951171875,4932.8798828125,2453.14990234375
2009-05-29,0.8700000047683716,1.4157087802886963,20.563232421875,259.45001220703125,3277.64990234375,4940.81982421875,2451.239990234375
2009-06-01,0.8610000014305115,1.4163904190063477,21.116943359375,268.4200134277344,3379.489990234375,5142.56005859375,2451.239990234375
2009-06-02,0.8628000020980835,1.4308607578277588,21.350086212158203,268.989990234375,3378.0400390625,5144.06005859375,2534.169921875
2009-06-03,0.8676999807357788,1.4149675369262695,20.656478881835938,264.3699951171875,3309.64990234375,5054.52978515625,2483.389892578125
2009-06-04,0.8797000050544739,1.4177961349487305,20.883800506591797,263.79998779296875,3312.030029296875,5064.7998046875,2487.080078125
2009-06-05,0.8741000294685364,1.3971943855285645,20.510774612426758,266.92999267578125,3339.050048828125,5077.02978515625,2503.169921875
2009-06-08,0.866599977016449,1.3902984857559204,20.36505889892578,262.3900146484375,3289.659912109375,5004.72021484375,2468.3701171875
2009-06-09,0.8619999885559082,1.4063313007354736,20.69146728515625,263.0299987792969,3296.72998046875,4997.85986328125,2479.3798828125
2009-06-10,0.8547000288963318,1.3983862400054932,20.55156898498535,266.9599914550781,3315.27001953125,5051.18017578125,2500.93994140625
2009-06-11,0.850600004196167,1.4110939502716064,20.82550621032715,268.1099853515625,3334.93994140625,5107.259765625,2522.330078125
2009-06-12,0.8518999814987183,1.4001091718673706,20.808027267456055,265.4800109863281,3326.139892578125,5069.240234375,2509.219970703125
2009-06-15,0.8458999991416931,1.3784927129745483,19.7996883392334,258.260009765625,3219.580078125,4889.93994140625,2431.39990234375
2009-06-16,0.8434000015258789,1.382991909980774,19.578195571899414,257.010009765625,3213.949951171875,4890.72021484375,2425.969970703125
2009-06-17,0.8503999710083008,1.393805980682373,19.566545486450195,251.22999572753906,3161.139892578125,4799.97998046875,2383.7099609375
2009-06-18,0.8500000238418579,1.3914979696273804,19.677284240722656,253.52000427246094,3194.06005859375,4837.47998046875,2414.43994140625
2009-06-19,0.8436999917030334,1.3947001695632935,19.901342391967773,257.1600036621094,3221.27001953125,4839.4599609375,2434.77001953125
2009-06-22,0.8478999733924866,1.386520266532898,19.278297424316406,249.08999633789062,3123.25,4693.39990234375,2359.280029296875
2009-06-23,0.8560000061988831,1.4072020053863525,19.535903930664062,248.69000244140625,3116.820068359375,4707.14990234375,2353.47998046875
2009-06-24,0.8485000133514404,1.3940973281860352,19.6916561126709,254.6300048828125,3184.760009765625,4836.009765625,2418.4599609375
2009-06-25,0.8540999889373779,1.3985623121261597,20.05710220336914,254.1199951171875,3163.10009765625,4800.56005859375,2402.320068359375
2009-06-26,0.8500000238418579,1.4053035974502563,19.835439682006836,254.42999267578125,3129.72998046875,4776.47021484375,2389.909912109375
2009-06-29,0.8495000004768372,1.408609390258789,20.1529483795166,258.239990234375,3193.679931640625,4885.08984375,2437.719970703125
2009-06-30,0.8525000214576721,1.4038830995559692,19.949260711669922,254.7100067138672,3140.43994140625,4808.64013671875,2401.68994140625
2009-07-01,0.8580999970436096,1.414087176322937,20.284751892089844,260.2900085449219,3217.0,4905.43994140625,2449.72998046875
2009-07-02,0.8537999987602234,1.3957513570785522,19.619770050048828,252.69000244140625,3116.409912109375,4718.490234375,2369.64990234375
2009-07-03,0.8549000024795532,1.3960046768188477,19.619770050048828,253.6999969482422,3119.510009765625,4708.2099609375,2376.47998046875
2009-07-06,0.8587999939918518,1.3977022171020508,19.51194190979004,249.63999938964844,3082.159912109375,4651.81982421875,2343.8798828125
2009-07-07,0.8634999990463257,1.3915947675704956,18.936830520629883,249.0399932861328,3048.570068359375,4598.18994140625,2320.89990234375
2009-07-08,0.8646000027656555,1.3879058361053467,18.78106117248535,244.6300048828125,3009.7099609375,4572.64990234375,2291.330078125
2009-07-09,0.8580999970436096,1.4027999639511108,19.15848159790039,247.11000061035156,3025.93994140625,4630.06982421875,2313.8701171875
2009-07-10,0.859499990940094,1.3933980464935303,18.906869888305664,243.1999969482422,2983.10009765625,4576.31005859375,2281.469970703125
2009-07-13,0.8604999780654907,1.3990123271942139,19.464008331298828,249.7899932861328,3052.080078125,4722.33984375,2345.219970703125
2009-07-14,0.8560000061988831,1.3971552848815918,19.56585693359375,251.91000366210938,3081.8701171875,4781.68994140625,2370.7099609375
2009-07-15,0.8579999804496765,1.4101985692977905,20.464475631713867,260.82000732421875,3171.27001953125,4928.43994140625,2451.02001953125
2009-07-16,0.861299991607666,1.414107084274292,20.71608543395996,263.4800109863281,3199.679931640625,4957.18994140625,2458.969970703125
2009-07-17,0.8623999953269958,1.4104969501495361,20.626224517822266,266.3999938964844,3218.4599609375,4978.39990234375,2469.199951171875
2009-07-20,0.8600000143051147,1.421181321144104,21.045581817626953,269.4800109863281,3270.93994140625,5030.14990234375,2500.68994140625
2009-07-21,0.864799976348877,1.4198495149612427,21.06354331970215,270.67999267578125,3302.889892578125,5093.97021484375,2519.989990234375
2009-07-22,0.8633999824523926,1.4205957651138306,21.195343017578125,271.19000244140625,3305.070068359375,5121.56005859375,2528.85009765625
2009-07-23,0.8574000000953674,1.416330337524414,21.632671356201172,276.1499938964844,3373.719970703125,5247.27978515625,2585.7900390625
2009-07-24,0.864799976348877,1.4212015867233276,21.830364227294922,276.1499938964844,3366.449951171875,5229.35986328125,2582.760009765625
2009-07-27,0.8640999794006348,1.4247043132781982,21.878293991088867,278.1400146484375,3372.360107421875,5251.5498046875,2601.409912109375
2009-07-28,0.8618999719619751,1.4146071672439575,21.75847816467285,274.239990234375,3330.969970703125,5174.740234375,2573.080078125
2009-07-29,0.8569999933242798,1.4014631509780884,21.620677947998047,277.32000732421875,3365.6201171875,5270.31982421875,2600.31005859375
2009-07-30,0.8531000018119812,1.4084903001785278,21.974151611328125,283.82000732421875,3435.489990234375,5360.66015625,2654.739990234375
2009-07-31,0.8532999753952026,1.4260046482086182,22.267690658569336,283.1700134277344,3426.27001953125,5332.14013671875,2638.1298828125
2009-08-03,0.8507999777793884,1.4411921501159668,22.734975814819336,287.489990234375,3477.800048828125,5426.85009765625,2674.070068359375
2009-08-04,0.8503000140190125,1.4419610500335693,22.86676788330078,286.9100036621094,3476.3701171875,5417.02001953125,2670.9599609375
2009-08-05,0.8478999733924866,1.4411712884902954,22.639118194580078,285.239990234375,3458.530029296875,5353.009765625,2643.1298828125
2009-08-06,0.8547999858856201,1.4372979402542114,22.477373123168945,288.1099853515625,3477.830078125,5369.97998046875,2662.010009765625
2009-08-07,0.8495000004768372,1.419103980064392,22.722990036010742,290.5,3521.139892578125,5458.9599609375,2706.219970703125
2009-08-10,0.8574000000953674,1.413107991218567,22.48935890197754,288.6099853515625,3504.5400390625,5418.1201171875,2693.610107421875
2009-08-11,0.8580999970436096,1.4150075912475586,22.261699676513672,284.1700134277344,3456.179931640625,5285.81005859375,2650.93994140625
2009-08-12,0.8610000014305115,1.4217066764831543,22.651098251342773,288.95001220703125,3507.239990234375,5350.08984375,2688.2099609375
2009-08-13,0.8614000082015991,1.4275925159454346,22.89073371887207,290.0199890136719,3524.389892578125,5401.10986328125,2705.739990234375
2009-08-14,0.8590999841690063,1.42069673538208,22.62115478515625,288.0199890136719,3495.27001953125,5309.10986328125,2669.409912109375
2009-08-17,0.8623999953269958,1.4105963706970215,21.704559326171875,282.010009765625,3419.68994140625,5201.60986328125,2603.7900390625
2009-08-18,0.8537999987602234,1.4165109395980835,21.962162017822266,284.4599914550781,3450.68994140625,5250.740234375,2630.60009765625
2009-08-19,0.8605999946594238,1.4253947734832764,22.249727249145508,284.04998779296875,3450.340087890625,5231.97998046875,2622.8798828125
2009-08-20,0.8633999824523926,1.4260046482086182,22.453414916992188,288.1199951171875,3505.320068359375,5311.06005859375,2663.669921875
2009-08-21,0.8680999875068665,1.4320902824401855,23.184280395507812,294.489990234375,3615.81005859375,5462.740234375,2745.6201171875
2009-08-24,0.8711000084877014,1.4293065071105957,23.35202980041504,297.8800048828125,3652.169921875,5519.75,2778.340087890625
2009-08-25,0.8752999901771545,1.4284082651138306,23.627601623535156,300.0299987792969,3680.610107421875,5557.08984375,2801.139892578125
2009-08-26,0.8772000074386597,1.4236294031143188,23.51976776123047,298.6400146484375,3668.340087890625,5521.97021484375,2788.89990234375
2009-08-27,0.8820000290870667,1.4372979402542114,23.831283569335938,296.8999938964844,3648.530029296875,5470.330078125,2777.6201171875
2009-08-28,0.8788999915122986,1.4359976053237915,23.663537979125977,300.20001220703125,3693.139892578125,5517.35009765625,2803.64990234375
2009-08-31,0.880299985408783,1.434267520904541,23.543718338012695,296.2699890136719,3653.5400390625,5464.60986328125,2770.110107421875
2009-09-01,0.8809999823570251,1.4212015867233276,22.71699333190918,291.0,3583.43994140625,5327.2900390625,2715.739990234375
2009-09-02,0.876800000667572,1.4274091720581055,22.74695587158203,289.04998779296875,3573.1298828125,5319.83984375,2703.760009765625
2009-09-03,0.8727999925613403,1.4256386756896973,22.908702850341797,289.010009765625,3553.510009765625,5301.419921875,2699.219970703125
2009-09-04,0.8720999956130981,1.4294085502624512,23.429895401000977,293.1600036621094,3598.760009765625,5384.43017578125,2743.340087890625
2009-09-07,0.8770999908447266,1.4331985712051392,23.429895401000977,298.4100036621094,3652.830078125,5463.509765625,2743.340087890625
2009-09-08,0.8777999877929688,1.4504104852676392,23.819303512573242,300.80999755859375,3660.9599609375,5481.72998046875,2786.25
2009-09-09,0.879800021648407,1.4547992944717407,24.30453872680664,304.25,3707.68994140625,5574.259765625,2820.580078125
2009-09-10,0.8752999901771545,1.4581297636032104,24.48427391052246,305.9700012207031,3705.8701171875,5594.77001953125,2817.5
2009-09-11,0.8743000030517578,1.4580022096633911,24.43635368347168,308.0,3734.889892578125,5624.02001953125,2831.3701171875
2009-09-14,0.8813999891281128,1.4643217325210571,24.616069793701172,306.8999938964844,3730.610107421875,5620.240234375,2829.25
2009-09-15,0.8895000219345093,1.4670931100845337,24.74188804626465,308.3699951171875,3752.2099609375,5628.97998046875,2843.0
2009-09-16,0.8925999999046326,1.4711940288543701,25.257095336914062,312.760009765625,3813.7900390625,5700.259765625,2882.280029296875
2009-09-17,0.8962000012397766,1.4732965230941772,25.107322692871094,313.8800048828125,3835.27001953125,5731.14013671875,2895.449951171875
2009-09-18,0.9041000008583069,1.4716053009033203,25.196788787841797,313.6300048828125,3827.840087890625,5703.830078125,2887.239990234375
2009-09-21,0.9052000045776367,1.468407154083252,24.99262046813965,311.3399963378906,3812.159912109375,5668.64990234375,2872.510009765625
2009-09-22,0.9039000272750854,1.4811961650848389,25.32890510559082,312.7200012207031,3823.52001953125,5709.3798828125,2881.60009765625
2009-09-23,0.9003000259399414,1.4726022481918335,24.99262046813965,313.3599853515625,3821.7900390625,5702.0498046875,2887.239990234375
2009-09-24,0.9182999730110168,1.4650940895080566,24.638328552246094,308.5199890136719,3758.360107421875,5605.2099609375,2838.219970703125
2009-09-25,0.9193000197410583,1.4684934616088867,24.584285736083984,305.6300048828125,3739.139892578125,5581.41015625,2831.949951171875
2009-09-28,0.9203000068664551,1.462159276008606,25.13674545288086,311.8999938964844,3825.0,5736.31005859375,2899.1201171875
2009-09-29,0.9136999845504761,1.4591723680496216,24.98061180114746,312.1199951171875,3814.10009765625,5713.52001953125,2892.43994140625
2009-09-30,0.9156000018119812,1.465502142906189,24.818483352661133,311.3500061035156,3795.409912109375,5675.16015625,2872.6298828125
2009-10-01,0.913100004196167,1.4515894651412964,24.0678653717041,305.739990234375,3720.77001953125,5554.5498046875,2810.4599609375
2009-10-02,0.9186000227928162,1.4590020179748535,23.833667755126953,299.29998779296875,3649.89990234375,5467.89990234375,2760.60009765625
2009-10-05,0.9190999865531921,1.465996265411377,24.308055877685547,301.2200012207031,3675.010009765625,5508.85009765625,2790.780029296875
2009-10-06,0.9243999719619751,1.4721685647964478,24.8785343170166,309.2799987792969,3770.2099609375,5657.64013671875,2865.699951171875
2009-10-07,0.9214000105857849,1.4711507558822632,24.782453536987305,309.2099914550781,3756.409912109375,5640.75,2852.169921875
2009-10-08,0.920199990272522,1.4781310558319092,25.124732971191406,314.760009765625,3806.81005859375,5716.5400390625,2887.610107421875
2009-10-09,0.9279999732971191,1.473405122756958,25.106719970703125,315.54998779296875,3799.610107421875,5711.8798828125,2882.179931640625
2009-10-12,0.9350000023841858,1.4792898893356323,25.412973403930664,320.7099914550781,3845.800048828125,5783.22998046875,2914.35009765625
2009-10-13,0.9316999912261963,1.4846047163009644,25.274864196777344,319.5299987792969,3801.389892578125,5714.31005859375,2879.06005859375
2009-10-14,0.9329000115394592,1.4932059049606323,26.121553421020508,325.4700012207031,3882.669921875,5854.14013671875,2950.820068359375
2009-10-15,0.9153000116348267,1.4955954551696777,26.151578903198242,325.19000244140625,3883.830078125,5830.77001953125,2939.090087890625
2009-10-16,0.9107999801635742,1.4908016920089722,25.5390682220459,322.30999755859375,3827.60009765625,5743.39013671875,2893.530029296875
2009-10-19,0.9120000004768372,1.496490716934204,26.04949188232422,327.0299987792969,3892.360107421875,5852.56005859375,2947.409912109375
2009-10-20,0.9117000102996826,1.4934512376785278,25.80929946899414,324.9200134277344,3871.449951171875,5811.77001953125,2925.080078125
2009-10-21,0.9034000039100647,1.500690221786499,25.79128074645996,325.5,3873.219970703125,5833.490234375,2936.830078125
2009-10-22,0.9041000008583069,1.504189133644104,26.067508697509766,320.69000244140625,3820.85009765625,5762.93017578125,2902.18994140625
2009-10-23,0.9197999835014343,1.5010056495666504,25.665176391601562,320.1400146484375,3808.239990234375,5740.25,2886.080078125
2009-10-26,0.9114999771118164,1.4861712455749512,24.98061180114746,312.6499938964844,3744.449951171875,5642.16015625,2834.820068359375
2009-10-27,0.9035999774932861,1.4817010164260864,24.734405517578125,311.1300048828125,3743.949951171875,5635.02001953125,2835.169921875
2009-10-28,0.8985000252723694,1.4718002080917358,24.05585289001465,303.2900085449219,3663.780029296875,5496.27001953125,2778.4599609375
2009-10-29,0.8956999778747559,1.4840097427368164,24.96259307861328,309.6499938964844,3714.02001953125,5587.4501953125,2824.780029296875
2009-10-30,0.8949000239372253,1.4732965230941772,23.81565284729004,302.3599853515625,3607.68994140625,5414.9599609375,2743.5
2009-11-02,0.9009000062942505,1.4774104356765747,23.941755294799805,302.82000732421875,3639.4599609375,5430.81982421875,2762.949951171875
2009-11-03,0.8967999815940857,1.473101258277893,23.76761245727539,300.1099853515625,3584.25,5353.35009765625,2712.300048828125
2009-11-04,0.8977000117301941,1.4869003295898438,24.181949615478516,305.8800048828125,3670.330078125,5444.22998046875,2763.2900390625
2009-11-05,0.8974000215530396,1.4878073930740356,24.67435646057129,307.8299865722656,3708.72998046875,5480.919921875,2793.43994140625
2009-11-06,0.8934000134468079,1.4848912954330444,24.548261642456055,307.1400146484375,3707.2900390625,5488.25,2794.25
2009-11-09,0.8939999938011169,1.5008028745651245,25.47301483154297,314.4599914550781,3785.489990234375,5619.72021484375,2860.110107421875
2009-11-10,0.8953999876976013,1.4989807605743408,25.400955200195312,313.260009765625,3785.590087890625,5613.2001953125,2856.43994140625
2009-11-11,0.9034000039100647,1.4983967542648315,25.569093704223633,317.9700012207031,3814.389892578125,5668.35009765625,2881.010009765625
2009-11-12,0.8956999778747559,1.4856854677200317,25.154756546020508,317.05999755859375,3808.070068359375,5663.9599609375,2876.919921875
2009-11-13,0.8934999704360962,1.490890622138977,25.599124908447266,317.3699951171875,3806.010009765625,5686.830078125,2883.0400390625
2009-11-16,0.8896999955177307,1.498374342918396,25.899364471435547,322.1600036621094,3863.159912109375,5804.81982421875,2926.14990234375
2009-11-17,0.8841999769210815,1.4876967668533325,25.737239837646484,321.0799865722656,3829.06005859375,5778.43017578125,2906.919921875
2009-11-18,0.8931999802589417,1.495394229888916,25.845325469970703,319.4200134277344,3828.159912109375,5787.60986328125,2908.530029296875
2009-11-19,0.8955000042915344,1.4916245937347412,25.4429988861084,313.30999755859375,3760.219970703125,5702.18017578125,2860.2900390625
2009-11-20,0.8989999890327454,1.4863920211791992,25.022647857666016,310.0299987792969,3729.360107421875,5663.14990234375,2833.06005859375
2009-11-23,0.9006999731063843,1.496199607849121,25.623138427734375,317.0400085449219,3813.169921875,5801.47998046875,2898.18994140625
2009-11-24,0.9023000001907349,1.496669888496399,25.68319320678711,315.8599853515625,3784.6201171875,5769.31005859375,2877.580078125
2009-11-25,0.9053000211715698,1.5127906799316406,26.079524993896484,318.239990234375,3809.159912109375,5803.02001953125,2896.89990234375
2009-11-26,0.9110000133514404,1.4972974061965942,26.079524993896484,306.7200012207031,3679.22998046875,5614.169921875,2799.43994140625
2009-11-27,0.9077000021934509,1.4990930557250977,25.010635375976562,309.5199890136719,3721.449951171875,5685.60986328125,2831.139892578125
2009-11-30,0.9135000109672546,1.5038950443267822,25.04067039489746,305.8999938964844,3680.14990234375,5625.9501953125,2797.25
2009-12-01,0.9075000286102295,1.5090012550354004,25.70720672607422,315.44000244140625,3775.739990234375,5776.60986328125,2871.75
2009-12-02,0.9045000076293945,1.5069773197174072,25.80929946899414,316.44000244140625,3795.919921875,5781.68017578125,2877.93994140625
2009-12-03,0.909500002861023,1.506545901298523,25.55708885192871,317.6099853515625,3799.110107421875,5770.35009765625,2876.139892578125
2009-12-04,0.901199996471405,1.485707402229309,25.5631046295166,321.1300048828125,3846.6201171875,5817.64990234375,2910.330078125
2009-12-07,0.901199996471405,1.4841198921203613,25.40696907043457,320.25,3840.050048828125,5784.75,2896.22998046875
2009-12-08,0.90420001745224,1.4697020053863525,24.800472259521484,315.42999267578125,3785.300048828125,5688.580078125,2849.169921875
2009-12-09,0.9049999713897705,1.4737958908081055,24.66836166381836,312.8800048828125,3757.389892578125,5647.83984375,2818.10009765625
2009-12-10,0.9046000242233276,1.4729492664337158,24.830490112304688,317.69000244140625,3798.3798828125,5709.02001953125,2851.2900390625
2009-12-11,0.8991000056266785,1.4619027376174927,24.944583892822266,320.1400146484375,3803.719970703125,5756.2900390625,2862.320068359375
2009-12-14,0.8984000086784363,1.4656953811645508,25.094722747802734,322.510009765625,3830.43994140625,5802.259765625,2885.0
2009-12-15,0.8937000036239624,1.4542070627212524,24.848499298095703,325.19000244140625,3834.090087890625,5811.33984375,2888.580078125
2009-12-16,0.8894000053405762,1.452601671218872,25.274864196777344,328.6099853515625,3875.820068359375,5903.43017578125,2926.52001953125
2009-12-17,0.887499988079071,1.4346996545791626,24.572263717651367,326.67999267578125,3830.820068359375,5844.43994140625,2891.659912109375
2009-12-18,0.886900007724762,1.4349054098129272,24.51190185546875,324.6300048828125,3794.43994140625,5831.2099609375,2871.219970703125
2009-12-21,0.8896999955177307,1.428673505783081,24.89225959777832,330.510009765625,3872.06005859375,5930.52978515625,2926.050048828125
2009-12-22,0.8925999999046326,1.4254355430603027,25.031110763549805,332.4800109863281,3898.3798828125,5945.68994140625,2945.7099609375
2009-12-23,0.8977000117301941,1.4336096048355103,25.32695770263672,332.8299865722656,3910.75,5957.43994140625,2957.47998046875
2009-12-24,0.9002000093460083,1.4384970664978027,25.3994083404541,333.6000061035156,3912.72998046875,5957.43994140625,2957.47998046875
2009-12-25,0.8996000289916992,1.4399055242538452,25.3994083404541,333.6000061035156,3912.72998046875,5957.43994140625,2957.47998046875
2009-12-28,0.8981999754905701,1.437504529953003,25.592609405517578,336.1099853515625,3947.14990234375,6002.919921875,2982.419921875
2009-12-29,0.9016000032424927,1.434308648109436,25.592609405517578,337.2799987792969,3959.97998046875,6011.5498046875,2992.080078125
2009-12-30,0.8920000195503235,1.4342057704925537,25.339033126831055,335.1400146484375,3935.5,5957.43017578125,2966.239990234375
2009-12-31,0.8859000205993652,1.4327058792114258,25.043195724487305,335.3299865722656,3936.330078125,5957.43017578125,2966.239990234375
2010-01-01,0.8895000219345093,1.4389938116073608,25.043195724487305,335.3299865722656,3936.330078125,5957.43017578125,2966.239990234375
2010-01-04,0.8952000141143799,1.4423978328704834,25.9005069732666,343.0299987792969,4013.969970703125,6048.2998046875,3017.800048828125
2010-01-05,0.8981999754905701,1.4365959167480469,25.77975082397461,342.0199890136719,4012.909912109375,6031.85986328125,3012.360107421875
2010-01-06,0.8988000154495239,1.4404033422470093,25.7435359954834,341.4800109863281,4017.669921875,6034.330078125,3009.659912109375
2010-01-07,0.8985000252723694,1.4318032264709473,25.665042877197266,340.54998779296875,4024.800048828125,6019.35986328125,3007.340087890625
2010-01-08,0.8934999704360962,1.44110906124115,25.864290237426758,341.94000244140625,4045.139892578125,6037.60986328125,3017.85009765625
2010-01-11,0.9003999829292297,1.4511260986328125,26.02125358581543,340.5199890136719,4043.090087890625,6040.5,3010.239990234375
2010-01-12,0.8962000012397766,1.447659969329834,25.568452835083008,336.7699890136719,4000.050048828125,5943.0,2976.889892578125
2010-01-13,0.891700029373169,1.4523905515670776,25.8099422454834,338.17999267578125,4000.860107421875,5963.14013671875,2978.409912109375
2010-01-14,0.8873999714851379,1.4499897956848145,25.924657821655273,340.6099853515625,4015.77001953125,5988.8798828125,2989.7099609375
2010-01-15,0.8830000162124634,1.4390974044799805,25.13375473022461,337.989990234375,3954.3798828125,5875.97021484375,2940.25
2010-01-18,0.8808000087738037,1.4406731128692627,25.13375473022461,339.0299987792969,3977.4599609375,5918.5498046875,2957.8701171875
2010-01-19,0.8726000189781189,1.4281021356582642,25.43562889099121,341.6099853515625,4009.669921875,5976.47998046875,2984.820068359375
2010-01-20,0.8654000163078308,1.4110342264175415,24.584352493286133,336.29998779296875,3928.949951171875,5851.52978515625,2914.60009765625
2010-01-21,0.8698999881744385,1.4097015857696533,23.739112854003906,332.1700134277344,3862.159912109375,5746.97021484375,2863.25
2010-01-22,0.8772000074386597,1.414107084274292,23.364795684814453,329.4800109863281,3820.780029296875,5695.31982421875,2836.800048828125
2010-01-25,0.8705999851226807,1.4150075912475586,23.527795791625977,328.510009765625,3781.85009765625,5631.3701171875,2807.300048828125
2010-01-26,0.871999979019165,1.4082324504852295,23.467424392700195,329.6499938964844,3807.0400390625,5668.93017578125,2827.739990234375
2010-01-27,0.8669999837875366,1.4030951261520386,23.41912841796875,327.260009765625,3759.800048828125,5643.2001953125,2787.39990234375
2010-01-28,0.8650000095367432,1.3968042135238647,22.869731903076172,323.95001220703125,3688.7900390625,5540.330078125,2737.330078125
2010-01-29,0.8669999837875366,1.3866932392120361,22.60407829284668,327.8999938964844,3739.4599609375,5608.7900390625,2776.830078125
2010-02-01,0.8729000091552734,1.3926994800567627,23.189716339111328,331.30999755859375,3762.010009765625,5654.47998046875,2793.2900390625
2010-02-02,0.8736000061035156,1.3976240158081055,23.624406814575195,334.0400085449219,3812.1298828125,5709.66015625,2830.010009765625
2010-02-03,0.8730999827384949,1.3901052474975586,23.310455322265625,333.0299987792969,3793.469970703125,5672.08984375,2804.610107421875
2010-02-04,0.871399998664856,1.3744947910308838,21.927894592285156,323.2300109863281,3689.25,5533.240234375,2707.449951171875
2010-02-05,0.8734999895095825,1.368007779121399,21.547523498535156,315.0400085449219,3563.760009765625,5434.33984375,2631.639892578125
2010-02-08,0.8766000270843506,1.3654673099517822,21.35433578491211,316.5,3607.27001953125,5484.85009765625,2664.2900390625
2010-02-09,0.878000020980835,1.378207802772522,22.235801696777344,317.05999755859375,3612.760009765625,5498.259765625,2668.429931640625
2010-02-10,0.8806999921798706,1.3753266334533691,22.05467987060547,316.1000061035156,3635.610107421875,5536.3701171875,2700.169921875
2010-02-11,0.8715999722480774,1.3681762218475342,21.964113235473633,316.79998779296875,3616.75,5503.93017578125,2680.25
2010-02-12,0.8659999966621399,1.363493800163269,21.758840560913086,315.739990234375,3599.070068359375,5500.39013671875,2674.4599609375
2010-02-15,0.867900013923645,1.3603036403656006,21.758840560913086,315.8599853515625,3609.219970703125,5511.10009765625,2683.830078125
2010-02-16,0.8715999722480774,1.3767088651657104,22.43503189086914,318.8399963378906,3669.0400390625,5592.1201171875,2720.77001953125
2010-02-17,0.8676000237464905,1.3606922626495361,22.380695343017578,323.1300048828125,3725.2099609375,5648.33984375,2762.25
2010-02-18,0.8726999759674072,1.3461486101150513,22.573890686035156,324.29998779296875,3747.830078125,5680.41015625,2778.300048828125
2010-02-19,0.8790000081062317,1.3615074157714844,22.507478713989258,325.6000061035156,3769.5400390625,5722.0498046875,2793.3701171875
2010-02-22,0.8779000043869019,1.3605626821517944,22.441062927246094,325.1199951171875,3756.699951171875,5688.43994140625,2778.1201171875
2010-02-23,0.8754000067710876,1.3527040481567383,21.891664505004883,320.989990234375,3707.06005859375,5604.06982421875,2730.570068359375
2010-02-24,0.8781999945640564,1.354316234588623,22.066753387451172,320.9200134277344,3715.679931640625,5615.509765625,2734.949951171875
2010-02-25,0.8878999948501587,1.3536012172698975,21.831287384033203,314.8500061035156,3640.77001953125,5532.330078125,2684.419921875
2010-02-26,0.8920999765396118,1.3631035089492798,22.102975845336914,317.739990234375,3708.800048828125,5598.4599609375,2728.469970703125
2010-03-01,0.9053999781608582,1.356208086013794,22.47728729248047,324.3699951171875,3769.5400390625,5713.509765625,2772.699951171875
2010-03-02,0.9063000082969666,1.3620638847351074,22.525590896606445,328.239990234375,3811.919921875,5776.56005859375,2796.330078125
2010-03-03,0.9072499871253967,1.3701633214950562,22.821420669555664,331.8599853515625,3842.52001953125,5817.8798828125,2822.590087890625
2010-03-04,0.9032999873161316,1.3584003448486328,22.748973846435547,332.45001220703125,3828.409912109375,5795.31982421875,2816.10009765625
2010-03-05,0.8967999815940857,1.3628991842269897,23.35875701904297,338.67999267578125,3910.419921875,5877.35986328125,2877.43994140625
2010-03-08,0.9049999713897705,1.3616927862167358,23.41912841796875,338.1700134277344,3903.5400390625,5875.91015625,2879.2900390625
2010-03-09,0.906000018119812,1.3606922626495361,23.2681941986084,339.0899963378906,3910.010009765625,5885.89013671875,2880.7099609375
2010-03-10,0.911300003528595,1.3643310070037842,23.539880752563477,340.9700012207031,3943.550048828125,5936.72021484375,2909.39990234375
2010-03-11,0.9079999923706055,1.3685319423675537,23.570066452026367,339.0199890136719,3928.949951171875,5928.6298828125,2895.739990234375
2010-03-12,0.9050999879837036,1.376993179321289,23.648544311523438,339.57000732421875,3927.39990234375,5945.10986328125,2898.360107421875
2010-03-15,0.9083999991416931,1.3677457571029663,23.473468780517578,335.1099853515625,3890.909912109375,5903.56005859375,2870.550048828125
2010-03-16,0.9035999774932861,1.3768794536590576,23.81760025024414,339.260009765625,3938.949951171875,5970.990234375,2905.929931640625
2010-03-17,0.8967999815940857,1.3738338947296143,23.92627716064453,343.05999755859375,3957.889892578125,6024.27978515625,2931.31005859375
2010-03-18,0.8924400210380554,1.361396312713623,23.690811157226562,341.95001220703125,3938.179931640625,6012.31005859375,2913.739990234375
2010-03-19,0.9009000062942505,1.353692889213562,23.333547592163086,338.6499938964844,3925.43994140625,5982.43017578125,2897.949951171875
2010-03-22,0.8978000283241272,1.356704831123352,23.363780975341797,338.1300048828125,3928.0,5987.5,2890.75
2010-03-23,0.8963000178337097,1.3468012809753418,23.460508346557617,341.510009765625,3952.550048828125,6017.27001953125,2910.52001953125
2010-03-24,0.894599974155426,1.3331022262573242,23.061532974243164,341.739990234375,3949.81005859375,6039.0,2903.93994140625
2010-03-25,0.8960000276565552,1.3307074308395386,23.146162033081055,345.6099853515625,4000.47998046875,6132.9501953125,2948.090087890625
2010-03-26,0.8997899889945984,1.3410038948059082,23.412147521972656,343.80999755859375,3988.929931640625,6120.0498046875,2940.93994140625
2010-03-29,0.8996999859809875,1.3481086492538452,23.629764556884766,343.9599914550781,4000.659912109375,6156.85009765625,2947.489990234375
2010-03-30,0.8902000188827515,1.3424079418182373,23.50885581970215,343.6000061035156,3987.409912109375,6142.4501953125,2939.679931640625
2010-03-31,0.8895000219345093,1.3508037328720093,23.514904022216797,344.2200012207031,3974.010009765625,6153.5498046875,2931.159912109375
2010-04-01,0.8881000280380249,1.3584003448486328,24.083126068115234,351.44000244140625,4034.22998046875,6235.56005859375,2978.5
2010-04-02,0.8877000212669373,1.3504936695098877,24.083126068115234,351.44000244140625,4034.22998046875,6235.56005859375,2978.5
2010-04-05,0.881600022315979,1.34890878200531,24.077085494995117,351.44000244140625,4034.22998046875,6235.56005859375,2978.5
2010-04-06,0.8774499893188477,1.3401951789855957,23.865522384643555,355.6099853515625,4053.93994140625,6252.2099609375,2989.489990234375
2010-04-07,0.8755000233650208,1.3348461389541626,23.520950317382812,353.8900146484375,4026.969970703125,6222.41015625,2974.6201171875
2010-04-08,0.8740000128746033,1.336112380027771,23.436321258544922,350.8900146484375,3978.4599609375,6171.830078125,2942.31005859375
2010-04-09,0.8770999908447266,1.3500925302505493,23.98036766052246,355.8900146484375,4050.5400390625,6249.7001953125,2993.5400390625
2010-04-12,0.8841000199317932,1.3596007823944092,24.282617568969727,355.3399963378906,4050.5,6250.68994140625,3002.22998046875
2010-04-13,0.8849999904632568,1.3608589172363281,24.246349334716797,354.42999267578125,4031.989990234375,6230.830078125,2988.239990234375
2010-04-14,0.8823999762535095,1.3655978441238403,24.512319564819336,356.6700134277344,4057.699951171875,6278.39990234375,3008.030029296875
2010-04-15,0.8774999976158142,1.3574045896530151,24.3853816986084,355.57000732421875,4065.64990234375,6291.4501953125,3012.64990234375
2010-04-16,0.8790000081062317,1.3504024744033813,23.73252296447754,349.75,3986.6298828125,6180.89990234375,2949.64990234375
2010-04-19,0.8794599771499634,1.348726749420166,23.696252822875977,348.57000732421875,3970.469970703125,6162.43994140625,2940.18994140625
2010-04-20,0.8743000030517578,1.343508243560791,23.84133529663086,354.8599853515625,4026.64990234375,6264.22998046875,2983.909912109375
2010-04-21,0.8684999942779541,1.3389928340911865,23.490720748901367,353.6600036621094,3977.669921875,6230.3798828125,2947.639892578125
2010-04-22,0.8629999756813049,1.3269991874694824,23.134075164794922,351.30999755859375,3924.64990234375,6168.72021484375,2897.590087890625
2010-04-23,0.8701000213623047,1.338401436805725,23.31541633605957,353.3800048828125,3951.300048828125,6259.52978515625,2918.110107421875
2010-04-26,0.8664000034332275,1.3401232957839966,23.34564971923828,357.42999267578125,3997.389892578125,6332.10009765625,2947.0400390625
2010-04-27,0.8637199997901917,1.3170719146728516,21.979476928710938,349.1199951171875,3844.60009765625,6159.509765625,2838.780029296875
2010-04-28,0.8689000010490417,1.321283221244812,21.900901794433594,344.54998779296875,3787.0,6084.33984375,2788.5400390625
2010-04-29,0.8636000156402588,1.3262951374053955,22.293827056884766,348.4599914550781,3840.6201171875,6144.91015625,2828.1201171875
2010-04-30,0.8690000176429749,1.3298048973083496,22.160825729370117,345.9100036621094,3816.989990234375,6135.7001953125,2816.860107421875
2010-05-03,0.8654999732971191,1.3199926614761353,22.2696533203125,346.94000244140625,3828.4599609375,6166.919921875,2816.5
2010-05-04,0.8568999767303467,1.2963947057724,21.04251480102539,335.8599853515625,3689.2900390625,6006.85986328125,2708.1201171875
2010-05-05,0.8485000133514404,1.2814927101135254,20.516605377197266,330.7799987792969,3636.030029296875,5958.4501953125,2679.300048828125
2010-05-06,0.849399983882904,1.263296127319336,19.52522850036621,326.19000244140625,3556.110107421875,5908.259765625,2611.409912109375
2010-05-07,0.859499990940094,1.2756078243255615,19.144397735595703,312.3500061035156,3392.590087890625,5715.08984375,2500.179931640625
2010-05-10,0.8598999977111816,1.2779226303100586,21.217823028564453,335.239990234375,3720.2900390625,6017.91015625,2758.889892578125
2010-05-11,0.8461999893188477,1.2629930973052979,20.873260498046875,333.4800109863281,3693.199951171875,6037.7099609375,2730.47998046875
2010-05-12,0.8517000079154968,1.2639029026031494,21.15132713317871,336.8999938964844,3733.8701171875,6183.490234375,2764.31005859375
2010-05-13,0.8579999804496765,1.2541072368621826,20.697954177856445,337.79998779296875,3731.5400390625,6251.97021484375,2764.31005859375
2010-05-14,0.8501999974250793,1.2360023260116577,19.80329704284668,327.239990234375,3560.360107421875,6056.7099609375,2633.919921875
2010-05-17,0.8557000160217285,1.2392956018447876,19.857694625854492,326.57000732421875,3543.550048828125,6066.919921875,2635.340087890625
2010-05-18,0.8515999913215637,1.217893362045288,19.555448532104492,331.0,3617.320068359375,6155.93017578125,2698.2099609375
2010-05-19,0.8596400022506714,1.2393416166305542,19.809341430664062,321.45001220703125,3511.669921875,5988.669921875,2619.47998046875
2010-05-20,0.8700000047683716,1.2478941679000854,19.150442123413086,314.8599853515625,3432.52001953125,5867.8798828125,2569.580078125
2010-05-21,0.8679999709129333,1.2567076683044434,19.736801147460938,313.4100036621094,3430.739990234375,5829.25,2574.179931640625
2010-05-24,0.8567000031471252,1.234994888305664,18.999319076538086,313.57000732421875,3430.929931640625,5805.68017578125,2574.179931640625
2010-05-25,0.8564000129699707,1.2345983982086182,19.005367279052734,305.0299987792969,3331.2900390625,5670.0400390625,2488.5
2010-05-26,0.8461999893188477,1.217300295829773,18.479454040527344,312.0,3408.590087890625,5758.02001953125,2530.340087890625
2010-05-27,0.8479999899864197,1.2347966432571411,19.893972396850586,321.1600036621094,3525.31005859375,5937.14013671875,2619.360107421875
2010-05-28,0.8489999771118164,1.227400541305542,19.476869583129883,320.6400146484375,3515.06005859375,5946.18017578125,2614.06005859375
2010-05-31,0.8460000157356262,1.2287880182266235,19.476869583129883,320.70001220703125,3507.56005859375,5964.330078125,2610.260009765625
2010-06-01,0.833899974822998,1.2233014106750488,19.132308959960938,321.2099914550781,3503.080078125,5981.27001953125,2606.580078125
2010-06-02,0.8352000117301941,1.223900318145752,19.670312881469727,322.55999755859375,3501.5,5981.2001953125,2601.97998046875
2010-06-03,0.8314999938011169,1.216944694519043,19.519187927246094,327.0299987792969,3557.340087890625,6054.6298828125,2634.159912109375
2010-06-04,0.8264999985694885,1.1971030235290527,18.328330993652344,321.2200012207031,3455.610107421875,5938.8798828125,2553.590087890625
2010-06-07,0.8234999775886536,1.1922929286956787,18.140932083129883,317.5400085449219,3413.719970703125,5904.9501953125,2529.969970703125
2010-06-08,0.8281999826431274,1.197203278541565,18.425045013427734,314.8299865722656,3380.360107421875,5868.5498046875,2510.840087890625
2010-06-09,0.8241199851036072,1.1991989612579346,18.35855484008789,320.6300048828125,3446.77001953125,5984.75,2556.679931640625
2010-06-10,0.8230000138282776,1.2109030485153198,19.343881607055664,325.4200134277344,3516.639892578125,6056.58984375,2608.739990234375
2010-06-11,0.8309999704360962,1.2114017009735107,19.561500549316406,325.55999755859375,3555.52001953125,6047.830078125,2638.31005859375
2010-06-14,0.8288999795913696,1.2218068838119507,19.779123306274414,331.45001220703125,3626.0400390625,6125.0,2683.4599609375
2010-06-15,0.8321999907493591,1.2319064140319824,20.697954177856445,333.82000732421875,3661.510009765625,6175.0498046875,2716.300048828125
2010-06-16,0.8352000117301941,1.2311935424804688,20.49846839904785,334.760009765625,3675.929931640625,6190.91015625,2718.72998046875
2010-06-17,0.8356000185012817,1.238206148147583,20.631458282470703,335.260009765625,3683.080078125,6223.5400390625,2728.1201171875
2010-06-18,0.8345000147819519,1.2392956018447876,20.670528411865234,336.05999755859375,3687.2099609375,6216.97998046875,2737.02001953125
2010-06-21,0.8342000246047974,1.2316029071807861,20.534090042114258,341.0400085449219,3736.14990234375,6292.97021484375,2768.27001953125
2010-06-22,0.8278999924659729,1.2275059223175049,20.267417907714844,339.79998779296875,3705.320068359375,6269.0400390625,2745.969970703125
2010-06-23,0.8227999806404114,1.2319064140319824,20.3852481842041,335.1099853515625,3641.7900390625,6204.52001953125,2704.800048828125
2010-06-24,0.8260999917984009,1.2337453365325928,19.85809898376465,329.2200012207031,3555.360107421875,6115.47998046875,2645.320068359375
2010-06-25,0.8198000192642212,1.2373021841049194,19.994539260864258,325.989990234375,3519.72998046875,6070.60009765625,2629.25
2010-06-28,0.8127999901771545,1.2277017831802368,19.882904052734375,330.4599914550781,3576.449951171875,6157.22021484375,2668.669921875
2010-06-29,0.8094000220298767,1.2186353206634521,18.983644485473633,319.0299987792969,3432.989990234375,5952.02978515625,2556.340087890625
2010-06-30,0.8181999921798706,1.223002314567566,18.958837509155273,316.80999755859375,3442.889892578125,5965.52001953125,2573.320068359375
2010-07-01,0.8245000243186951,1.2507504224777222,19.33714485168457,307.8699951171875,3339.89990234375,5857.43017578125,2518.64990234375
2010-07-02,0.8253999948501587,1.257102608680725,19.1448917388916,308.20001220703125,3348.3701171875,5834.14990234375,2522.360107421875
2010-07-05,0.8284000158309937,1.2536983489990234,19.1448917388916,306.2699890136719,3332.4599609375,5816.2001953125,2507.830078125
2010-07-06,0.8331999778747559,1.262403130531311,19.690654754638672,314.42999267578125,3423.360107421875,5940.97998046875,2578.68994140625
2010-07-07,0.832099974155426,1.2633121013641357,20.62091636657715,317.55999755859375,3483.43994140625,5992.85986328125,2634.389892578125
2010-07-08,0.8374000191688538,1.2694060802459717,20.782161712646484,322.6199951171875,3538.25,6035.66015625,2666.419921875
2010-07-09,0.8352000117301941,1.2643983364105225,20.862775802612305,324.4200134277344,3554.47998046875,6065.240234375,2681.199951171875
2010-07-12,0.8377000093460083,1.2590018510818481,20.757347106933594,326.55999755859375,3567.659912109375,6077.18994140625,2686.090087890625
2010-07-13,0.8377000093460083,1.2720866203308105,21.24729347229004,333.760009765625,3637.760009765625,6191.1298828125,2737.590087890625
2010-07-14,0.8342000246047974,1.274047613143921,21.296911239624023,335.0299987792969,3632.97998046875,6209.759765625,2738.9599609375
2010-07-15,0.8371000289916992,1.2928582429885864,21.45195960998535,329.760009765625,3581.820068359375,6149.35986328125,2702.81005859375
2010-07-16,0.8431000113487244,1.2931926250457764,20.775955200195312,323.989990234375,3500.159912109375,6040.27001953125,2645.610107421875
2010-07-19,0.8494399785995483,1.2939456701278687,20.974422454833984,322.0,3486.330078125,6009.10986328125,2634.60009765625
2010-07-20,0.843209981918335,1.289307713508606,20.89379119873047,320.4599914550781,3468.02001953125,5967.490234375,2627.280029296875
2010-07-21,0.8406999707221985,1.276796817779541,20.3852481842041,326.3599853515625,3493.919921875,5990.3798828125,2639.52001953125
2010-07-22,0.8446000218391418,1.2903059720993042,21.296911239624023,335.20001220703125,3600.570068359375,6142.14990234375,2714.2099609375
2010-07-23,0.8367000222206116,1.291305661201477,21.563583374023438,337.1400146484375,3607.050048828125,6166.33984375,2719.1298828125
2010-07-26,0.838699996471405,1.299899935722351,21.824058532714844,337.82000732421875,3636.179931640625,6194.2099609375,2743.1201171875
2010-07-27,0.833299994468689,1.2990893125534058,22.01631736755371,338.0799865722656,3666.39990234375,6207.31005859375,2769.31005859375
2010-07-28,0.8331000208854675,1.2992243766784668,21.898487091064453,335.0299987792969,3670.360107421875,6178.93994140625,2766.110107421875
2010-07-29,0.8377000093460083,1.307805061340332,21.954309463500977,332.1300048828125,3651.909912109375,6134.7001953125,2752.929931640625
2010-07-30,0.8310400247573853,1.3039000034332275,21.830265045166016,330.6400146484375,3643.139892578125,6147.97021484375,2742.139892578125
2010-08-02,0.8288000226020813,1.3175925016403198,22.779130935668945,339.6600036621094,3752.030029296875,6292.1298828125,2822.169921875
2010-08-03,0.8292499780654907,1.3225064277648926,22.723312377929688,339.0,3747.510009765625,6307.91015625,2818.969970703125
2010-08-04,0.8292999863624573,1.3225064277648926,22.797733306884766,339.20001220703125,3760.719970703125,6331.330078125,2825.080078125
2010-08-05,0.8278999924659729,1.3158068656921387,22.785343170166016,336.57000732421875,3764.18994140625,6333.580078125,2819.340087890625
2010-08-06,0.829200029373169,1.3181308507919312,22.74192237854004,331.19000244140625,3716.050048828125,6259.6298828125,2779.340087890625
2010-08-09,0.8314999938011169,1.3285682201385498,22.841148376464844,335.8900146484375,3777.3701171875,6351.60009765625,2827.27001953125
2010-08-10,0.8317000269889832,1.3229963779449463,22.710912704467773,333.1400146484375,3730.580078125,6286.25,2800.02001953125
2010-08-11,0.8313999772071838,1.3184958696365356,21.365123748779297,324.989990234375,3628.2900390625,6154.06982421875,2724.159912109375
2010-08-12,0.8215600252151489,1.284406065940857,21.296911239624023,324.1199951171875,3621.070068359375,6135.169921875,2720.85009765625
2010-08-13,0.8227999806404114,1.2829889059066772,21.024036407470703,323.9200134277344,3610.909912109375,6110.41015625,2708.72998046875
2010-08-16,0.8184000253677368,1.277090311050415,21.123258590698242,323.1400146484375,3597.60009765625,6110.56982421875,2698.2900390625
2010-08-17,0.8188999891281128,1.2811970710754395,21.4953670501709,328.45001220703125,3663.1298828125,6206.39990234375,2737.68994140625
2010-08-18,0.8266100287437439,1.2879958152770996,21.4643611907959,327.6700134277344,3647.929931640625,6186.31005859375,2728.659912109375
2010-08-19,0.8238000273704529,1.28564453125,20.912410736083984,322.3699951171875,3572.39990234375,6075.1298828125,2675.02001953125
2010-08-20,0.8220999836921692,1.2808033227920532,20.57130241394043,318.0199890136719,3526.1201171875,6005.16015625,2643.97998046875
2010-08-23,0.8173999786376953,1.2710033655166626,20.515483856201172,318.5400085449219,3553.22998046875,6010.91015625,2660.840087890625
2010-08-24,0.8154199719429016,1.2635036706924438,20.143375396728516,313.3900146484375,3491.110107421875,5935.43994140625,2614.5400390625
2010-08-25,0.819920003414154,1.263296127319336,20.143375396728516,311.7200012207031,3450.18994140625,5899.5,2587.39990234375
2010-08-26,0.8184999823570251,1.26639986038208,20.081363677978516,314.2200012207031,3475.030029296875,5912.580078125,2606.889892578125
2010-08-27,0.8187000155448914,1.2706480026245117,20.583709716796875,317.0400085449219,3507.43994140625,5951.169921875,2630.35009765625
2010-08-30,0.8209999799728394,1.2753963470458984,20.130971908569336,315.54998779296875,3487.010009765625,5912.41015625,2616.570068359375
2010-08-31,0.8187000155448914,1.266592264175415,20.205394744873047,316.4700012207031,3490.7900390625,5925.22021484375,2622.949951171875
2010-09-01,0.8263000249862671,1.268729567527771,21.123258590698242,325.5199890136719,3623.840087890625,6083.89990234375,2715.27001953125
2010-09-02,0.8285999894142151,1.2802950143814087,21.396137237548828,326.57000732421875,3631.429931640625,6083.85009765625,2715.18994140625
2010-09-03,0.8327000141143799,1.2825939655303955,21.712417602539062,329.3500061035156,3672.199951171875,6134.6201171875,2746.22998046875
2010-09-06,0.8342999815940857,1.28940749168396,21.712417602539062,330.5299987792969,3684.72998046875,6155.0400390625,2753.60009765625
2010-09-07,0.8356000185012817,1.2868356704711914,21.067445755004883,327.760009765625,3643.81005859375,6117.89013671875,2727.159912109375
2010-09-08,0.8258000016212463,1.2677966356277466,21.265899658203125,331.42999267578125,3677.2099609375,6164.43994140625,2752.889892578125
2010-09-09,0.8226000070571899,1.2732040882110596,21.476757049560547,334.5899963378906,3722.14990234375,6221.52001953125,2782.429931640625
2010-09-10,0.8226100206375122,1.269309401512146,21.60079002380371,334.9599914550781,3725.820068359375,6214.77001953125,2780.39990234375
2010-09-13,0.8272500038146973,1.2716983556747437,22.084535598754883,337.2699890136719,3767.14990234375,6261.68017578125,2805.06005859375
2010-09-14,0.8340799808502197,1.2872000932693481,22.301593780517578,336.7300109863281,3774.39990234375,6275.41015625,2806.469970703125
2010-09-15,0.8360000252723694,1.2991737127304077,22.27678108215332,335.8599853515625,3755.639892578125,6261.8701171875,2794.360107421875
2010-09-16,0.83228999376297,1.3015071153640747,22.33260154724121,334.6700134277344,3736.300048828125,6249.64990234375,2784.610107421875
2010-09-17,0.8366000056266785,1.3075997829437256,22.029361724853516,334.5400085449219,3722.02001953125,6209.759765625,2757.3701171875
2010-09-20,0.8335999846458435,1.3043931722640991,22.433271408081055,339.80999755859375,3788.010009765625,6294.580078125,2802.669921875
2010-09-21,0.8402000069618225,1.3066941499710083,22.569997787475586,338.94000244140625,3784.39990234375,6275.97998046875,2794.550048828125
2010-09-22,0.8486999869346619,1.3256973028182983,22.557558059692383,334.3500061035156,3735.050048828125,6208.330078125,2752.77001953125
2010-09-23,0.8559600114822388,1.3391003608703613,22.1287841796875,332.82000732421875,3710.610107421875,6184.7099609375,2738.610107421875
2010-09-24,0.8493300080299377,1.331912636756897,23.09198760986328,337.8500061035156,3782.47998046875,6298.2998046875,2792.75
2010-09-27,0.8513000011444092,1.3479087352752686,22.799911499023438,337.1700134277344,3766.159912109375,6278.89013671875,2776.330078125
2010-09-28,0.8496000170707703,1.3439054489135742,23.085769653320312,338.1700134277344,3762.35009765625,6276.08984375,2774.6201171875
2010-09-29,0.8585000038146973,1.3570915460586548,22.87449073791504,335.8500061035156,3737.1201171875,6246.919921875,2752.7099609375
2010-09-30,0.862559974193573,1.3628062009811401,22.812349319458008,334.3900146484375,3715.179931640625,6229.02001953125,2747.89990234375
2010-10-01,0.866599977016449,1.3622123003005981,23.017412185668945,333.7799987792969,3692.090087890625,6211.33984375,2732.909912109375
2010-10-04,0.8709800243377686,1.377695083618164,22.53891944885254,330.3999938964844,3649.81005859375,6134.2099609375,2701.02001953125
2010-10-05,0.8641700148582458,1.367409110069275,23.458620071411133,335.0299987792969,3731.929931640625,6215.830078125,2758.56005859375
2010-10-06,0.8705499768257141,1.3833937644958496,23.601551055908203,336.9700012207031,3764.909912109375,6270.72998046875,2780.0
2010-10-07,0.8775500059127808,1.3920016288757324,23.645044326782227,337.6700134277344,3770.469970703125,6276.25,2786.8798828125
2010-10-08,0.8769500255584717,1.3927963972091675,23.7320499420166,336.5299987792969,3763.179931640625,6291.669921875,2785.429931640625
2010-10-11,0.8763700127601624,1.3977607488632202,23.66990089416504,337.0400085449219,3768.489990234375,6309.509765625,2789.719970703125
2010-10-12,0.8733999729156494,1.3880213499069214,23.657470703125,335.0899963378906,3748.860107421875,6304.56982421875,2775.75
2010-10-13,0.8801000118255615,1.3916915655136108,24.167036056518555,341.7200012207031,3828.340087890625,6434.52001953125,2840.550048828125
2010-10-14,0.8780999779701233,1.3967260122299194,24.34103775024414,341.3299865722656,3819.169921875,6455.27001953125,2836.110107421875
2010-10-15,0.8788999915122986,1.4072020053863525,24.291324615478516,341.45001220703125,3827.3701171875,6492.2998046875,2841.64990234375
2010-10-18,0.8736000061035156,1.3964334726333618,24.409400939941406,341.7200012207031,3834.5,6516.6298828125,2850.719970703125
2010-10-19,0.8766000270843506,1.3935922384262085,23.719614028930664,339.1499938964844,3807.169921875,6490.68994140625,2837.330078125
2010-10-20,0.8751000165939331,1.3739094734191895,24.309965133666992,339.7099914550781,3828.14990234375,6524.5498046875,2851.52001953125
2010-10-21,0.8812000155448914,1.3963165283203125,24.390748977661133,341.9200134277344,3878.27001953125,6611.009765625,2882.2900390625
2010-10-22,0.8853999972343445,1.3916915655136108,24.45289421081543,341.07000732421875,3868.5400390625,6605.83984375,2873.739990234375
2010-10-25,0.8889999985694885,1.3944084644317627,24.415603637695312,342.5299987792969,3870.0,6639.2099609375,2871.47998046875
2010-10-26,0.8872900009155273,1.3948947191238403,24.2602481842041,340.760009765625,3852.659912109375,6613.7998046875,2856.31005859375
2010-10-27,0.8741000294685364,1.3854252099990845,23.961977005004883,337.989990234375,3815.77001953125,6568.0,2829.419921875
2010-10-28,0.873199999332428,1.377808928489685,24.222965240478516,338.1000061035156,3834.840087890625,6595.27978515625,2845.530029296875
2010-10-29,0.873199999332428,1.377808928489685,24.222965240478516,337.2300109863281,3833.5,6601.3701171875,2844.989990234375
2010-11-01,0.8705999851226807,1.397506833076477,23.955751419067383,339.3500061035156,3841.110107421875,6604.85986328125,2836.72998046875
2010-11-02,0.866100013256073,1.3910914659500122,24.552316665649414,342.0199890136719,3865.719970703125,6654.31005859375,2861.010009765625
2010-11-03,0.8752999901771545,1.4036072492599487,24.583393096923828,339.04998779296875,3842.93994140625,6617.7998046875,2830.429931640625
2010-11-04,0.8769999742507935,1.4127286672592163,25.148874282836914,345.1499938964844,3916.780029296875,6734.68994140625,2884.2099609375
2010-11-05,0.8741000294685364,1.422798991203308,24.73874282836914,346.8999938964844,3916.72998046875,6754.2001953125,2875.93994140625
2010-11-08,0.8684200048446655,1.407578468322754,24.50881576538086,346.69000244140625,3913.699951171875,6750.5,2867.9599609375
2010-11-09,0.8603000044822693,1.3869625329971313,24.222965240478516,347.739990234375,3945.7099609375,6787.81005859375,2890.639892578125
2010-11-10,0.8604000210762024,1.377201795578003,24.167036056518555,346.0899963378906,3888.449951171875,6719.83984375,2845.929931640625
2010-11-11,0.8543199896812439,1.3775622844696045,23.800397872924805,344.8299865722656,3867.35009765625,6723.41015625,2831.219970703125
2010-11-12,0.8457099795341492,1.3621008396148682,23.663684844970703,343.20001220703125,3831.1201171875,6734.60986328125,2822.429931640625
2010-11-15,0.8486199975013733,1.3693190813064575,23.69476318359375,345.5299987792969,3864.239990234375,6790.169921875,2848.449951171875
2010-11-16,0.8460000157356262,1.357478380203247,23.07334327697754,339.2099914550781,3762.469970703125,6663.240234375,2781.77001953125
2010-11-17,0.8493000268936157,1.3490543365478516,23.22247314453125,341.5,3792.35009765625,6700.06982421875,2802.699951171875
2010-11-18,0.8511000275611877,1.355399250984192,23.88739013671875,346.2699890136719,3867.969970703125,6832.10986328125,2855.22998046875
2010-11-19,0.8507000207901001,1.365728497505188,23.999248504638672,344.5799865722656,3860.159912109375,6843.5498046875,2845.75
2010-11-22,0.8585900068283081,1.3744381666183472,23.520763397216797,342.4200134277344,3818.889892578125,6822.0498046875,2811.429931640625
2010-11-23,0.8529999852180481,1.3601926565170288,22.545129776000977,334.82000732421875,3724.419921875,6705.0,2739.3701171875
2010-11-24,0.847100019454956,1.3386342525482178,22.66320037841797,337.20001220703125,3747.610107421875,6823.7998046875,2758.02001953125
2010-11-25,0.8460000157356262,1.3357912302017212,22.66320037841797,338.7699890136719,3760.419921875,6879.66015625,2765.050048828125
2010-11-26,0.8464000225067139,1.3339736461639404,22.221996307373047,336.260009765625,3728.64990234375,6848.97998046875,2736.9599609375
2010-11-29,0.8489000201225281,1.3238019943237305,21.69378089904785,329.6700134277344,3636.9599609375,6697.97021484375,2669.9599609375
2010-11-30,0.8424999713897705,1.3103927373886108,21.153152465820312,327.4100036621094,3610.43994140625,6688.490234375,2650.989990234375
2010-12-01,0.8345000147819519,1.2992074489593506,22.047996520996094,335.79998779296875,3669.2900390625,6866.6298828125,2721.8701171875
2010-12-02,0.8405699729919434,1.3124909400939941,22.656984329223633,341.45001220703125,3747.0400390625,6957.60986328125,2781.389892578125
2010-12-03,0.8474000096321106,1.3215975761413574,22.942842483520508,342.19000244140625,3750.550048828125,6947.72021484375,2782.389892578125
2010-12-06,0.8506500124931335,1.341597557067871,22.650774002075195,342.3399963378906,3749.22998046875,6954.3798828125,2769.9599609375
2010-12-07,0.8456000089645386,1.328691840171814,22.806129455566406,346.2099914550781,3810.5,7001.91015625,2802.739990234375
2010-12-08,0.8407999873161316,1.3244681358337402,22.98634147644043,346.7200012207031,3831.97998046875,6975.8701171875,2818.949951171875
2010-12-09,0.8385999798774719,1.3250824213027954,23.160337448120117,349.3800048828125,3858.050048828125,6964.16015625,2840.7099609375
2010-12-10,0.8392999768257141,1.3242051601409912,23.154123306274414,350.2099914550781,3857.35009765625,7006.169921875,2839.530029296875
2010-12-13,0.8355000019073486,1.319713830947876,23.458620071411133,351.29998779296875,3892.43994140625,7029.39013671875,2855.3701171875
2010-12-14,0.8442999720573425,1.3395488262176514,23.452411651611328,351.82000732421875,3902.8701171875,7027.39990234375,2861.669921875
2010-12-15,0.8472999930381775,1.336094617843628,22.98634147644043,350.7900085449219,3880.18994140625,7016.3701171875,2841.989990234375
2010-12-16,0.8497999906539917,1.3224014043807983,23.147903442382812,351.8800048828125,3888.360107421875,7024.39990234375,2845.780029296875
2010-12-17,0.8468999862670898,1.323994755744934,22.931428909301758,352.04998779296875,3867.35009765625,6982.4501953125,2821.77001953125
2010-12-20,0.8483800292015076,1.3164995908737183,22.918914794921875,353.1499938964844,3885.080078125,7018.60009765625,2839.219970703125
2010-12-21,0.84579998254776,1.3118022680282593,23.100357055664062,356.1400146484375,3927.489990234375,7077.990234375,2876.989990234375
2010-12-22,0.8462899923324585,1.3090033531188965,23.08783721923828,356.1700134277344,3919.7099609375,7067.919921875,2869.6298828125
2010-12-23,0.8510299921035767,1.3115441799163818,22.956451416015625,356.2099914550781,3911.320068359375,7057.68994140625,2864.52001953125
2010-12-24,0.8495399951934814,1.31271493434906,22.956451416015625,355.9200134277344,3911.320068359375,7057.68994140625,2864.52001953125
2010-12-27,0.8485999703407288,1.3079760074615479,22.893884658813477,355.57000732421875,3862.18994140625,6970.72998046875,2826.510009765625
2010-12-28,0.8537999987602234,1.3189654350280762,22.737455368041992,356.69000244140625,3858.719970703125,6972.10009765625,2824.300048828125
2010-12-29,0.8521999716758728,1.3086265325546265,22.99399185180664,358.32000732421875,3890.64990234375,6995.47021484375,2841.22998046875
2010-12-30,0.8528800010681152,1.3224539756774902,22.881366729736328,356.3599853515625,3850.760009765625,6914.18994140625,2807.0400390625
2010-12-31,0.8614000082015991,1.3301233053207397,23.05030059814453,356.3599853515625,3850.760009765625,6914.18994140625,2807.0400390625
2011-01-03,0.8575000166893005,1.3357912302017212,23.250526428222656,359.8599853515625,3900.860107421875,6989.740234375,2839.429931640625
2011-01-04,0.8622000217437744,1.3356841802597046,23.212980270385742,358.8599853515625,3916.030029296875,6975.35009765625,2844.169921875
2011-01-05,0.8538200259208679,1.3321077823638916,22.99399185180664,357.2799987792969,3904.610107421875,6939.81982421875,2833.739990234375
2011-01-06,0.8480299711227417,1.3156856298446655,22.624826431274414,356.8900146484375,3904.419921875,6981.39013671875,2836.22998046875
2011-01-07,0.8399999737739563,1.2979933023452759,22.243165969848633,356.44000244140625,3865.580078125,6947.83984375,2808.25
2011-01-10,0.8295999765396118,1.289507269859314,22.07423210144043,354.2099914550781,3802.030029296875,6857.06005859375,2760.8798828125
2011-01-11,0.8315399885177612,1.2964956760406494,22.243165969848633,358.29998779296875,3861.919921875,6941.56982421875,2796.60009765625
2011-01-12,0.8317000269889832,1.2983977794647217,23.219236373901367,362.4100036621094,3945.070068359375,7068.77978515625,2879.110107421875
2011-01-13,0.833299994468689,1.3128355741500854,23.794870376586914,360.7900085449219,3974.830078125,7075.10986328125,2915.6201171875
2011-01-14,0.8425999879837036,1.335327386856079,24.101463317871094,361.32000732421875,3983.280029296875,7075.7001953125,2920.39990234375
2011-01-17,0.8424000144004822,1.3380253314971924,24.101463317871094,361.0799865722656,3975.409912109375,7078.06005859375,2910.6298828125
2011-01-18,0.835319995880127,1.3283917903900146,24.214078903198242,363.7300109863281,4012.679931640625,7143.4501953125,2945.6201171875
2011-01-19,0.8381999731063843,1.3378105163574219,24.08893585205078,357.9599914550781,3976.7099609375,7082.759765625,2923.760009765625
2011-01-20,0.8418999910354614,1.3452069759368896,24.35798454284668,356.1400146484375,3964.840087890625,7024.27001953125,2927.419921875
2011-01-21,0.8464000225067139,1.3468012809753418,24.858537673950195,361.04998779296875,4017.449951171875,7062.419921875,2970.56005859375
2011-01-24,0.8511999845504761,1.361952543258667,25.058761596679688,360.989990234375,4033.2099609375,7067.77001953125,2979.06005859375
2011-01-25,0.8533899784088135,1.3644053936004639,24.95865249633789,358.760009765625,4019.6201171875,7059.009765625,2957.780029296875
2011-01-26,0.8650000095367432,1.3686069250106812,24.97117042541504,362.04998779296875,4049.070068359375,7127.35009765625,2967.780029296875
2011-01-27,0.8606200218200684,1.3710086345672607,25.3653507232666,364.3299865722656,4059.570068359375,7155.580078125,2989.75
2011-01-28,0.8615999817848206,1.3723068237304688,24.551958084106445,361.1600036621094,4002.320068359375,7102.7998046875,2954.1298828125
2011-01-31,0.857200026512146,1.3572757244110107,24.996185302734375,360.75,4005.5,7077.47998046875,2953.6298828125
2011-02-01,0.8557000160217285,1.3713847398757935,25.640647888183594,367.1099853515625,4072.6201171875,7184.27001953125,3006.81005859375
2011-02-02,0.8568800091743469,1.382991909980774,25.502988815307617,367.3900146484375,4066.530029296875,7183.669921875,3012.699951171875
2011-02-03,0.8525000214576721,1.3817880153656006,25.240205764770508,364.8900146484375,4036.590087890625,7193.68017578125,2995.489990234375
2011-02-04,0.8442999720573425,1.362453579902649,25.20892333984375,365.510009765625,4047.2099609375,7216.2099609375,3003.18994140625
2011-02-07,0.8429999947547913,1.357496738433838,25.334056854248047,369.8500061035156,4090.800048828125,7283.6201171875,3031.179931640625
2011-02-08,0.8426499962806702,1.359194278717041,25.584333419799805,371.1099853515625,4108.27001953125,7323.240234375,3042.5
2011-02-09,0.8481000065803528,1.3626948595046997,25.640647888183594,369.17999267578125,4090.739990234375,7320.89990234375,3031.6201171875
2011-02-10,0.8520600199699402,1.372099757194519,25.37160301208496,370.6099853515625,4095.139892578125,7340.27978515625,3025.679931640625
2011-02-11,0.8449000120162964,1.3601926565170288,25.321542739868164,369.6499938964844,4101.31005859375,7371.2001953125,3024.3701171875
2011-02-14,0.844290018081665,1.3510043621063232,25.108808517456055,370.1700134277344,4096.6201171875,7396.6298828125,3018.3798828125
2011-02-15,0.8410999774932861,1.3481086492538452,25.115066528320312,370.510009765625,4110.33984375,7400.0400390625,3030.4599609375
2011-02-16,0.8364400267601013,1.3498555421829224,25.59058952331543,371.489990234375,4151.259765625,7414.2998046875,3061.919921875
2011-02-17,0.8434399962425232,1.357533574104309,25.740747451782227,372.989990234375,4152.31005859375,7405.509765625,3064.5400390625
2011-02-18,0.8420000076293945,1.3626019954681396,25.865896224975586,374.19000244140625,4157.14013671875,7426.81005859375,3068.0
2011-02-21,0.8438000082969666,1.3713470697402954,25.865896224975586,370.9200134277344,4097.41015625,7321.81005859375,3012.340087890625
2011-02-22,0.8428000211715698,1.3682323694229126,24.877302169799805,368.8299865722656,4050.27001953125,7318.35009765625,2983.330078125
2011-02-23,0.8460800051689148,1.3673717975616455,25.00244140625,365.239990234375,4013.1201171875,7194.60009765625,2954.919921875
2011-02-24,0.8474000096321106,1.3764055967330933,25.021223068237305,363.7300109863281,4009.639892578125,7130.5,2949.1298828125
2011-02-25,0.8560000061988831,1.381998062133789,25.296520233154297,366.7699890136719,4070.3798828125,7185.169921875,2985.02001953125
2011-02-28,0.8531000018119812,1.373437762260437,25.62813377380371,369.1300048828125,4110.35009765625,7272.31982421875,3013.090087890625
2011-03-01,0.8493800163269043,1.3821508884429932,25.133834838867188,367.95001220703125,4067.14990234375,7223.2998046875,2983.27001953125
2011-03-02,0.8468199968338013,1.3771828413009644,25.296520233154297,364.8599853515625,4034.320068359375,7181.1201171875,2958.800048828125
2011-03-03,0.8489699959754944,1.3866548538208008,25.72197723388672,367.6000061035156,4060.760009765625,7225.9599609375,2969.239990234375
2011-03-04,0.8574000000953674,1.3958877325057983,25.340312957763672,367.95001220703125,4020.2099609375,7178.89990234375,2949.179931640625
2011-03-07,0.8600000143051147,1.3990709781646729,25.183887481689453,366.0799865722656,3990.409912109375,7161.93017578125,2931.419921875
2011-03-08,0.8620100021362305,1.3963944911956787,25.240205764770508,366.3800048828125,4015.909912109375,7164.75,2945.419921875
2011-03-09,0.8597000241279602,1.3897961378097534,25.127580642700195,366.25,3993.81005859375,7131.7998046875,2935.110107421875
2011-03-10,0.8578000068664551,1.3902212381362915,24.589496612548828,362.1400146484375,3963.989990234375,7063.08984375,2909.72998046875
2011-03-11,0.8589800000190735,1.3801289796829224,24.739652633666992,359.07000732421875,3928.679931640625,6981.490234375,2883.840087890625
2011-03-14,0.8670799732208252,1.3934563398361206,24.60826873779297,356.32000732421875,3878.0400390625,6866.6298828125,2852.110107421875
2011-03-15,0.8650000095367432,1.3992079496383667,24.020118713378906,348.0899963378906,3780.85009765625,6647.66015625,2784.199951171875
2011-03-16,0.8702999949455261,1.3986209630966187,23.069068908691406,343.20001220703125,3696.56005859375,6513.83984375,2721.239990234375
2011-03-17,0.8681600093841553,1.3884838819503784,23.95754623413086,349.260009765625,3786.2099609375,6656.8798828125,2786.159912109375
2011-03-18,0.8690000176429749,1.4032920598983765,24.316837310791016,350.4100036621094,3810.219970703125,6664.39990234375,2792.610107421875
2011-03-21,0.8733000159263611,1.4170527458190918,25.08811378479004,356.70001220703125,3904.449951171875,6816.1201171875,2860.81005859375
2011-03-22,0.8715999722480774,1.4217066764831543,24.96897315979004,356.3800048828125,3892.7099609375,6780.97021484375,2854.7900390625
2011-03-23,0.8659999966621399,1.4168118238449097,24.874916076660156,359.739990234375,3913.72998046875,6804.4501953125,2866.22998046875
2011-03-24,0.8680400252342224,1.4105963706970215,25.50823402404785,363.3900146484375,3968.840087890625,6933.580078125,2909.780029296875
2011-03-25,0.8788999915122986,1.4171934127807617,25.226062774658203,364.6499938964844,3972.3798828125,6946.35986328125,2911.330078125
2011-03-28,0.8762000203132629,1.402603268623352,25.182172775268555,364.57000732421875,3976.949951171875,6938.6298828125,2914.760009765625
2011-03-29,0.8804500102996826,1.4079747200012207,25.32638168334961,365.9100036621094,3987.800048828125,6934.43994140625,2910.929931640625
2011-03-30,0.8812999725341797,1.411113977432251,25.614831924438477,367.8699951171875,4024.43994140625,7057.14990234375,2936.43994140625
2011-03-31,0.8787000179290771,1.4121301174163818,25.527034759521484,365.6199951171875,3989.179931640625,7041.31005859375,2910.909912109375
2011-04-01,0.8828999996185303,1.415869116783142,25.903268814086914,369.45001220703125,4054.760009765625,7179.81005859375,2962.919921875
2011-04-04,0.8822000026702881,1.4223334789276123,25.878190994262695,369.010009765625,4042.919921875,7175.330078125,2955.840087890625
2011-04-05,0.8813999891281128,1.422009825706482,25.878190994262695,368.9599914550781,4041.739990234375,7175.31005859375,2950.9599609375
2011-04-06,0.8723000288009644,1.4219088554382324,26.29830551147461,369.6400146484375,4048.159912109375,7215.10986328125,2971.47998046875
2011-04-07,0.878000020980835,1.4335273504257202,26.223066329956055,367.3900146484375,4028.300048828125,7178.77978515625,2963.68994140625
2011-04-08,0.8762000203132629,1.430206060409546,26.442527770996094,366.94000244140625,4061.909912109375,7217.02001953125,2984.659912109375
2011-04-11,0.8831999897956848,1.446215271949768,26.38610076904297,366.4700012207031,4038.699951171875,7204.85986328125,2974.580078125
2011-04-12,0.8831999897956848,1.4437931776046753,26.26067543029785,360.7699890136719,3976.60009765625,7102.91015625,2932.330078125
2011-04-13,0.8903999924659729,1.447638988494873,26.216796875,362.760009765625,4006.22998046875,7177.97021484375,2949.97998046875
2011-04-14,0.8876000046730042,1.444210171699524,26.19798469543457,359.4800109863281,3970.389892578125,7146.56005859375,2917.719970703125
2011-04-15,0.8876000046730042,1.4432096481323242,25.96597671508789,359.0,3974.47998046875,7178.2900390625,2919.050048828125
2011-04-18,0.8833000063896179,1.4412959814071655,25.138273239135742,352.67999267578125,3881.239990234375,7026.85009765625,2847.9599609375
2011-04-19,0.8744000196456909,1.4223941564559937,25.351470947265625,353.1700134277344,3908.580078125,7039.31005859375,2857.610107421875
2011-04-20,0.8781999945640564,1.433794617652893,26.172901153564453,359.8699951171875,4004.6201171875,7249.18994140625,2921.429931640625
2011-04-21,0.885200023651123,1.4513999223709106,26.39236068725586,359.010009765625,4021.8798828125,7295.490234375,2936.300048828125
2011-04-22,0.8812699913978577,1.455498218536377,26.39236068725586,359.010009765625,4021.8798828125,7295.490234375,2936.300048828125
2011-04-25,0.8805999755859375,1.4557099342346191,26.38610076904297,359.010009765625,4021.8798828125,7295.490234375,2936.300048828125
2011-04-26,0.8830999732017517,1.4578959941864014,26.7623233795166,359.54998779296875,4045.2900390625,7356.509765625,2955.360107421875
2011-04-27,0.8889999985694885,1.4687954187393188,27.439525604248047,359.7099914550781,4067.719970703125,7404.9501953125,2977.590087890625
2011-04-28,0.8884999752044678,1.4779999256134033,27.577486038208008,359.489990234375,4104.89990234375,7475.22021484375,3005.330078125
2011-04-29,0.8914200067520142,1.4844063520431519,27.608837127685547,359.94000244140625,4106.919921875,7514.4599609375,3011.25
2011-05-02,0.8865000009536743,1.4793994426727295,27.590023040771484,361.55999755859375,4108.77001953125,7527.64013671875,3008.889892578125
2011-05-03,0.8896999955177307,1.4823819398880005,27.521053314208984,360.4200134277344,4096.83984375,7500.7001953125,3000.389892578125
2011-05-04,0.8992000222206116,1.4833273887634277,27.22006607055664,355.9100036621094,4043.1298828125,7373.93017578125,2952.02001953125
2011-05-05,0.8988000154495239,1.4829754829406738,26.41117286682129,354.82000732421875,4004.8701171875,7376.9599609375,2926.5400390625
2011-05-06,0.8873999714851379,1.454439640045166,26.141544342041016,359.1199951171875,4058.010009765625,7492.25,2952.89990234375
2011-05-09,0.8774200081825256,1.4352967739105225,26.072572708129883,355.92999267578125,4007.260009765625,7410.52001953125,2902.39990234375
2011-05-10,0.8756999969482422,1.4376078844070435,26.5240421295166,361.04998779296875,4052.510009765625,7501.52001953125,2939.02001953125
2011-05-11,0.8800100088119507,1.44110906124115,25.9785099029541,360.54998779296875,4058.080078125,7495.0498046875,2942.429931640625
2011-05-12,0.8680999875068665,1.4211004972457886,26.03495216369629,357.5199890136719,4023.2900390625,7443.9501953125,2917.050048828125
2011-05-13,0.8743000030517578,1.423791527748108,25.5333194732666,354.8599853515625,4018.85009765625,7403.31005859375,2894.60009765625
2011-05-16,0.8700199723243713,1.4077963829040527,25.514507293701172,352.29998779296875,3989.820068359375,7387.5400390625,2881.31005859375
2011-05-17,0.8733599781990051,1.415808916091919,25.55211639404297,347.7200012207031,3941.580078125,7256.64990234375,2849.60009765625
2011-05-18,0.8776999711990356,1.4268999099731445,25.733970642089844,349.1000061035156,3978.0,7303.52978515625,2867.300048828125
2011-05-19,0.8816999793052673,1.4255167245864868,25.928354263305664,350.8399963378906,4027.739990234375,7358.22998046875,2890.60009765625
2011-05-20,0.8820000290870667,1.4316186904907227,25.332660675048828,348.239990234375,3990.85009765625,7266.81982421875,2853.97998046875
2011-05-23,0.8697999715805054,1.4105764627456665,24.75577735900879,342.4599914550781,3906.97998046875,7121.52001953125,2794.260009765625
2011-05-24,0.8712999820709229,1.403666377067566,24.812213897705078,343.20001220703125,3916.8798828125,7150.66015625,2801.27001953125
2011-05-25,0.8711100220680237,1.4099003076553345,25.006610870361328,344.9100036621094,3928.989990234375,7170.93994140625,2816.840087890625
2011-05-26,0.8650500178337097,1.4084903001785278,25.106916427612305,344.4700012207031,3917.219970703125,7114.08984375,2799.820068359375
2011-05-27,0.8625199794769287,1.4135074615478516,25.357742309570312,346.05999755859375,3950.97998046875,7163.47021484375,2819.39990234375
2011-05-30,0.8658999800682068,1.4297356605529785,25.357742309570312,346.20001220703125,3942.530029296875,7160.2998046875,2819.39990234375
2011-05-31,0.868399977684021,1.4322338104248047,26.12274169921875,349.44000244140625,4006.93994140625,7293.68994140625,2819.39990234375
2011-06-01,0.8762000203132629,1.4427932500839233,25.28876304626465,345.95001220703125,3964.81005859375,7217.43017578125,2827.659912109375
2011-06-02,0.8778700232505798,1.434493899345398,25.53959083557129,340.6400146484375,3889.8701171875,7074.1201171875,2827.659912109375
2011-06-03,0.8851199746131897,1.4486035108566284,25.740236282348633,340.239990234375,3890.679931640625,7109.02978515625,2789.110107421875
2011-06-06,0.8903999924659729,1.465502142906189,25.200971603393555,339.17999267578125,3863.39990234375,7084.56982421875,2765.330078125
2011-06-07,0.8913999795913696,1.458299994468689,25.564661026000977,338.92999267578125,3871.919921875,7103.25,2774.5
2011-06-08,0.8931000232696533,1.4686013460159302,25.182172775268555,335.6499938964844,3837.97998046875,7060.22998046875,2752.06005859375
2011-06-09,0.8898599743843079,1.4601950645446777,25.54586410522461,338.0400085449219,3878.64990234375,7159.66015625,2778.1201171875
2011-06-10,0.8863999843597412,1.451568365097046,24.711881637573242,333.8299865722656,3805.090087890625,7069.89990234375,2732.5400390625
2011-06-13,0.8831300139427185,1.4332603216171265,24.787132263183594,334.0299987792969,3807.610107421875,7085.14013671875,2732.5400390625
2011-06-14,0.8804000020027161,1.4416908025741577,25.40791130065918,337.5199890136719,3864.580078125,7204.7900390625,2779.93994140625
2011-06-15,0.8821300268173218,1.4450031518936157,24.27922248840332,334.0400085449219,3806.85009765625,7115.080078125,2731.5
2011-06-16,0.8755999803543091,1.4181982278823853,24.298032760620117,332.3500061035156,3792.31005859375,7110.2001953125,2730.6201171875
2011-06-17,0.878570020198822,1.419909954071045,25.032039642333984,333.1099853515625,3823.739990234375,7164.0498046875,2770.1201171875
2011-06-20,0.8828499913215637,1.4285101890563965,24.86433219909668,331.6400146484375,3799.659912109375,7150.2099609375,2748.010009765625
2011-06-21,0.8835999965667725,1.4325416088104248,25.580263137817383,336.1400146484375,3877.070068359375,7285.509765625,2801.989990234375
2011-06-22,0.8865000009536743,1.4381660223007202,25.244873046875,334.1700134277344,3871.3701171875,7278.18994140625,2795.070068359375
2011-06-23,0.8913000226020813,1.4314342737197876,24.819183349609375,328.57000732421875,3787.7900390625,7149.43994140625,2730.860107421875
2011-06-24,0.8902999758720398,1.427001714706421,24.258041381835938,328.739990234375,3784.800048828125,7121.3798828125,2715.8798828125
2011-06-27,0.8876000046730042,1.4171332120895386,24.664396286010742,328.510009765625,3796.550048828125,7107.89990234375,2723.929931640625
2011-06-28,0.8952000141143799,1.4316802024841309,25.07717514038086,329.8999938964844,3851.889892578125,7170.43017578125,2750.489990234375
2011-06-29,0.8980000019073486,1.4357914924621582,25.631872177124023,335.2799987792969,3924.22998046875,7294.14013671875,2802.550048828125
2011-06-30,0.9004899859428406,1.4478904008865356,26.186565399169922,339.6499938964844,3982.2099609375,7376.240234375,2848.530029296875
2011-07-01,0.9032400250434875,1.4496954679489136,26.5606632232666,342.82000732421875,4007.35009765625,7419.43994140625,2875.669921875
2011-07-04,0.9047999978065491,1.4539955854415894,26.5606632232666,343.5,4003.110107421875,7442.9599609375,2870.18994140625
2011-07-05,0.9040399789810181,1.4553074836730957,26.0382137298584,343.1000061035156,3978.830078125,7439.43994140625,2850.510009765625
2011-07-06,0.8977000117301941,1.4428139925003052,25.715717315673828,341.6199951171875,3961.340087890625,7431.18994140625,2832.6298828125
2011-07-07,0.8949000239372253,1.4331575632095337,25.928569793701172,345.1600036621094,3979.9599609375,7471.43994140625,2844.510009765625
2011-07-08,0.8988999724388123,1.4364513158798218,25.199737548828125,342.4800109863281,3913.550048828125,7402.72998046875,2790.090087890625
2011-07-11,0.8861600160598755,1.4201923608779907,23.94845199584961,336.1600036621094,3807.510009765625,7230.25,2709.139892578125
2011-07-12,0.8823999762535095,1.4040604829788208,23.703351974487305,332.1199951171875,3774.1201171875,7174.14013671875,2693.530029296875
2011-07-13,0.8776699900627136,1.3969016075134277,24.180646896362305,332.9800109863281,3793.27001953125,7267.8701171875,2715.050048828125
2011-07-14,0.8799999952316284,1.4234267473220825,23.961347579956055,330.4599914550781,3751.22998046875,7214.740234375,2631.97998046875
2011-07-15,0.8766000270843506,1.4157286882400513,23.954893112182617,329.489990234375,3726.590087890625,7220.1201171875,2675.3798828125
2011-07-18,0.8762999773025513,1.4123096466064453,23.49049949645996,323.1700134277344,3650.7099609375,7107.919921875,2622.360107421875
2011-07-19,0.8784999847412109,1.411193609237671,23.91619873046875,326.1700134277344,3694.949951171875,7192.669921875,2631.97998046875
2011-07-20,0.878000020980835,1.417293906211853,24.380578994750977,330.6499938964844,3754.60009765625,7221.35986328125,2705.75
2011-07-21,0.8827000260353088,1.427001714706421,25.277128219604492,336.8599853515625,3816.75,7290.14013671875,2631.97998046875
2011-07-22,0.8830900192260742,1.4420026540756226,25.21263313293457,338.6000061035156,3842.699951171875,7326.39013671875,2772.60009765625
2011-07-25,0.8816999793052673,1.4388489723205566,24.915943145751953,337.2699890136719,3812.969970703125,7344.5400390625,2742.699951171875
2011-07-26,0.8826599717140198,1.4371533393859863,25.115873336791992,336.739990234375,3787.8798828125,7349.4501953125,2739.64990234375
2011-07-27,0.8830000162124634,1.450810194015503,24.283843994140625,333.1000061035156,3734.070068359375,7252.68017578125,2693.7099609375
2011-07-28,0.8801000118255615,1.4372979402542114,24.13549041748047,332.55999755859375,3712.659912109375,7190.06005859375,2692.760009765625
2011-07-29,0.8757299780845642,1.4331985712051392,24.16773796081543,329.2200012207031,3672.77001953125,7158.77001953125,2670.3701171875
2011-08-01,0.8751400113105774,1.4363688230514526,23.49049949645996,324.5899963378906,3588.050048828125,6953.97998046875,2670.3701171875
2011-08-02,0.8744000196456909,1.4262080192565918,22.697166442871094,320.0,3522.7900390625,6796.75,2544.889892578125
2011-08-03,0.8706700205802917,1.417333960533142,22.9035701751709,310.69000244140625,3454.93994140625,6640.58984375,2497.830078125
2011-08-04,0.8729000091552734,1.4352967739105225,21.065351486206055,300.8500061035156,3320.35009765625,6414.759765625,2412.2900390625
2011-08-05,0.8658999800682068,1.4067071676254272,21.936080932617188,296.3500061035156,3278.56005859375,6236.16015625,2375.14990234375
2011-08-08,0.8702999949455261,1.4294085502624512,20.078514099121094,283.3599853515625,3125.18994140625,5923.27001953125,2286.909912109375
2011-08-09,0.8682000041007996,1.4170728921890259,21.078248977661133,287.04998779296875,3176.18994140625,5917.080078125,2294.239990234375
2011-08-10,0.881600022315979,1.4383108615875244,19.27227783203125,277.2699890136719,3002.989990234375,5613.419921875,2153.77001953125
2011-08-11,0.8762999773025513,1.4124692678451538,20.226858139038086,282.7900085449219,3089.659912109375,5797.66015625,2215.449951171875
2011-08-12,0.8764399886131287,1.4226369857788086,20.923450469970703,291.8999938964844,3213.8798828125,5997.740234375,2307.330078125
2011-08-15,0.8758500218391418,1.4274091720581055,21.48459243774414,293.70001220703125,3239.06005859375,6022.240234375,2324.47998046875
2011-08-16,0.8809000253677368,1.4438347816467285,21.058895111083984,291.510009765625,3230.89990234375,5994.89990234375,2323.669921875
2011-08-17,0.8756999969482422,1.439801812171936,21.207250595092773,292.6499938964844,3254.340087890625,5948.93994140625,2331.1201171875
2011-08-18,0.8722100257873535,1.4429181814193726,20.03335952758789,279.5799865722656,3076.0400390625,5602.7998046875,2206.610107421875
2011-08-19,0.8675699830055237,1.4324390888214111,19.523818969726562,274.1499938964844,3016.989990234375,5480.0,2159.070068359375
2011-08-22,0.871999979019165,1.4369261264801025,19.81406593322754,276.3699951171875,3051.360107421875,5473.77978515625,2183.389892578125
2011-08-23,0.8720899820327759,1.436100721359253,20.581600189208984,278.32000732421875,3084.3701171875,5532.3798828125,2199.97998046875
2011-08-24,0.8748999834060669,1.4437098503112793,20.691253662109375,281.5799865722656,3139.550048828125,5681.080078125,2238.699951171875
2011-08-25,0.8802000284194946,1.44123375415802,20.10431480407715,278.489990234375,3119.0,5584.14013671875,2216.699951171875
2011-08-26,0.8825100064277649,1.4372979402542114,20.272008895874023,276.6000061035156,3087.639892578125,5537.47998046875,2190.43994140625
2011-08-29,0.8865000009536743,1.449506402015686,20.852500915527344,281.260009765625,3154.199951171875,5670.06982421875,2239.300048828125
2011-08-30,0.8847000002861023,1.4524328708648682,20.65256118774414,283.6400146484375,3159.739990234375,5643.919921875,2239.139892578125
2011-08-31,0.8848999738693237,1.4433138370513916,21.065351486206055,292.92999267578125,3256.760009765625,5784.85009765625,2302.080078125
2011-09-01,0.8844000101089478,1.4374631643295288,20.665454864501953,293.9599914550781,3265.830078125,5730.6298828125,2305.75
2011-09-02,0.8809999823570251,1.4262080192565918,19.852767944335938,286.42999267578125,3148.530029296875,5538.330078125,2220.719970703125
2011-09-05,0.8751999735832214,1.4157688617706299,19.852767944335938,274.45001220703125,2999.5400390625,5246.18017578125,2107.27001953125
2011-09-06,0.8733999729156494,1.4063115119934082,18.82078742980957,273.3299865722656,2965.639892578125,5193.97021484375,2080.10009765625
2011-09-07,0.8778300285339355,1.4003249406814575,19.375473022460938,281.04998779296875,3073.179931640625,5405.52978515625,2151.159912109375
2011-09-08,0.8809999823570251,1.4085696935653687,18.930438995361328,283.3900146484375,3085.830078125,5408.4599609375,2163.39990234375
2011-09-09,0.8701300024986267,1.3904144763946533,17.891998291015625,276.1000061035156,2974.590087890625,5189.93017578125,2073.669921875
2011-09-12,0.8579999804496765,1.3600815534591675,17.556608200073242,268.4800109863281,2854.81005859375,5072.330078125,1995.010009765625
2011-09-13,0.8611999750137329,1.3660268783569336,17.879104614257812,270.04998779296875,2894.929931640625,5166.35986328125,2036.6400146484375
2011-09-14,0.8668000102043152,1.3686069250106812,18.453136444091797,273.55999755859375,2949.139892578125,5340.18994140625,2083.3798828125
2011-09-15,0.8715199828147888,1.3746082782745361,19.194875717163086,278.5199890136719,3045.6201171875,5508.240234375,2155.6201171875
2011-09-16,0.878059983253479,1.3869048357009888,19.001617431640625,281.7300109863281,3031.080078125,5573.509765625,2159.280029296875
2011-09-19,0.8712999820709229,1.3701446056365967,18.411468505859375,274.6300048828125,2940.0,5415.91015625,2096.10009765625
2011-09-20,0.8687000274658203,1.3605626821517944,18.476322174072266,279.5400085449219,2984.050048828125,5571.68017578125,2140.409912109375
2011-09-21,0.8701000213623047,1.369394063949585,17.82131576538086,275.67999267578125,2935.820068359375,5433.7998046875,2098.489990234375
2011-09-22,0.8758999705314636,1.3586033582687378,17.179279327392578,263.44000244140625,2781.679931640625,5164.2099609375,1995.75
2011-09-23,0.8776000142097473,1.348090410232544,17.48409080505371,264.7200012207031,2810.110107421875,5196.56005859375,2026.030029296875
2011-09-26,0.874210000038147,1.3547013998031616,18.15854263305664,269.8299865722656,2859.340087890625,5345.56005859375,2083.35009765625
2011-09-27,0.8690000176429749,1.351807951927185,18.833005905151367,282.0400085449219,3023.3798828125,5628.43994140625,2194.030029296875
2011-09-28,0.8684800267219543,1.3582342863082886,18.521717071533203,278.30999755859375,2995.6201171875,5578.419921875,2176.639892578125
2011-09-29,0.8692299723625183,1.3537662029266357,19.11835289001465,283.9800109863281,3027.64990234375,5639.580078125,2212.43994140625
2011-09-30,0.870710015296936,1.3585848808288574,18.340133666992188,280.17999267578125,2981.9599609375,5502.02001953125,2179.659912109375
2011-10-03,0.8573799729347229,1.336094617843628,17.665666580200195,275.6400146484375,2926.830078125,5502.02001953125,2138.239990234375
2011-10-04,0.8547999858856201,1.3195048570632935,18.21042823791504,270.05999755859375,2850.550048828125,5216.7099609375,2091.090087890625
2011-10-05,0.8615999817848206,1.3330134153366089,18.735729217529297,278.0899963378906,2973.89990234375,5473.02978515625,2179.419921875
2011-10-06,0.8625500202178955,1.333991527557373,19.384246826171875,285.80999755859375,3075.3701171875,5645.25,2248.780029296875
2011-10-07,0.8698999881744385,1.3428946733474731,19.248056411743164,288.30999755859375,3095.56005859375,5675.7001953125,2269.18994140625
2011-10-10,0.8611999750137329,1.3385984897613525,20.266225814819336,293.3399963378906,3161.469970703125,5847.2900390625,2320.800048828125
2011-10-11,0.8707000017166138,1.3635495901107788,20.246774673461914,292.8800048828125,3153.52001953125,5865.009765625,2315.969970703125
2011-10-12,0.8753600120544434,1.3645730018615723,20.77207374572754,300.1400146484375,3229.760009765625,5994.47021484375,2372.14990234375
2011-10-13,0.8753200173377991,1.379196286201477,20.668317794799805,297.3900146484375,3186.93994140625,5914.83984375,2332.52001953125
2011-10-14,0.8723999857902527,1.3735508918762207,20.921234130859375,302.4100036621094,3217.889892578125,5967.2001953125,2355.47998046875
2011-10-17,0.8768699765205383,1.3879058361053467,20.13004493713379,299.239990234375,3166.06005859375,5859.43017578125,2315.889892578125
2011-10-18,0.872759997844696,1.3744003772735596,20.558063507080078,298.67999267578125,3141.10009765625,5877.41015625,2306.81005859375
2011-10-19,0.8741999864578247,1.3740037679672241,20.214345932006836,301.67999267578125,3157.340087890625,5913.52978515625,2330.080078125
2011-10-20,0.8723999857902527,1.3765003681182861,20.07816505432129,299.010009765625,3084.070068359375,5766.47998046875,2271.77001953125
2011-10-21,0.8722400069236755,1.377903938293457,20.713712692260742,305.70001220703125,3171.340087890625,5970.9599609375,2337.510009765625
2011-10-24,0.8685200214385986,1.3847730159759521,21.01851463317871,308.32000732421875,3220.4599609375,6055.27001953125,2369.070068359375
2011-10-25,0.870199978351593,1.3922340869903564,20.60346221923828,304.9800109863281,3174.2900390625,6046.75,2343.9599609375
2011-10-26,0.8690000176429749,1.3904531002044678,20.862871170043945,303.8399963378906,3169.6201171875,6016.06982421875,2335.06005859375
2011-10-27,0.8694000244140625,1.387694001197815,22.646303176879883,315.45001220703125,3368.6201171875,6337.83984375,2476.919921875
2011-10-28,0.8809000253677368,1.4173942804336548,22.21827507019043,313.010009765625,3348.6298828125,6346.18994140625,2462.360107421875
2011-10-31,0.8773800134658813,1.4140071868896484,20.940690994262695,307.5,3242.840087890625,6141.33984375,2385.219970703125
2011-11-01,0.8619999885559082,1.386001467704773,19.714984893798828,296.19000244140625,3068.330078125,5834.509765625,2259.72998046875
2011-11-02,0.8565000295639038,1.3655978441238403,20.058712005615234,298.2099914550781,3110.590087890625,5965.6298828125,2291.889892578125
2011-11-03,0.8604099750518799,1.3690004348754883,20.836931228637695,304.5,3195.469970703125,6133.18017578125,2347.93994140625
2011-11-04,0.8618000149726868,1.382991909980774,20.181921005249023,301.9700012207031,3123.550048828125,5966.16015625,2291.469970703125
2011-11-07,0.8597000241279602,1.3789299726486206,20.23381233215332,299.75,3103.60009765625,5928.68017578125,2275.919921875
2011-11-08,0.8564000129699707,1.3760079145431519,20.6748046875,303.9800109863281,3143.300048828125,5961.43994140625,2303.199951171875
2011-11-09,0.8587999939918518,1.3826478719711304,19.176719665527344,294.3999938964844,3075.159912109375,5829.5400390625,2249.389892578125
2011-11-10,0.8500800132751465,1.3526674509048462,19.64365005493164,294.32000732421875,3064.840087890625,5867.81005859375,2254.919921875
2011-11-11,0.8537600040435791,1.3610072135925293,20.408906936645508,300.9800109863281,3149.3798828125,6057.02978515625,2324.81005859375
2011-11-14,0.8574000000953674,1.3787018060684204,19.773359298706055,296.8999938964844,3108.949951171875,5985.02001953125,2288.320068359375
2011-11-15,0.8568400144577026,1.362416386604309,19.62419891357422,292.92999267578125,3049.1298828125,5933.14013671875,2254.0
2011-11-16,0.8544700145721436,1.350712537765503,19.26750946044922,294.4700012207031,3064.89990234375,5913.35986328125,2267.9599609375
2011-11-17,0.8557299971580505,1.3441040515899658,19.07944679260254,290.2099914550781,3010.2900390625,5850.169921875,2242.780029296875
2011-11-18,0.854200005531311,1.3458044528961182,19.2934513092041,288.010009765625,2997.010009765625,5800.240234375,2236.679931640625
2011-11-21,0.8579699993133545,1.3529969453811646,18.742216110229492,278.8399963378906,2894.93994140625,5606.0,2160.280029296875
2011-11-22,0.8621000051498413,1.348435878753662,18.49577522277832,276.9100036621094,2870.679931640625,5537.39013671875,2136.81005859375
2011-11-23,0.8639000058174133,1.3521919250488281,17.801864624023438,272.7900085449219,2822.429931640625,5457.77001953125,2096.7900390625
2011-11-24,0.859499990940094,1.3352025747299194,17.801864624023438,271.6099853515625,2822.25,5428.10986328125,2096.7900390625
2011-11-25,0.8611999750137329,1.3331022262573242,17.73700714111328,274.3699951171875,2856.969970703125,5492.8701171875,2111.260009765625
2011-11-28,0.8593000173568726,1.3313452005386353,18.858945846557617,285.07000732421875,3012.929931640625,5745.330078125,2221.760009765625
2011-11-29,0.858959972858429,1.3316997289657593,18.96919059753418,287.54998779296875,3026.760009765625,5799.91015625,2234.169921875
2011-11-30,0.8540999889373779,1.3324095010757446,20.123559951782227,299.67999267578125,3154.6201171875,6088.83984375,2330.429931640625
2011-12-01,0.85589998960495,1.3443931341171265,19.935483932495117,296.9700012207031,3129.949951171875,6035.8798828125,2313.840087890625
2011-12-02,0.8585600256919861,1.346692442893982,19.922515869140625,300.7699890136719,3164.949951171875,6080.68017578125,2342.5
2011-12-05,0.8596000075340271,1.3419036865234375,20.24028778076172,305.1000061035156,3201.280029296875,6106.08984375,2369.389892578125
2011-12-06,0.8556600213050842,1.3386701345443726,20.311626434326172,304.79998779296875,3179.6298828125,6028.81982421875,2356.7099609375
2011-12-07,0.8593000173568726,1.3412017822265625,20.305145263671875,304.30999755859375,3175.97998046875,5994.72998046875,2344.919921875
2011-12-08,0.8533999919891357,1.3403747081756592,19.416675567626953,299.7900085449219,3095.489990234375,5874.43994140625,2288.050048828125
2011-12-09,0.8533999919891357,1.3345433473587036,20.14301109313965,304.5799865722656,3172.35009765625,5986.7099609375,2342.590087890625
2011-12-12,0.8540400266647339,1.3371665477752686,19.196182250976562,297.3900146484375,3089.590087890625,5785.43017578125,2269.4599609375
2011-12-13,0.8451600074768066,1.3171066045761108,18.690326690673828,298.55999755859375,3078.719970703125,5774.259765625,2260.97998046875
2011-12-14,0.8410000205039978,1.3019137382507324,18.417951583862305,292.1499938964844,2976.169921875,5675.14013671875,2205.909912109375
2011-12-15,0.8391100168228149,1.2988024950027466,18.489290237426758,294.6199951171875,2998.72998046875,5730.6201171875,2224.889892578125
2011-12-16,0.8392000198364258,1.302965521812439,18.285388946533203,294.0299987792969,2972.300048828125,5701.77978515625,2202.719970703125
2011-12-19,0.8396999835968018,1.3036959171295166,18.226573944091797,293.8999938964844,2974.199951171875,5670.7099609375,2202.949951171875
2011-12-20,0.8385999798774719,1.3007792234420776,19.063079833984375,301.7900085449219,3055.389892578125,5847.02978515625,2262.389892578125
2011-12-21,0.835099995136261,1.3087977170944214,18.906230926513672,300.79998779296875,3030.469970703125,5791.52978515625,2244.35009765625
2011-12-22,0.8320000171661377,1.3040019273757935,19.102283477783203,305.17999267578125,3071.800048828125,5852.18017578125,2273.02001953125
2011-12-23,0.8324999809265137,1.3056023120880127,19.27873420715332,307.7900085449219,3102.090087890625,5878.93017578125,2290.3701171875
2011-12-26,0.835860013961792,1.3044953346252441,19.27873420715332,307.7900085449219,3102.090087890625,5878.93017578125,2290.3701171875
2011-12-27,0.8353000283241272,1.3050570487976074,19.213380813598633,309.3699951171875,3103.110107421875,5889.759765625,2290.31005859375
2011-12-28,0.8342999815940857,1.307206630706787,18.7493839263916,306.760009765625,3071.080078125,5771.27001953125,2255.030029296875
2011-12-29,0.8370500206947327,1.292724609375,19.18724822998047,310.760009765625,3127.56005859375,5848.77978515625,2292.280029296875
2011-12-30,0.8403699994087219,1.2956053018569946,19.2852783203125,312.4700012207031,3159.81005859375,5898.35009765625,2316.550048828125
2012-01-02,0.8331000208854675,1.2960082292556763,19.2852783203125,312.4700012207031,3159.81005859375,6075.52001953125,2316.550048828125
2012-01-03,0.8335999846458435,1.2940963506698608,19.964935302734375,318.0400085449219,3245.39990234375,6166.56982421875,2389.909912109375
2012-01-04,0.8342000246047974,1.3056023120880127,19.579349517822266,314.5299987792969,3193.64990234375,6111.5498046875,2349.889892578125
2012-01-05,0.8284000158309937,1.2931424379348755,19.089221954345703,311.9200134277344,3144.909912109375,6095.990234375,2315.75
2012-01-06,0.8252000212669373,1.279606819152832,18.684038162231445,311.1099853515625,3137.360107421875,6057.919921875,2298.64990234375
2012-01-09,0.8222000002861023,1.2680377960205078,18.814746856689453,311.760009765625,3127.68994140625,6017.22998046875,2286.449951171875
2012-01-10,0.8263000249862671,1.2775959968566895,19.23298454284668,315.5,3210.7900390625,6162.97998046875,2347.469970703125
2012-01-11,0.8240699768066406,1.2751848697662354,19.174169540405273,311.6499938964844,3204.830078125,6152.33984375,2339.510009765625
2012-01-12,0.8295000195503235,1.272394061088562,19.363697052001953,310.29998779296875,3199.97998046875,6179.2099609375,2345.85009765625
2012-01-13,0.8356000185012817,1.2820513248443604,18.991193771362305,309.2799987792969,3196.489990234375,6143.080078125,2338.010009765625
2012-01-16,0.8263000249862671,1.2647020816802979,18.991193771362305,313.2300109863281,3225.0,6220.009765625,2361.56005859375
2012-01-17,0.8266000151634216,1.2667046785354614,19.49439811706543,315.6400146484375,3269.989990234375,6332.93017578125,2396.6298828125
2012-01-18,0.8306999802589417,1.2745997905731201,19.81462287902832,315.5199890136719,3264.929931640625,6354.56982421875,2390.639892578125
2012-01-19,0.8335999846458435,1.2866039276123047,20.252483367919922,320.4800109863281,3328.93994140625,6416.259765625,2435.0400390625
2012-01-20,0.836899995803833,1.2964956760406494,20.232866287231445,320.30999755859375,3321.5,6404.39013671875,2426.9599609375
2012-01-23,0.8290200233459473,1.2884771823883057,20.40932273864746,323.0199890136719,3338.419921875,6436.6201171875,2441.43994140625
2012-01-24,0.8359599709510803,1.3026939630508423,20.363576889038086,320.9700012207031,3322.64990234375,6419.22021484375,2432.070068359375
2012-01-25,0.8342000246047974,1.304103970527649,20.59883689880371,319.44000244140625,3312.47998046875,6421.85009765625,2421.1201171875
2012-01-26,0.8370000123977661,1.3107362985610962,20.683799743652344,322.82000732421875,3363.22998046875,6539.85009765625,2460.39990234375
2012-01-27,0.8349300026893616,1.3092775344848633,20.736080169677734,319.3599853515625,3318.760009765625,6511.97998046875,2436.6201171875
2012-01-30,0.839900016784668,1.3207945823669434,20.330894470214844,315.6300048828125,3265.639892578125,6444.4501953125,2404.6201171875
2012-01-31,0.8364999890327454,1.3139568567276,20.441999435424805,318.4700012207031,3298.550048828125,6458.91015625,2416.659912109375
2012-02-01,0.8295000195503235,1.3077024221420288,20.886390686035156,325.1499938964844,3367.4599609375,6616.64013671875,2470.7900390625
2012-02-02,0.8309999704360962,1.317002534866333,20.97788429260254,323.05999755859375,3376.659912109375,6655.6298828125,2478.14990234375
2012-02-03,0.831309974193573,1.3137152194976807,21.311168670654297,326.3299865722656,3427.919921875,6766.669921875,2515.14990234375
2012-02-06,0.8305000066757202,1.31271493434906,21.1870059967041,325.05999755859375,3405.27001953125,6764.830078125,2507.889892578125
2012-02-07,0.8295000195503235,1.3121638298034668,21.409198760986328,325.9700012207031,3411.5400390625,6754.2001953125,2514.1201171875
2012-02-08,0.833549976348877,1.3248542547225952,21.559511184692383,325.3299865722656,3410.0,6748.759765625,2512.919921875
2012-02-09,0.8378000259399414,1.3248542547225952,21.631391525268555,325.1199951171875,3424.7099609375,6788.7998046875,2522.340087890625
2012-02-10,0.8395000100135803,1.3278449773788452,21.017099380493164,320.0899963378906,3373.139892578125,6692.9599609375,2480.760009765625
2012-02-13,0.8385999798774719,1.3236793279647827,21.18046760559082,322.6099853515625,3384.550048828125,6738.47021484375,2491.5400390625
2012-02-14,0.8364700078964233,1.3157894611358643,20.96481704711914,321.8699951171875,3375.639892578125,6728.18994140625,2488.2900390625
2012-02-15,0.8367000222206116,1.3133701086044312,20.853708267211914,322.8599853515625,3390.35009765625,6757.93994140625,2493.9599609375
2012-02-16,0.8321999907493591,1.3058068752288818,21.1870059967041,325.17999267578125,3393.25,6751.9599609375,2489.35009765625
2012-02-17,0.8303999900817871,1.3126804828643799,21.415742874145508,327.92999267578125,3439.6201171875,6848.02978515625,2520.31005859375
2012-02-20,0.8333699703216553,1.3227163553237915,21.415742874145508,332.5799865722656,3472.5400390625,6948.25,2520.31005859375
2012-02-21,0.8342999815940857,1.3204805850982666,21.54644012451172,330.510009765625,3465.239990234375,6908.18017578125,2541.60009765625
2012-02-22,0.838699996471405,1.324327826499939,21.383054733276367,326.7699890136719,3447.3701171875,6843.8701171875,2519.0
2012-02-23,0.8453999757766724,1.325574278831482,21.605253219604492,326.2200012207031,3447.31005859375,6809.4599609375,2508.080078125
2012-02-24,0.849399983882904,1.337363362312317,21.827451705932617,324.9100036621094,3467.030029296875,6864.43017578125,2523.68994140625
2012-02-27,0.847790002822876,1.3467106819152832,21.644466400146484,324.9800109863281,3441.449951171875,6849.60009765625,2513.06005859375
2012-02-28,0.8468000292778015,1.3406623601913452,21.827451705932617,325.54998779296875,3453.989990234375,6887.6298828125,2519.719970703125
2012-02-29,0.8464000225067139,1.3477997779846191,21.520294189453125,324.25,3452.449951171875,6856.080078125,2512.110107421875
2012-03-01,0.8368300199508667,1.3320900201797485,21.860130310058594,326.54998779296875,3499.72998046875,6941.77001953125,2548.659912109375
2012-03-02,0.8345999717712402,1.3322675228118896,21.592180252075195,327.8500061035156,3501.169921875,6921.3701171875,2546.159912109375
2012-03-05,0.8326799869537354,1.318617582321167,21.539899826049805,325.6400146484375,3487.5400390625,6866.4599609375,2529.860107421875
2012-03-06,0.8330000042915344,1.3225764036178589,20.51388168334961,317.5299987792969,3362.56005859375,6633.10986328125,2443.52001953125
2012-03-07,0.8343999981880188,1.3123359680175781,20.840641021728516,319.6400146484375,3392.330078125,6671.10986328125,2460.77001953125
2012-03-08,0.8352000117301941,1.3139914274215698,21.487634658813477,325.1099853515625,3478.360107421875,6834.5400390625,2514.219970703125
2012-03-09,0.8385999798774719,1.327492356300354,21.252351760864258,326.0299987792969,3487.47998046875,6880.2099609375,2515.949951171875
2012-03-12,0.8374000191688538,1.312508225440979,21.311168670654297,326.1000061035156,3490.06005859375,6901.35009765625,2514.969970703125
2012-03-13,0.8411999940872192,1.3168290853500366,21.6510066986084,331.489990234375,3550.159912109375,6995.91015625,2556.820068359375
2012-03-14,0.8327699899673462,1.30804443359375,21.56604766845703,333.20001220703125,3564.510009765625,7079.419921875,2574.7900390625
2012-03-15,0.8319000005722046,1.3022528886795044,21.866662979125977,335.1000061035156,3580.2099609375,7144.4501953125,2593.969970703125
2012-03-16,0.8327000141143799,1.3078734874725342,22.07442855834961,336.1700134277344,3594.830078125,7157.81982421875,2608.300048828125
2012-03-19,0.8319000005722046,1.3177140951156616,22.231727600097656,336.1199951171875,3577.8798828125,7154.22021484375,2608.419921875
2012-03-20,0.8325999975204468,1.3229262828826904,21.949899673461914,332.04998779296875,3530.830078125,7054.93994140625,2576.610107421875
2012-03-21,0.8343999981880188,1.323766827583313,21.74016761779785,330.7799987792969,3527.3701171875,7071.31982421875,2567.580078125
2012-03-22,0.8324999809265137,1.3218770027160645,21.438674926757812,326.9200134277344,3472.4599609375,6981.259765625,2530.219970703125
2012-03-23,0.8343999981880188,1.3204805850982666,21.54354476928711,326.19000244140625,3476.179931640625,6995.6201171875,2525.429931640625
2012-03-26,0.8363999724388123,1.328303575515747,21.8778018951416,330.2300109863281,3501.97998046875,7079.22998046875,2539.8701171875
2012-03-27,0.8367000222206116,1.3360053300857544,21.56975746154785,328.989990234375,3469.590087890625,7078.89990234375,2525.2099609375
2012-03-28,0.8353000283241272,1.3328713178634644,21.327259063720703,325.6199951171875,3430.14990234375,6998.7998046875,2496.679931640625
2012-03-29,0.8382999897003174,1.3326226472854614,21.02576446533203,321.0899963378906,3381.1201171875,6875.14990234375,2452.739990234375
2012-03-30,0.8342000246047974,1.3313806056976318,21.268272399902344,323.510009765625,3423.81005859375,6946.830078125,2477.280029296875
2012-04-02,0.8341000080108643,1.3358268737792969,21.471446990966797,326.3900146484375,3462.909912109375,7056.64990234375,2501.179931640625
2012-04-03,0.8311799764633179,1.3333333730697632,20.868459701538086,322.0299987792969,3406.780029296875,6982.27978515625,2458.97998046875
2012-04-04,0.8312600255012512,1.3225239515304565,20.26547622680664,313.8699951171875,3313.469970703125,6784.06005859375,2398.4599609375
2012-04-05,0.8263999819755554,1.314405918121338,20.022977828979492,314.9100036621094,3319.81005859375,6775.259765625,2392.5400390625
2012-04-06,0.8251000046730042,1.3065063953399658,20.022977828979492,314.9100036621094,3319.81005859375,6775.259765625,2392.5400390625
2012-04-09,0.8240000009536743,1.3079075813293457,19.95087432861328,314.9100036621094,3319.81005859375,6775.259765625,2392.5400390625
2012-04-10,0.824150025844574,1.311131477355957,19.354446411132812,305.9100036621094,3217.60009765625,6606.43017578125,2321.530029296875
2012-04-11,0.8245999813079834,1.3073604106903076,19.72148323059082,307.7699890136719,3237.68994140625,6674.72998046875,2341.360107421875
2012-04-12,0.8237000107765198,1.311991572380066,20.003313064575195,310.8800048828125,3269.7900390625,6743.240234375,2352.239990234375
2012-04-13,0.826200008392334,1.318913221359253,19.30858039855957,306.1199951171875,3189.090087890625,6583.89990234375,2291.510009765625
2012-04-16,0.8237000107765198,1.30565345287323,19.531414031982422,306.0199890136719,3205.280029296875,6625.18994140625,2301.18994140625
2012-04-17,0.825760006904602,1.3126804828643799,20.009864807128906,313.17999267578125,3292.510009765625,6801.0,2367.050048828125
2012-04-18,0.8239200115203857,1.3135426044464111,19.66904640197754,309.989990234375,3240.2900390625,6732.02978515625,2327.840087890625
2012-04-19,0.8187000155448914,1.311991572380066,19.30858039855957,306.760009765625,3174.02001953125,6671.22021484375,2284.669921875
2012-04-20,0.8183000087738037,1.314578652381897,19.65594482421875,309.20001220703125,3188.580078125,6750.1201171875,2311.27001953125
2012-04-23,0.8187000155448914,1.3204805850982666,19.15127182006836,301.2699890136719,3098.3701171875,6523.0,2244.830078125
2012-04-24,0.8158000111579895,1.3152011632919312,19.38722038269043,304.67999267578125,3169.320068359375,6590.41015625,2284.080078125
2012-04-25,0.817300021648407,1.3197835683822632,19.83945655822754,308.0,3233.4599609375,6704.5,2322.909912109375
2012-04-26,0.817799985408783,1.323276400566101,19.963987350463867,310.54998779296875,3229.320068359375,6739.89990234375,2322.68994140625
2012-04-27,0.8152999877929688,1.319087266921997,20.06230354309082,310.75,3266.27001953125,6801.31982421875,2344.02001953125
2012-04-30,0.8130999803543091,1.3241524696350098,19.83945655822754,308.29998779296875,3212.800048828125,6761.18994140625,2306.429931640625
2012-05-01,0.815500020980835,1.3239772319793701,19.9443302154541,308.29998779296875,3212.800048828125,6761.18994140625,2306.429931640625
2012-05-02,0.8159999847412109,1.3239772319793701,19.62972640991211,306.8699951171875,3226.330078125,6710.77001953125,2290.31005859375
2012-05-03,0.8118000030517578,1.3147515058517456,19.426544189453125,306.44000244140625,3223.360107421875,6694.43994140625,2287.10009765625
2012-05-04,0.8123000264167786,1.3156163692474365,19.11194610595703,300.95001220703125,3161.969970703125,6561.47021484375,2248.340087890625
2012-05-07,0.8042399883270264,1.297033667564392,19.452770233154297,304.739990234375,3214.219970703125,6569.47998046875,2283.090087890625
2012-05-08,0.8063799738883972,1.306165099143982,19.11850357055664,300.5899963378906,3124.800048828125,6444.740234375,2236.110107421875
2012-05-09,0.8046000003814697,1.299545168876648,18.744918823242188,300.07000732421875,3118.64990234375,6475.31005859375,2225.6298828125
2012-05-10,0.801609992980957,1.2936609983444214,18.974306106567383,302.94000244140625,3130.169921875,6518.0,2247.3798828125
2012-05-11,0.8015000224113464,1.2934937477111816,18.908769607543945,305.2799987792969,3129.77001953125,6579.93017578125,2254.5400390625
2012-05-14,0.8023999929428101,1.289989709854126,18.397541046142578,298.04998779296875,3057.989990234375,6451.97021484375,2201.949951171875
2012-05-15,0.7969800233840942,1.283202886581421,18.06983757019043,296.239990234375,3039.27001953125,6401.06005859375,2178.669921875
2012-05-16,0.7967000007629395,1.273560881614685,17.984634399414062,294.989990234375,3048.669921875,6384.259765625,2175.340087890625
2012-05-17,0.7993999719619751,1.2730745077133179,17.74868392944336,290.2300109863281,3011.989990234375,6308.9599609375,2175.340087890625
2012-05-18,0.8043000102043152,1.269841194152832,17.840442657470703,288.7699890136719,3008.0,6271.22021484375,2144.68994140625
2012-05-21,0.8076000213623047,1.2773023843765259,18.286123275756836,290.5400085449219,3027.14990234375,6331.0400390625,2150.159912109375
2012-05-22,0.8093000054359436,1.281065821647644,18.18125343322754,295.95001220703125,3084.090087890625,6435.60009765625,2192.85009765625
2012-05-23,0.8033999800682068,1.2664639949798584,17.938749313354492,289.1600036621094,3003.27001953125,6285.75,2134.050048828125
2012-05-24,0.8008999824523926,1.2561235427856445,17.78800392150879,292.0799865722656,3038.25,6315.89013671875,2156.52001953125
2012-05-25,0.8004999756813049,1.2536041736602783,17.83388900756836,292.760009765625,3047.93994140625,6339.93994140625,2161.8701171875
2012-05-28,0.8014000058174133,1.2569130659103394,17.83388900756836,292.760009765625,3042.969970703125,6323.18994140625,2161.8701171875
2012-05-29,0.7991999983787537,1.2525050640106201,17.892871856689453,295.2699890136719,3084.699951171875,6396.83984375,2160.31005859375
2012-05-30,0.7979999780654907,1.2478163242340088,17.270219802856445,290.6600036621094,3015.580078125,6280.7998046875,2116.179931640625
2012-05-31,0.7990999817848206,1.2374706268310547,17.32921600341797,290.0899963378906,3017.010009765625,6264.3798828125,2118.93994140625
2012-06-01,0.8027999997138977,1.2362467050552368,16.92940902709961,283.7699890136719,2950.469970703125,6050.2900390625,2068.659912109375
2012-06-04,0.8077200055122375,1.2402331829071045,17.270219802856445,283.07000732421875,2954.489990234375,5978.22998046875,2078.9599609375
2012-06-05,0.8131999969482422,1.2509382963180542,17.24401092529297,284.989990234375,2986.10009765625,5969.39990234375,2087.31005859375
2012-06-06,0.8100500106811523,1.2462612390518188,17.866655349731445,291.3900146484375,3058.43994140625,6093.990234375,2137.72998046875
2012-06-07,0.8120999932289124,1.2573871612548828,17.755229949951172,292.8999938964844,3071.159912109375,6144.22021484375,2143.080078125
2012-06-08,0.8094000220298767,1.2570710182189941,17.840442657470703,291.7300109863281,3051.68994140625,6130.81982421875,2143.89990234375
2012-06-11,0.8137999773025513,1.2645422220230103,17.552059173583984,291.3900146484375,3042.760009765625,6141.0498046875,2137.699951171875
2012-06-12,0.8057199716567993,1.2478163242340088,17.814220428466797,292.010009765625,3046.909912109375,6161.240234375,2143.3798828125
2012-06-13,0.8029999732971191,1.2504688501358032,17.73557472229004,291.6000061035156,3030.0400390625,6152.490234375,2143.5
2012-06-14,0.8099499940872192,1.2573871612548828,17.971527099609375,291.9800109863281,3032.449951171875,6138.60986328125,2148.2099609375
2012-06-15,0.8119000196456909,1.262785792350769,18.29617691040039,297.5799865722656,3087.6201171875,6229.41015625,2181.22998046875
2012-06-18,0.8082900047302246,1.27048659324646,17.985048294067383,297.010009765625,3066.18994140625,6248.2001953125,2155.639892578125
2012-06-19,0.8030999898910522,1.2597631216049194,18.485572814941406,301.80999755859375,3117.919921875,6363.35986328125,2198.010009765625
2012-06-20,0.8065000176429749,1.2680699825286865,18.566741943359375,302.95001220703125,3126.52001953125,6392.1298828125,2207.489990234375
2012-06-21,0.807200014591217,1.2680699825286865,18.093265533447266,301.6400146484375,3114.219970703125,6343.1298828125,2199.419921875
2012-06-22,0.8043000102043152,1.255177617073059,18.323240280151367,298.760009765625,3090.89990234375,6263.25,2186.81005859375
2012-06-25,0.8044999837875366,1.2537612915039062,17.680673599243164,294.2799987792969,3021.639892578125,6132.39013671875,2130.7099609375
2012-06-26,0.8031200170516968,1.2504688501358032,17.741552352905273,294.04998779296875,3012.7099609375,6136.68994140625,2127.949951171875
2012-06-27,0.7986000180244446,1.248751163482666,17.957992553710938,298.07000732421875,3063.1201171875,6228.990234375,2165.610107421875
2012-06-28,0.8009499907493591,1.2473493814468384,17.937700271606445,297.2200012207031,3051.679931640625,6149.91015625,2157.6201171875
2012-06-29,0.8016499876976013,1.2440905570983887,19.087549209594727,307.30999755859375,3196.64990234375,6416.27978515625,2264.719970703125
2012-07-02,0.8069000244140625,1.2655184268951416,19.249887466430664,310.2699890136719,3240.199951171875,6496.080078125,2292.080078125
2012-07-03,0.8016999959945679,1.2581782341003418,19.418983459472656,314.3399963378906,3271.199951171875,6578.2099609375,2320.429931640625
2012-07-04,0.8033000230789185,1.2605571746826172,19.418983459472656,314.8299865722656,3267.75,6564.7998046875,2312.409912109375
2012-07-05,0.8030999898910522,1.2516272068023682,18.75612449645996,312.9700012207031,3229.360107421875,6535.56005859375,2284.919921875
2012-07-06,0.7978000044822693,1.2391574382781982,18.309717178344727,309.8399963378906,3168.7900390625,6410.10986328125,2235.510009765625
2012-07-09,0.7925000190734863,1.227144479751587,18.29617691040039,308.3999938964844,3156.800048828125,6387.56982421875,2227.909912109375
2012-07-10,0.7931200265884399,1.2318304777145386,18.127090454101562,312.4100036621094,3175.409912109375,6438.330078125,2241.85009765625
2012-07-11,0.7896999716758728,1.2256402969360352,18.289424896240234,312.54998779296875,3157.25,6453.85009765625,2246.22998046875
2012-07-12,0.7894999980926514,1.2247247695922852,18.133852005004883,311.4200134277344,3135.179931640625,6419.35009765625,2228.010009765625
2012-07-13,0.7901999950408936,1.2192742824554443,18.384117126464844,314.6000061035156,3180.81005859375,6557.10009765625,2259.090087890625
2012-07-16,0.7858999967575073,1.2248897552490234,18.350296020507812,315.9800109863281,3179.89990234375,6565.72021484375,2251.9599609375
2012-07-17,0.7849000096321106,1.2268433570861816,18.51938819885254,315.29998779296875,3176.969970703125,6577.64013671875,2250.75
2012-07-18,0.7848399877548218,1.2295585870742798,18.681724548339844,319.1600036621094,3235.39990234375,6684.419921875,2284.699951171875
2012-07-19,0.784500002861023,1.2277470827102661,18.80347442626953,322.4800109863281,3263.639892578125,6758.39013671875,2302.449951171875
2012-07-20,0.781000018119812,1.2276867628097534,18.086509704589844,319.75,3193.889892578125,6630.02001953125,2237.330078125
2012-07-23,0.7767999768257141,1.2127091884613037,17.61979866027832,312.92999267578125,3101.530029296875,6419.330078125,2179.31005859375
2012-07-24,0.7813000082969666,1.212415099143982,17.22749900817871,311.739990234375,3074.679931640625,6390.41015625,2151.5400390625
2012-07-25,0.7781000137329102,1.2061853408813477,17.457469940185547,313.0899963378906,3081.739990234375,6406.52001953125,2159.090087890625
2012-07-26,0.7838000059127808,1.2140341997146606,18.377351760864258,320.489990234375,3207.1201171875,6582.9599609375,2251.050048828125
2012-07-27,0.7827000021934509,1.2280486822128296,19.067262649536133,323.30999755859375,3280.18994140625,6689.39990234375,2301.22998046875
2012-07-30,0.7822800278663635,1.230466365814209,19.019920349121094,328.6499938964844,3320.7099609375,6774.06005859375,2340.31005859375
2012-07-31,0.7802000045776367,1.2259409427642822,18.9522762298584,326.4700012207031,3291.659912109375,6772.259765625,2325.719970703125
2012-08-01,0.784500002861023,1.2294074296951294,18.959043502807617,327.7099914550781,3321.56005859375,6754.4599609375,2325.719970703125
2012-08-02,0.7874000072479248,1.2241400480270386,18.29617691040039,322.1600036621094,3232.4599609375,6606.08984375,2263.360107421875
2012-08-03,0.7849000096321106,1.218026876449585,19.50014877319336,330.42999267578125,3374.18994140625,6865.66015625,2372.580078125
2012-08-06,0.7938600182533264,1.2428536415100098,19.750415802001953,330.3999938964844,3401.56005859375,6918.72021484375,2399.320068359375
2012-08-07,0.7946000099182129,1.2390038967132568,20.129186630249023,334.32000732421875,3453.280029296875,6967.9501953125,2440.239990234375
2012-08-08,0.7930600047111511,1.2386969327926636,20.000669479370117,332.0400085449219,3438.260009765625,6966.14990234375,2432.280029296875
2012-08-09,0.7894999980926514,1.237332820892334,19.89921760559082,334.6600036621094,3456.7099609375,6964.990234375,2437.0400390625
2012-08-10,0.7864300012588501,1.2294074296951294,19.878923416137695,333.5,3435.6201171875,6944.56005859375,2423.219970703125
2012-08-13,0.7833600044250488,1.2277169227600098,19.86539649963379,331.3800048828125,3426.409912109375,6909.68017578125,2415.9599609375
2012-08-14,0.7861999869346619,1.2327415943145752,19.912738800048828,332.8900146484375,3450.27001953125,6974.39013671875,2432.2900390625
2012-08-15,0.7860199809074402,1.2325897216796875,19.85863494873047,333.17999267578125,3449.199951171875,6946.7998046875,2430.389892578125
2012-08-16,0.7835999727249146,1.2289540767669678,20.25093650817871,333.75,3480.489990234375,6996.2900390625,2456.530029296875
2012-08-17,0.7851999998092651,1.2357884645462036,20.291521072387695,335.7699890136719,3488.3798828125,7040.8798828125,2471.530029296875
2012-08-20,0.7858999967575073,1.233258605003357,20.31180763244629,333.8500061035156,3480.580078125,7033.68017578125,2466.320068359375
2012-08-21,0.7860999703407288,1.2353304624557495,20.541784286499023,335.9200134277344,3513.280029296875,7089.31982421875,2490.27001953125
2012-08-22,0.7906000018119812,1.2476606369018555,20.5214900970459,332.0799865722656,3461.64990234375,7017.75,2452.72998046875
2012-08-23,0.7889999747276306,1.2534469366073608,20.24417495727539,330.05999755859375,3432.56005859375,6949.56982421875,2429.169921875
2012-08-24,0.7920899987220764,1.2561235427856445,20.24417495727539,329.6400146484375,3433.2099609375,6971.06982421875,2434.22998046875
2012-08-27,0.7911999821662903,1.250437617301941,20.365924835205078,332.3500061035156,3462.830078125,7047.4501953125,2461.820068359375
2012-08-28,0.791700005531311,1.250156283378601,20.420032501220703,329.2300109863281,3431.550048828125,7002.68017578125,2442.1201171875
2012-08-29,0.7942000031471252,1.257228970527649,20.31180763244629,330.1499938964844,3413.889892578125,7010.56982421875,2434.22998046875
2012-08-30,0.7915499806404114,1.2531328201293945,19.993911743164062,327.5400085449219,3379.110107421875,6895.490234375,2403.800048828125
2012-08-31,0.7922000288963318,1.2510946989059448,20.345630645751953,329.2799987792969,3413.070068359375,6970.7900390625,2440.7099609375
2012-09-03,0.7924000024795532,1.257703423500061,20.345630645751953,331.8900146484375,3453.7099609375,7014.830078125,2463.169921875
2012-09-04,0.7925000190734863,1.2586532831192017,20.420032501220703,328.6600036621094,3399.0400390625,6932.580078125,2436.5400390625
2012-09-05,0.789900004863739,1.2534469366073608,20.440322875976562,328.8299865722656,3405.7900390625,6964.68994140625,2441.81005859375
2012-09-06,0.7922000288963318,1.2602394819259644,21.22492790222168,336.42999267578125,3509.8798828125,7167.330078125,2524.949951171875
2012-09-07,0.7925999760627747,1.2632642984390259,21.664573669433594,337.57000732421875,3519.050048828125,7214.5,2538.60009765625
2012-09-10,0.7990999817848206,1.2795906066894531,21.387266159057617,335.5,3506.050048828125,7213.7001953125,2528.530029296875
2012-09-11,0.7979000210762024,1.2761613130569458,21.85396957397461,336.1099853515625,3537.300048828125,7310.10986328125,2557.64990234375
2012-09-12,0.7994999885559082,1.2851818799972534,21.98247528076172,336.1000061035156,3543.7900390625,7343.52978515625,2564.800048828125
2012-09-13,0.8008999824523926,1.2903226613998413,22.286853790283203,334.6000061035156,3502.090087890625,7310.31982421875,2543.219970703125
2012-09-14,0.8043000102043152,1.299376368522644,22.597991943359375,338.2799987792969,3581.580078125,7412.1298828125,2594.56005859375
2012-09-17,0.8083400130271912,1.3116475343704224,22.483007431030273,337.1499938964844,3553.68994140625,7403.68994140625,2583.570068359375
2012-09-18,0.8069999814033508,1.3110111951828003,22.15833854675293,335.4700012207031,3512.68994140625,7347.68994140625,2553.39990234375
2012-09-19,0.8029999732971191,1.3046314716339111,22.29361343383789,335.7099914550781,3531.820068359375,7390.759765625,2567.669921875
2012-09-20,0.8044499754905701,1.3058239221572876,22.070409774780273,334.239990234375,3509.919921875,7389.490234375,2553.030029296875
2012-09-21,0.7996699810028076,1.2973533868789673,22.208953857421875,334.1499938964844,3530.719970703125,7451.6201171875,2577.080078125
2012-09-24,0.798799991607666,1.2968486547470093,22.052751541137695,331.8399963378906,3497.219970703125,7413.16015625,2557.889892578125
2012-09-25,0.7974200248718262,1.2941633462905884,21.82862663269043,334.5,3513.81005859375,7425.10986328125,2568.47998046875
2012-09-26,0.7965999841690063,1.2900062799453735,21.4550838470459,328.04998779296875,3414.840087890625,7276.509765625,2498.52001953125
2012-09-27,0.7961000204086304,1.2881617546081543,21.71995735168457,329.1199951171875,3439.320068359375,7290.02001953125,2506.06005859375
2012-09-28,0.7954599857330322,1.2913223505020142,21.07474136352539,323.17999267578125,3354.820068359375,7216.14990234375,2454.260009765625
2012-10-01,0.7941700220108032,1.2809016704559326,21.312450408935547,327.5199890136719,3434.97998046875,7326.72998046875,2498.81005859375
2012-10-02,0.7989000082015991,1.2888258695602417,21.489038467407227,327.239990234375,3414.22998046875,7305.85986328125,2493.590087890625
2012-10-03,0.8004000186920166,1.2916558980941772,21.41432762145996,327.9800109863281,3406.02001953125,7305.85986328125,2492.47998046875
2012-10-04,0.8025000095367432,1.2923235893249512,21.67921257019043,327.6600036621094,3401.199951171875,7305.2099609375,2485.75
2012-10-05,0.8038100004196167,1.3017443418502808,21.862577438354492,332.5299987792969,3457.0400390625,7397.8701171875,2531.2099609375
2012-10-08,0.8064000010490417,1.301574945449829,21.658823013305664,329.57000732421875,3406.530029296875,7291.2099609375,2496.090087890625
2012-10-09,0.8091999888420105,1.2976900339126587,21.122283935546875,327.7099914550781,3382.780029296875,7234.52978515625,2472.22998046875
2012-10-10,0.8037999868392944,1.2858428955078125,21.067947387695312,326.79998779296875,3365.8701171875,7205.22998046875,2456.5400390625
2012-10-11,0.8032600283622742,1.2858428955078125,21.312450408935547,329.54998779296875,3413.719970703125,7281.7001953125,2487.080078125
2012-10-12,0.8057900071144104,1.293326497077942,21.353200912475586,327.95001220703125,3389.080078125,7232.490234375,2469.090087890625
2012-10-15,0.8052600026130676,1.2943308353424072,21.590909957885742,329.45001220703125,3420.280029296875,7261.25,2485.1201171875
2012-10-16,0.8062999844551086,1.2968486547470093,22.22933578491211,333.7099914550781,3500.93994140625,7376.27001953125,2547.89990234375
2012-10-17,0.8126000165939331,1.3107877969741821,22.53495979309082,335.69000244140625,3527.5,7394.5498046875,2569.830078125
2012-10-18,0.8125,1.3116475343704224,22.433076858520508,335.32000732421875,3535.179931640625,7437.22998046875,2574.18994140625
2012-10-19,0.8138999938964844,1.3069161176681519,21.964458465576172,334.1700134277344,3504.56005859375,7380.64013671875,2542.239990234375
2012-10-22,0.8139200210571289,1.3022528886795044,22.11387825012207,334.4599914550781,3483.25,7328.0498046875,2531.10009765625
2012-10-23,0.8158000111579895,1.3070186376571655,21.522993087768555,326.75,3406.5,7173.68994140625,2477.919921875
2012-10-24,0.8133000135421753,1.2973533868789673,21.4550838470459,328.489990234375,3426.489990234375,7192.85009765625,2490.580078125
2012-10-25,0.8086000084877014,1.2965123653411865,21.482242584228516,329.25,3411.530029296875,7200.22998046875,2483.429931640625
2012-10-26,0.8026000261306763,1.2938284873962402,21.570539474487305,329.45001220703125,3435.090087890625,7231.85009765625,2496.10009765625
2012-10-29,0.8032000064849854,1.2924071550369263,21.570539474487305,328.3900146484375,3408.889892578125,7203.16015625,2478.840087890625
2012-10-30,0.8050900101661682,1.2908222675323486,21.570539474487305,332.3500061035156,3459.43994140625,7284.39990234375,2515.989990234375
2012-10-31,0.8062800168991089,1.2962603569030762,21.67921257019043,330.760009765625,3429.27001953125,7260.6298828125,2503.639892578125
2012-11-01,0.803600013256073,1.2965123653411865,21.93729019165039,335.42999267578125,3475.39990234375,7335.669921875,2533.8701171875
2012-11-02,0.802299976348877,1.2948336601257324,21.67921257019043,337.6000061035156,3492.4599609375,7363.85009765625,2547.14990234375
2012-11-05,0.8004000186920166,1.2827913761138916,21.529781341552734,335.0799865722656,3448.5,7326.47021484375,2517.669921875
2012-11-06,0.8007000088691711,1.2802459001541138,21.760704040527344,337.3699951171875,3478.659912109375,7377.759765625,2535.93994140625
2012-11-07,0.8008000254631042,1.2808033227920532,21.25132179260254,332.8699951171875,3409.590087890625,7232.830078125,2479.10009765625
2012-11-08,0.79830002784729,1.2759984731674194,21.006826400756836,332.4200134277344,3407.679931640625,7204.9599609375,2479.1298828125
2012-11-09,0.7974200248718262,1.274534821510315,21.00002670288086,331.92999267578125,3423.570068359375,7163.5,2479.820068359375
2012-11-12,0.8003000020980835,1.272394061088562,21.061153411865234,332.3299865722656,3411.64990234375,7168.759765625,2473.52001953125
2012-11-13,0.8003399968147278,1.2709709405899048,20.979660034179688,334.0400085449219,3430.60009765625,7169.1201171875,2493.139892578125
2012-11-14,0.800599992275238,1.2709709405899048,20.81665802001953,330.6700134277344,3400.02001953125,7101.919921875,2472.840087890625
2012-11-15,0.8034999966621399,1.273236632347107,20.911739349365234,324.760009765625,3382.39990234375,7043.419921875,2461.77001953125
2012-11-16,0.8057000041007996,1.2784454822540283,20.741947174072266,319.8399963378906,3341.52001953125,6950.52978515625,2427.320068359375
2012-11-19,0.802299976348877,1.2759497165679932,21.359994888305664,324.739990234375,3439.580078125,7123.83984375,2495.2099609375
2012-11-20,0.8034999966621399,1.276943564414978,21.461862564086914,326.0199890136719,3462.06005859375,7172.990234375,2509.6201171875
2012-11-21,0.8046000003814697,1.281443476676941,21.550159454345703,326.4100036621094,3477.360107421875,7184.7099609375,2519.679931640625
2012-11-22,0.8055999875068665,1.2865046262741089,21.550159454345703,327.70001220703125,3498.219970703125,7244.990234375,2535.090087890625
2012-11-23,0.8076000213623047,1.2875149250030518,22.141042709350586,331.5,3528.800048828125,7309.1298828125,2557.030029296875
2012-11-26,0.8087999820709229,1.2965964078903198,22.120668411254883,330.8999938964844,3500.93994140625,7292.02978515625,2542.52001953125
2012-11-27,0.8099600076675415,1.298701286315918,21.88974952697754,332.9200134277344,3502.1298828125,7332.330078125,2543.449951171875
2012-11-28,0.8075600266456604,1.2938284873962402,22.13425064086914,334.2799987792969,3515.18994140625,7343.41015625,2546.840087890625
2012-11-29,0.8087000250816345,1.2953367233276367,22.35837745666504,338.1000061035156,3568.8798828125,7400.9599609375,2581.68994140625
2012-11-30,0.8088499903678894,1.2973533868789673,22.42629623413086,336.54998779296875,3557.280029296875,7405.5,2575.25
2012-12-03,0.8109999895095825,1.299680233001709,22.494211196899414,337.2799987792969,3566.590087890625,7435.2099609375,2582.360107421875
2012-12-04,0.8113999962806702,1.299680233001709,22.657217025756836,337.6199951171875,3580.47998046875,7435.1201171875,2590.830078125
2012-12-05,0.8133500218391418,1.3099292516708374,22.711544036865234,338.8500061035156,3590.5,7454.5498046875,2592.090087890625
2012-12-06,0.8119999766349792,1.3070186376571655,22.670793533325195,341.2900085449219,3601.64990234375,7534.5400390625,2603.409912109375
2012-12-07,0.8075000047683716,1.2963443994522095,22.51458740234375,342.6099853515625,3605.610107421875,7517.7998046875,2601.3701171875
2012-12-10,0.8046000003814697,1.2906056642532349,22.487424850463867,342.9100036621094,3612.10009765625,7530.919921875,2596.02001953125
2012-12-11,0.8047999739646912,1.2938284873962402,22.81342124938965,344.1199951171875,3646.14990234375,7589.75,2624.030029296875
2012-12-12,0.8071900010108948,1.3013207912445068,22.9356746673584,344.3500061035156,3646.659912109375,7614.7900390625,2630.340087890625
2012-12-13,0.8097000122070312,1.3066771030426025,22.881336212158203,343.8299865722656,3643.1298828125,7581.97998046875,2627.659912109375
2012-12-14,0.8113999962806702,1.3078734874725342,23.09189224243164,344.3900146484375,3643.280029296875,7596.47021484375,2630.5400390625
2012-12-17,0.8137999773025513,1.3165863752365112,23.193769454956055,343.3399963378906,3638.10009765625,7604.93994140625,2628.010009765625
2012-12-18,0.8121899962425232,1.316482424736023,23.451847076416016,343.6000061035156,3648.6298828125,7653.580078125,2643.5
2012-12-19,0.8140000104904175,1.323101282119751,23.438261032104492,345.1400146484375,3664.590087890625,7668.5,2654.68994140625
2012-12-20,0.8129299879074097,1.3215277194976807,23.62843132019043,346.6000061035156,3666.72998046875,7672.10009765625,2658.300048828125
2012-12-21,0.8133000135421753,1.323766827583313,23.46526336669922,344.1199951171875,3661.39990234375,7636.22998046875,2651.090087890625
2012-12-24,0.8158000111579895,1.3182003498077393,23.308237075805664,344.5199890136719,3661.39990234375,7636.22998046875,2651.090087890625
2012-12-25,0.8172000050544739,1.3180439472198486,23.308237075805664,344.5199890136719,3661.39990234375,7636.22998046875,2651.090087890625
2012-12-26,0.8169000148773193,1.3180439472198486,23.35601806640625,344.5199890136719,3661.39990234375,7636.22998046875,2651.090087890625
2012-12-27,0.8202999830245972,1.3225764036178589,23.594982147216797,344.7099914550781,3674.260009765625,7655.8798828125,2659.949951171875
2012-12-28,0.8219000101089478,1.3250298500061035,23.123897552490234,342.0,3620.25,7612.39013671875,2626.85009765625
2012-12-31,0.8181999921798706,1.3227688074111938,23.663251876831055,342.7099914550781,3620.25,7612.39013671875,2626.85009765625
2013-01-01,0.8098000288009644,1.3201320171356201,23.663251876831055,342.7099914550781,3620.25,7612.39013671875,2626.85009765625
2013-01-02,0.8120999932289124,1.3197835683822632,23.909034729003906,350.2099914550781,3733.929931640625,7778.77978515625,2626.85009765625
2013-01-03,0.8111000061035156,1.3182177543640137,23.540361404418945,350.739990234375,3721.169921875,7756.43994140625,2701.219970703125
2013-01-04,0.8100000023841858,1.3032711744308472,23.745176315307617,351.7300109863281,3730.02001953125,7776.3701171875,2709.35009765625
2013-01-07,0.8131200075149536,1.3067454099655151,23.649599075317383,351.239990234375,3704.639892578125,7732.66015625,2695.56005859375
2013-01-08,0.8138999938964844,1.312508225440979,23.58131980895996,349.1099853515625,3705.8798828125,7695.830078125,2691.449951171875
2013-01-09,0.8144999742507935,1.3082326650619507,23.622289657592773,350.0,3717.449951171875,7720.47021484375,2706.389892578125
2013-01-10,0.8150500059127808,1.305483102798462,24.10018539428711,350.69000244140625,3703.1201171875,7708.47021484375,2708.27001953125
2013-01-11,0.8210600018501282,1.327316164970398,24.29817771911621,350.1300048828125,3706.02001953125,7715.52978515625,2717.7900390625
2013-01-14,0.828499972820282,1.3362016677856445,24.352800369262695,347.3399963378906,3708.25,7729.52001953125,2715.159912109375
2013-01-15,0.8319000005722046,1.3377926349639893,24.16847038269043,347.8599853515625,3697.35009765625,7675.91015625,2701.590087890625
2013-01-16,0.8278999924659729,1.330849051475525,24.00460433959961,348.8399963378906,3708.489990234375,7691.1298828125,2702.5400390625
2013-01-17,0.8306000232696533,1.32908034324646,24.311840057373047,351.19000244140625,3744.110107421875,7735.4599609375,2718.929931640625
2013-01-18,0.8367999792098999,1.3372559547424316,24.25722312927246,350.8900146484375,3741.580078125,7702.22998046875,2709.590087890625
2013-01-21,0.8398200273513794,1.3320013284683228,24.25722312927246,353.07000732421875,3763.030029296875,7748.85986328125,2726.6298828125
2013-01-22,0.840399980545044,1.3311502933502197,24.318662643432617,353.45001220703125,3741.010009765625,7696.2099609375,2716.699951171875
2013-01-23,0.8406800031661987,1.331398367881775,24.19577407836914,353.010009765625,3726.169921875,7707.5400390625,2708.280029296875
2013-01-24,0.840399980545044,1.330849051475525,24.366453170776367,354.1300048828125,3752.169921875,7748.1298828125,2722.9599609375
2013-01-25,0.847000002861023,1.3369340896606445,24.817060470581055,355.739990234375,3778.159912109375,7857.97021484375,2744.179931640625
2013-01-28,0.8535400032997131,1.3466018438339233,24.79657745361328,356.67999267578125,3780.889892578125,7833.0,2744.5
2013-01-29,0.8565999865531921,1.3446282148361206,24.817060470581055,358.0799865722656,3785.820068359375,7848.56982421875,2749.27001953125
2013-01-30,0.8565800189971924,1.34916353225708,24.80340003967285,357.5400085449219,3765.52001953125,7811.31005859375,2732.1201171875
2013-01-31,0.8587999939918518,1.3568336963653564,24.537132263183594,354.3500061035156,3732.60009765625,7776.0498046875,2702.97998046875
2013-02-01,0.8575999736785889,1.3610997200012207,24.8512020111084,355.54998779296875,3773.530029296875,7833.39013671875,2710.080078125
2013-02-04,0.8690000176429749,1.3648709058761597,23.745176315307617,349.69000244140625,3659.909912109375,7638.22998046875,2625.169921875
2013-02-05,0.8574000000953674,1.3511687517166138,24.066055297851562,348.42999267578125,3694.699951171875,7664.66015625,2651.2099609375
2013-02-06,0.8669999837875366,1.3581420183181763,23.7861385345459,345.8599853515625,3642.89990234375,7581.18017578125,2617.35009765625
2013-02-07,0.8632000088691711,1.3523930311203003,23.403818130493164,343.70001220703125,3601.050048828125,7590.85009765625,2597.919921875
2013-02-08,0.8522400259971619,1.3389389514923096,23.594982147216797,345.1300048828125,3649.5,7652.14013671875,2630.300048828125
2013-02-11,0.8458999991416931,1.3368269205093384,23.533523559570312,344.989990234375,3650.580078125,7633.740234375,2622.610107421875
2013-02-12,0.8560299873352051,1.340356707572937,23.854406356811523,346.20001220703125,3686.580078125,7660.18994140625,2648.830078125
2013-02-13,0.8581799864768982,1.3452069759368896,23.95681381225586,345.8299865722656,3698.530029296875,7711.89013671875,2656.860107421875
2013-02-14,0.8654999732971191,1.3444474935531616,23.64276695251465,345.8399963378906,3669.60009765625,7631.18994140625,2635.35009765625
2013-02-15,0.8621500134468079,1.3352917432785034,23.4106388092041,343.45001220703125,3660.3701171875,7593.509765625,2615.260009765625
2013-02-18,0.8618999719619751,1.3344007730484009,23.4106388092041,343.2300109863281,3667.0400390625,7628.72998046875,2616.64990234375
2013-02-19,0.8624100089073181,1.3347214460372925,23.915855407714844,347.6300048828125,3735.820068359375,7752.4501953125,2662.3701171875
2013-02-20,0.8683000206947327,1.3395847082138062,23.37650489807129,343.6099853515625,3709.8798828125,7728.89990234375,2640.35009765625
2013-02-21,0.8715999722480774,1.327316164970398,22.830322265625,336.3800048828125,3624.800048828125,7583.56982421875,2579.760009765625
2013-02-22,0.8644199967384338,1.3194352388381958,23.403818130493164,339.8699951171875,3706.280029296875,7661.91015625,2630.050048828125
2013-02-25,0.8737999796867371,1.319591999053955,22.48896598815918,340.260009765625,3721.330078125,7773.18994140625,2651.860107421875
2013-02-26,0.8616799712181091,1.3065063953399658,22.611852645874023,335.2900085449219,3621.919921875,7597.10986328125,2570.52001953125
2013-02-27,0.8636999726295471,1.3065917491912842,23.11025047302246,337.3699951171875,3691.489990234375,7675.830078125,2611.889892578125
2013-02-28,0.8672999739646912,1.3150973320007324,22.994173049926758,340.5299987792969,3723.0,7741.7001953125,2633.550048828125
2013-03-01,0.8611999750137329,1.3059945106506348,22.850805282592773,339.7300109863281,3699.909912109375,7708.16015625,2616.75
2013-03-04,0.8655800223350525,1.3016934394836426,23.02831268310547,339.5799865722656,3709.760009765625,7691.68017578125,2619.780029296875
2013-03-05,0.8614000082015991,1.3036110401153564,23.35601806640625,346.5,3787.18994140625,7870.31005859375,2683.02001953125
2013-03-06,0.8618999719619751,1.3048527240753174,23.451610565185547,347.3599853515625,3773.760009765625,7919.330078125,2679.889892578125
2013-03-07,0.8654000163078308,1.297858476638794,23.67690658569336,347.8699951171875,3793.780029296875,7939.77001953125,2690.85009765625
2013-03-08,0.8723000288009644,1.311131477355957,23.745176315307617,352.42999267578125,3840.14990234375,7986.47021484375,2728.780029296875
2013-03-11,0.8709999918937683,1.2988024950027466,23.765657424926758,351.55999755859375,3836.27001953125,7984.2900390625,2718.7099609375
2013-03-12,0.8742300271987915,1.3032711744308472,23.656429290771484,352.05999755859375,3839.969970703125,7966.1201171875,2711.85009765625
2013-03-13,0.8740400075912476,1.3029316663742065,23.533523559570312,352.0199890136719,3836.0400390625,7970.91015625,2704.72998046875
2013-03-14,0.8682000041007996,1.2958402633666992,23.861242294311523,355.8500061035156,3871.580078125,8058.3701171875,2744.699951171875
2013-03-15,0.8622000217437744,1.3012362718582153,23.833877563476562,353.5799865722656,3844.030029296875,8042.85009765625,2725.719970703125
2013-03-18,0.8531500101089478,1.2892745733261108,23.3276424407959,353.010009765625,3825.469970703125,8010.7001953125,2705.469970703125
2013-03-19,0.8572999835014343,1.2944984436035156,23.129255294799805,352.04998779296875,3775.75,7947.7900390625,2671.9599609375
2013-03-20,0.8520699739456177,1.2863887548446655,23.50551414489746,354.3699951171875,3829.56005859375,8001.97021484375,2708.89990234375
2013-03-21,0.857200026512146,1.2941633462905884,23.170303344726562,352.4100036621094,3774.85009765625,7932.509765625,2683.919921875
2013-03-22,0.8499000072479248,1.2904890775680542,23.457622528076172,350.739990234375,3770.2900390625,7911.35009765625,2681.669921875
2013-03-25,0.8543999791145325,1.302405595779419,22.814573287963867,348.7200012207031,3727.97998046875,7870.89990234375,2649.280029296875
2013-03-26,0.847100019454956,1.2858428955078125,22.8008975982666,349.2699890136719,3748.639892578125,7879.669921875,2641.1201171875
2013-03-27,0.8482099771499634,1.2860082387924194,22.424640655517578,346.1600036621094,3711.639892578125,7789.08984375,2612.4599609375
2013-03-28,0.8443999886512756,1.277791976928711,22.602506637573242,348.1000061035156,3731.419921875,7795.31005859375,2624.02001953125
2013-03-29,0.8431800007820129,1.2815911769866943,22.602506637573242,348.1000061035156,3731.419921875,7795.31005859375,2624.02001953125
2013-04-01,0.8425899744033813,1.2805737257003784,22.472524642944336,348.1000061035156,3731.419921875,7795.31005859375,2624.02001953125
2013-04-02,0.843999981880188,1.2850167751312256,22.86246109008789,352.5,3805.3701171875,7943.8701171875,2679.800048828125
2013-04-03,0.8483999967575073,1.2820513248443604,22.698278427124023,349.6000061035156,3754.9599609375,7874.75,2639.010009765625
2013-04-04,0.8486999869346619,1.2850167751312256,22.82141876220703,346.5299987792969,3726.159912109375,7817.39013671875,2621.429931640625
2013-04-05,0.8489999771118164,1.2928247451782227,22.629871368408203,340.7099914550781,3663.47998046875,7658.75,2585.280029296875
2013-04-08,0.8464999794960022,1.2992074489593506,22.72564697265625,340.9100036621094,3666.780029296875,7662.64013671875,2589.25
2013-04-09,0.8536099791526794,1.3029316663742065,22.82826042175293,341.3500061035156,3670.719970703125,7637.509765625,2595.1298828125
2013-04-10,0.853600025177002,1.3080273866653442,23.3139705657959,348.5299987792969,3743.7099609375,7810.6298828125,2661.6201171875
2013-04-11,0.8517900109291077,1.3055341243743896,23.4849853515625,351.2799987792969,3775.659912109375,7871.6298828125,2674.330078125
2013-04-12,0.8519200086593628,1.311475396156311,23.355012893676758,348.6499938964844,3729.300048828125,7744.77001953125,2633.469970703125
2013-04-15,0.8530399799346924,1.3099292516708374,22.787214279174805,346.29998779296875,3710.47998046875,7712.6298828125,2624.7099609375
2013-04-16,0.8532000184059143,1.3054660558700562,23.23188018798828,345.7900085449219,3685.7900390625,7682.580078125,2609.300048828125
2013-04-17,0.8579000234603882,1.3178702592849731,22.431486129760742,340.8399963378906,3599.22998046875,7503.02978515625,2553.489990234375
2013-04-18,0.8549500107765198,1.3034920692443848,22.41095733642578,340.7200012207031,3599.360107421875,7473.72998046875,2555.5
2013-04-19,0.8539000153541565,1.3053126335144043,22.595657348632812,341.67999267578125,3651.9599609375,7459.9599609375,2575.159912109375
2013-04-22,0.8576099872589111,1.3055682182312012,22.787214279174805,340.07000732421875,3652.1298828125,7478.10986328125,2583.6201171875
2013-04-23,0.853600025177002,1.306165099143982,23.3276424407959,349.1499938964844,3783.050048828125,7658.2099609375,2662.8798828125
2013-04-24,0.853190004825592,1.2994438409805298,23.669692993164062,352.94000244140625,3842.93994140625,7759.02978515625,2702.050048828125
2013-04-25,0.8518999814987183,1.3017443418502808,23.580759048461914,354.0400085449219,3840.469970703125,7832.85986328125,2704.409912109375
2013-04-26,0.8424400091171265,1.3007283210754395,23.649168014526367,351.5,3810.050048828125,7814.759765625,2683.429931640625
2013-04-29,0.84170001745224,1.3042571544647217,24.16908836364746,354.1499938964844,3868.679931640625,7873.5,2717.3798828125
2013-04-30,0.8452799916267395,1.3095861673355103,24.141714096069336,351.3900146484375,3856.75,7913.7099609375,2712.0
2013-05-01,0.8474000096321106,1.3168290853500366,23.963850021362305,351.3900146484375,3856.75,7913.7099609375,2712.0
2013-05-02,0.8464000225067139,1.3182177543640137,24.128036499023438,354.79998779296875,3858.760009765625,7961.7099609375,2718.89990234375
2013-05-03,0.8409000039100647,1.3065063953399658,24.552167892456055,357.6099853515625,3912.949951171875,8122.2900390625,2763.679931640625
2013-05-06,0.8424000144004822,1.3123359680175781,24.449562072753906,357.44000244140625,3907.0400390625,8112.080078125,2750.52001953125
2013-05-07,0.8411999940872192,1.3070186376571655,24.593229293823242,356.4800109863281,3921.320068359375,8181.77978515625,2769.080078125
2013-05-08,0.8446999788284302,1.3077024221420288,24.942106246948242,357.92999267578125,3956.280029296875,8249.7099609375,2784.6201171875
2013-05-09,0.8466899991035461,1.3161357641220093,24.606910705566406,359.1499938964844,3928.580078125,8262.5498046875,2784.6201171875
2013-05-10,0.8437899947166443,1.303441047668457,24.709514617919922,361.1700134277344,3953.830078125,8278.58984375,2785.239990234375
2013-05-13,0.8450000286102295,1.2965291738510132,24.58637809753418,361.1199951171875,3945.199951171875,8279.2900390625,2777.389892578125
2013-05-14,0.8482999801635742,1.2988024950027466,24.689001083374023,363.69000244140625,3966.06005859375,8339.1103515625,2795.6298828125
2013-05-15,0.8495000004768372,1.2937111854553223,24.709514617919922,366.07000732421875,3982.22998046875,8362.419921875,2809.580078125
2013-05-16,0.8453999757766724,1.2882447242736816,24.552167892456055,365.3699951171875,3979.070068359375,8369.8701171875,2806.699951171875
2013-05-17,0.8432599902153015,1.2883278131484985,24.839502334594727,368.0799865722656,4001.27001953125,8398.0,2817.989990234375
2013-05-20,0.8453999757766724,1.2835652828216553,24.887378692626953,369.9700012207031,4022.85009765625,8455.830078125,2817.989990234375
2013-05-21,0.8446000218391418,1.2891082763671875,24.90106964111328,370.44000244140625,4036.179931640625,8472.2001953125,2821.64990234375
2013-05-22,0.8519999980926514,1.2919062376022339,24.682147979736328,372.1099853515625,4051.110107421875,8530.8896484375,2835.010009765625
2013-05-23,0.8539999723434448,1.2842081785202026,24.675317764282227,365.2200012207031,3967.14990234375,8351.98046875,2776.780029296875
2013-05-24,0.8560900092124939,1.2925074100494385,24.627424240112305,364.6300048828125,3956.7900390625,8305.3203125,2764.2900390625
2013-05-27,0.8549500107765198,1.2937781810760498,24.627424240112305,366.55999755859375,3995.159912109375,8383.2998046875,2795.0
2013-05-28,0.8560900092124939,1.2933933734893799,24.887378692626953,371.5,4050.56005859375,8480.8701171875,2835.8701171875
2013-05-29,0.8547000288963318,1.2846370935440063,24.784772872924805,366.25,3974.1201171875,8336.580078125,2786.5400390625
2013-05-30,0.8555999994277954,1.294783353805542,25.02420425415039,367.69000244140625,3996.31005859375,8400.2001953125,2799.199951171875
2013-05-31,0.856440007686615,1.3043931722640991,24.4837703704834,363.3800048828125,3948.590087890625,8348.83984375,2769.639892578125
2013-06-03,0.8543800115585327,1.2996464967727661,24.72319984436035,361.07000732421875,3920.669921875,8285.7998046875,2747.739990234375
2013-06-04,0.8529000282287598,1.3072919845581055,24.545337677001953,360.4200134277344,3925.830078125,8295.9599609375,2755.699951171875
2013-06-05,0.8540999889373779,1.3073433637619019,24.18276023864746,353.05999755859375,3852.43994140625,8196.1796875,2709.330078125
2013-06-06,0.8497999906539917,1.3093289136886597,24.346940994262695,349.5799865722656,3814.280029296875,8098.81005859375,2676.2099609375
2013-06-07,0.8487799763679504,1.3245558738708496,24.606910705566406,352.69000244140625,3872.590087890625,8254.6796875,2724.080078125
2013-06-10,0.8502299785614014,1.3224014043807983,24.600067138671875,352.8599853515625,3864.360107421875,8307.6904296875,2719.39990234375
2013-06-11,0.8511000275611877,1.3224014043807983,24.29222869873047,350.29998779296875,3810.56005859375,8222.4599609375,2683.199951171875
2013-06-12,0.8509799838066101,1.3224014043807983,24.20328140258789,347.67999267578125,3793.699951171875,8143.27001953125,2666.52001953125
2013-06-13,0.8505799770355225,1.3339558839797974,24.517972946166992,347.2300109863281,3797.97998046875,8095.39013671875,2661.7099609375
2013-06-14,0.8506600260734558,1.3367911577224731,24.25118064880371,347.9800109863281,3805.159912109375,8127.9599609375,2667.320068359375
2013-06-17,0.8488699793815613,1.3348639011383057,24.634258270263672,350.80999755859375,3863.659912109375,8215.73046875,2702.68994140625
2013-06-18,0.8501099944114685,1.3363088369369507,24.771087646484375,351.0899963378906,3860.550048828125,8229.509765625,2700.929931640625
2013-06-19,0.8561400175094604,1.3389928340911865,24.16908836364746,351.0799865722656,3839.340087890625,8197.080078125,2683.97998046875
2013-06-20,0.8583999872207642,1.329186201095581,23.259239196777344,341.8800048828125,3698.929931640625,7928.47998046875,2586.449951171875
2013-06-21,0.8529499769210815,1.323556661605835,23.110715866088867,337.6400146484375,3658.0400390625,7789.240234375,2549.47998046875
2013-06-24,0.8515700101852417,1.3105300664901733,22.725427627563477,332.25,3595.6298828125,7692.4501953125,2511.830078125
2013-06-25,0.8500999808311462,1.313232183456421,22.942596435546875,335.3999938964844,3649.820068359375,7811.2998046875,2543.3701171875
2013-06-26,0.8483399748802185,1.3079760074615479,23.271848678588867,340.82000732421875,3726.0400390625,7940.990234375,2602.81005859375
2013-06-27,0.8490999937057495,1.301337718963623,23.404951095581055,344.75,3762.18994140625,7990.75,2619.860107421875
2013-06-28,0.8541499972343445,1.3035939931869507,23.20879554748535,344.5899963378906,3738.909912109375,7959.22021484375,2602.590087890625
2013-07-01,0.8558300137519836,1.3014055490493774,23.43297004699707,347.3699951171875,3767.47998046875,7983.919921875,2622.6201171875
2013-07-02,0.8587999939918518,1.306762456893921,23.040672302246094,347.79998779296875,3742.570068359375,7910.77001953125,2603.199951171875
2013-07-03,0.8564199805259705,1.2978922128677368,22.977619171142578,345.82000732421875,3702.010009765625,7829.31982421875,2570.760009765625
2013-07-04,0.8518000245094299,1.3010838031768799,22.977619171142578,354.510009765625,3809.31005859375,7994.31005859375,2646.5400390625
2013-07-05,0.8579999804496765,1.2907721996307373,23.061677932739258,352.5299987792969,3753.85009765625,7806.0,2596.010009765625
2013-07-08,0.8622999787330627,1.2829065322875977,23.43297004699707,357.1499938964844,3823.830078125,7968.5400390625,2650.85009765625
2013-07-09,0.8605999946594238,1.2871006727218628,23.411954879760742,360.1099853515625,3843.56005859375,8057.75,2664.139892578125
2013-07-10,0.8600999712944031,1.278183937072754,23.552059173583984,362.0400085449219,3840.530029296875,8066.47998046875,2659.7099609375
2013-07-11,0.8683099746704102,1.3187741041183472,24.19655418395996,364.04998779296875,3868.97998046875,8158.7998046875,2681.320068359375
2013-07-12,0.8628399968147278,1.3097747564315796,24.021411895751953,364.95001220703125,3855.090087890625,8212.76953125,2674.8701171875
2013-07-15,0.8646100163459778,1.3059945106506348,24.12649154663086,366.7699890136719,3878.580078125,8234.8095703125,2686.68994140625
2013-07-16,0.864799976348877,1.3058750629425049,24.133499145507812,364.1199951171875,3851.030029296875,8201.0498046875,2665.610107421875
2013-07-17,0.8687000274658203,1.3151146173477173,24.16852569580078,366.05999755859375,3872.02001953125,8254.7197265625,2681.8798828125
2013-07-18,0.8622300028800964,1.3116990327835083,24.476762771606445,368.760009765625,3927.7900390625,8337.08984375,2717.989990234375
2013-07-19,0.8611699938774109,1.3110626935958862,24.553831100463867,369.760009765625,3925.320068359375,8331.5703125,2716.169921875
2013-07-22,0.8605999946594238,1.3159972429275513,24.6799259185791,370.3900146484375,3939.919921875,8331.0595703125,2725.39990234375
2013-07-23,0.8583800196647644,1.3190349340438843,24.7709903717041,368.7200012207031,3923.090087890625,8314.23046875,2722.89990234375
2013-07-24,0.8600000143051147,1.3223315477371216,24.96713638305664,371.9599914550781,3962.75,8379.1103515625,2752.25
2013-07-25,0.8615700006484985,1.319087266921997,25.1492862701416,370.3599853515625,3956.02001953125,8298.98046875,2740.2900390625
2013-07-26,0.8629999756813049,1.3274219036102295,25.198335647583008,368.30999755859375,3968.840087890625,8244.91015625,2741.9599609375
2013-07-29,0.863099992275238,1.3287447690963745,25.07222557067871,368.3299865722656,3968.909912109375,8259.0302734375,2741.72998046875
2013-07-30,0.8644199967384338,1.3263654708862305,25.1142520904541,368.989990234375,3986.610107421875,8271.01953125,2759.2099609375
2013-07-31,0.870199978351593,1.3264886140823364,25.268375396728516,369.80999755859375,3992.68994140625,8275.9697265625,2768.14990234375
2013-08-01,0.8765000104904175,1.3301409482955933,25.625646591186523,372.3900146484375,4042.72998046875,8410.73046875,2768.14990234375
2013-08-02,0.8736000061035156,1.3211959600448608,25.723724365234375,371.3399963378906,4045.64990234375,8406.9404296875,2811.0
2013-08-05,0.8683900237083435,1.3278977870941162,25.61863899230957,372.5199890136719,4049.969970703125,8398.3798828125,2809.080078125
2013-08-06,0.863349974155426,1.3257501125335693,25.506561279296875,371.3800048828125,4032.570068359375,8299.73046875,2790.780029296875
2013-08-07,0.8669999837875366,1.3308136463165283,25.625646591186523,369.6099853515625,4038.489990234375,8260.48046875,2794.43994140625
2013-08-08,0.8605999946594238,1.334098219871521,25.98993682861328,372.1400146484375,4064.320068359375,8318.3203125,2816.8798828125
2013-08-09,0.8611000180244446,1.3380074501037598,25.968914031982422,375.3999938964844,4076.550048828125,8338.3095703125,2825.6201171875
2013-08-12,0.8596000075340271,1.3339380025863647,25.877845764160156,375.6099853515625,4071.679931640625,8359.25,2827.14990234375
2013-08-13,0.8599299788475037,1.3292922973632812,25.996938705444336,377.6400146484375,4092.5,8415.759765625,2841.610107421875
2013-08-14,0.8584399819374084,1.326559066772461,26.010953903198242,379.6199951171875,4114.2001953125,8438.1201171875,2852.080078125
2013-08-15,0.8547199964523315,1.3264182806015015,25.996938705444336,375.5799865722656,4093.199951171875,8376.2900390625,2835.860107421875
2013-08-16,0.85343998670578,1.33539879322052,26.123043060302734,374.75,4123.89013671875,8391.9404296875,2854.27001953125
2013-08-19,0.8529000282287598,1.332906723022461,25.786771774291992,373.79998779296875,4083.97998046875,8366.2900390625,2823.35009765625
2013-08-20,0.8519999980926514,1.3333866596221924,25.73773956298828,368.92999267578125,4028.929931640625,8300.0302734375,2787.97998046875
2013-08-21,0.8567000031471252,1.3421016931533813,25.471529006958008,367.510009765625,4015.090087890625,8285.41015625,2774.580078125
2013-08-22,0.8542100191116333,1.334294080734253,25.87084197998047,371.94000244140625,4059.1201171875,8397.8896484375,2812.320068359375
2013-08-23,0.8562300205230713,1.335505723953247,26.038965225219727,374.6700134277344,4069.469970703125,8416.990234375,2826.050048828125
2013-08-26,0.8590700030326843,1.33865225315094,25.856821060180664,373.489990234375,4067.1298828125,8435.150390625,2821.449951171875
2013-08-27,0.8585000038146973,1.3379179239273071,25.156286239624023,364.8699951171875,3968.72998046875,8242.5595703125,2749.27001953125
2013-08-28,0.8611999750137329,1.3392080068588257,25.100248336791992,364.4700012207031,3960.4599609375,8157.89990234375,2742.610107421875
2013-08-29,0.858680009841919,1.3334933519363403,25.002166748046875,367.1300048828125,3986.35009765625,8194.5498046875,2758.31005859375
2013-08-30,0.8533999919891357,1.3236267566680908,24.707942962646484,362.92999267578125,3933.780029296875,8103.14990234375,2721.3701171875
2013-09-02,0.8510000109672546,1.3208295106887817,24.707942962646484,369.260009765625,4006.010009765625,8243.8701171875,2721.3701171875
2013-09-03,0.8482000231742859,1.319000244140625,24.946121215820312,367.0899963378906,3974.070068359375,8180.7099609375,2753.35009765625
2013-09-04,0.8461999893188477,1.317401647567749,25.079233169555664,368.260009765625,3980.419921875,8195.919921875,2758.2900390625
2013-09-05,0.8448799848556519,1.320062279701233,25.023195266723633,369.95001220703125,4006.800048828125,8234.98046875,2774.199951171875
2013-09-06,0.8413000106811523,1.3118367195129395,25.310409545898438,371.0400085449219,4049.18994140625,8275.669921875,2803.419921875
2013-09-09,0.8426200151443481,1.3174188137054443,25.604633331298828,369.7799987792969,4040.330078125,8276.3203125,2798.31005859375
2013-09-10,0.8442999720573425,1.3258028030395508,26.003944396972656,376.30999755859375,4116.64013671875,8446.5400390625,2851.39990234375
2013-09-11,0.8432999849319458,1.326629400253296,26.256132125854492,375.04998779296875,4119.10986328125,8495.73046875,2863.43994140625
2013-09-12,0.8413000106811523,1.3315579891204834,26.116025924682617,376.6600036621094,4106.6298828125,8494.0,2862.070068359375
2013-09-13,0.8414700031280518,1.3298933506011963,26.26313591003418,376.8399963378906,4114.5,8509.419921875,2867.110107421875
2013-09-16,0.8381900191307068,1.3359339237213135,26.480304718017578,379.8900146484375,4152.22021484375,8613.0,2894.639892578125
2013-09-17,0.838699996471405,1.3337956666946411,26.599397659301758,379.80999755859375,4145.509765625,8596.9501953125,2890.949951171875
2013-09-18,0.8397200107574463,1.3357912302017212,27.412025451660156,380.9200134277344,4170.39990234375,8636.0595703125,2908.919921875
2013-09-19,0.8381999731063843,1.3523015975952148,27.285921096801758,382.5799865722656,4206.0400390625,8694.1796875,2936.199951171875
2013-09-20,0.8438000082969666,1.353417992591858,27.098434448242188,382.07000732421875,4203.66015625,8675.73046875,2927.18994140625
2013-09-23,0.8447999954223633,1.3534547090530396,27.01417350769043,379.54998779296875,4172.080078125,8635.2900390625,2906.35009765625
2013-09-24,0.8411999940872192,1.349892020225525,27.077363967895508,380.6700134277344,4195.60986328125,8664.599609375,2922.929931640625
2013-09-25,0.842199981212616,1.347182273864746,27.182695388793945,379.6000061035156,4195.35009765625,8665.6298828125,2927.35009765625
2013-09-26,0.8407999873161316,1.351698398590088,27.16865348815918,377.95001220703125,4186.72021484375,8664.099609375,2922.989990234375
2013-09-27,0.8407999873161316,1.348617672920227,27.175678253173828,375.7699890136719,4186.77001953125,8661.509765625,2919.340087890625
2013-09-30,0.8345999717712402,1.349545955657959,26.972042083740234,374.9200134277344,4143.43994140625,8594.400390625,2893.14990234375
2013-10-01,0.8354200124740601,1.3525211811065674,27.30207061767578,377.6300048828125,4196.60009765625,8689.1396484375,2933.02001953125
2013-10-02,0.8350499868392944,1.352338194847107,27.36527442932129,376.1700134277344,4158.16015625,8629.419921875,2918.31005859375
2013-10-03,0.836899995803833,1.3591018915176392,27.16865348815918,374.8299865722656,4127.97998046875,8629.419921875,2902.1201171875
2013-10-04,0.8431000113487244,1.362416386604309,27.330167770385742,376.0299987792969,4164.25,8622.9697265625,2928.31005859375
2013-10-07,0.8460000157356262,1.356999397277832,27.231849670410156,373.75,4165.580078125,8591.580078125,2923.0400390625
2013-10-08,0.843529999256134,1.356999397277832,27.02119255065918,370.9800109863281,4133.52978515625,8555.8896484375,2903.35009765625
2013-10-09,0.8435800075531006,1.3598041534423828,27.10544776916504,367.19000244140625,4127.0498046875,8516.6904296875,2904.72998046875
2013-10-10,0.8472300171852112,1.352027416229248,27.77256965637207,373.9100036621094,4218.10986328125,8685.76953125,2969.409912109375
2013-10-11,0.8465999960899353,1.3526674509048462,27.800649642944336,376.1099853515625,4219.97998046875,8724.830078125,2974.280029296875
2013-10-14,0.8489000201225281,1.3556748628616333,27.920024871826172,376.2699890136719,4222.9599609375,8723.8095703125,2977.68994140625
2013-10-15,0.8486999869346619,1.3558586835861206,27.8287410736084,381.95001220703125,4256.02001953125,8804.4404296875,3004.56005859375
2013-10-16,0.8459100127220154,1.3521736860275269,28.102598190307617,383.3299865722656,4243.72021484375,8846.0,3015.39990234375
2013-10-17,0.8479999899864197,1.3522467613220215,28.43263816833496,382.510009765625,4239.64013671875,8811.98046875,3010.389892578125
2013-10-18,0.8461999893188477,1.366698980331421,28.594158172607422,385.7300109863281,4286.02978515625,8865.099609375,3033.31005859375
2013-10-21,0.8460000157356262,1.3681949377059937,28.55201530456543,388.2799987792969,4276.919921875,8867.2197265625,3028.64990234375
2013-10-22,0.8475000262260437,1.36759614944458,28.882047653198242,390.19000244140625,4295.43017578125,8947.4599609375,3045.77001953125
2013-10-23,0.8489000201225281,1.3778469562530518,28.6573543548584,388.55999755859375,4260.66015625,8919.8603515625,3017.159912109375
2013-10-24,0.852400004863739,1.3780938386917114,28.889068603515625,390.2099914550781,4275.68994140625,8980.6298828125,3038.9599609375
2013-10-25,0.8519999980926514,1.380395531654358,28.867998123168945,389.19000244140625,4272.31005859375,8985.740234375,3034.5
2013-10-28,0.853600025177002,1.3805290460586548,28.685440063476562,388.79998779296875,4251.60986328125,8978.650390625,3022.0400390625
2013-10-29,0.854200005531311,1.3789299726486206,28.87503433227539,391.1300048828125,4278.08984375,9022.0400390625,3050.639892578125
2013-10-30,0.8563699722290039,1.374306082725525,28.699485778808594,391.20001220703125,4274.10986328125,9010.26953125,3040.68994140625
2013-10-31,0.8562700152397156,1.3724011182785034,28.671390533447266,391.9200134277344,4299.89013671875,9033.919921875,3067.949951171875
2013-11-01,0.8461999893188477,1.3579760789871216,28.474775314331055,391.20001220703125,4273.18994140625,9007.830078125,3052.139892578125
2013-11-04,0.8472999930381775,1.349400281906128,28.57308578491211,393.1499938964844,4288.58984375,9037.23046875,3061.179931640625
2013-11-05,0.8461999893188477,1.351698398590088,28.172819137573242,391.25,4253.33984375,9009.1103515625,3035.919921875
2013-11-06,0.8395799994468689,1.3473094701766968,28.502864837646484,393.9700012207031,4286.93017578125,9040.8701171875,3056.39990234375
2013-11-07,0.8403400182723999,1.351807951927185,27.912992477416992,393.2200012207031,4280.990234375,9081.0302734375,3042.97998046875
2013-11-08,0.8333799839019775,1.3409138917922974,27.997268676757812,394.07000732421875,4260.43994140625,9078.2802734375,3034.909912109375
2013-11-11,0.8338000178337097,1.3347926139831543,28.250072479248047,395.45001220703125,4290.14013671875,9107.8603515625,3052.830078125
2013-11-12,0.8385999798774719,1.3409318923950195,28.0955810546875,393.3800048828125,4263.77978515625,9076.48046875,3034.679931640625
2013-11-13,0.8457000255584717,1.3439956903457642,28.221982955932617,391.17999267578125,4239.93994140625,9054.830078125,3021.169921875
2013-11-14,0.8403099775314331,1.3489633798599243,28.320295333862305,394.8699951171875,4283.91015625,9149.66015625,3053.68994140625
2013-11-15,0.8374000191688538,1.3448994159698486,28.418596267700195,395.3399963378906,4292.22998046875,9168.6904296875,3054.530029296875
2013-11-18,0.8366000056266785,1.3483994007110596,28.57308578491211,396.9800109863281,4320.68017578125,9225.4296875,3081.300048828125
2013-11-19,0.8378999829292297,1.3504389524459839,28.404558181762695,395.4800109863281,4272.2900390625,9193.2900390625,3049.169921875
2013-11-20,0.840499997138977,1.3567416667938232,28.081544876098633,396.5400085449219,4268.3701171875,9202.0703125,3047.320068359375
2013-11-21,0.8342999815940857,1.3433817625045776,28.369443893432617,395.3299865722656,4253.89990234375,9196.080078125,3044.340087890625
2013-11-22,0.8324999809265137,1.347182273864746,28.62224006652832,395.79998779296875,4278.52978515625,9219.0400390625,3055.97998046875
2013-11-25,0.8348000049591064,1.355233907699585,28.58711814880371,397.4599914550781,4301.97021484375,9299.9501953125,3072.75
2013-11-26,0.8367699980735779,1.3527590036392212,28.74161720275879,394.1099853515625,4277.56982421875,9290.0703125,3062.6201171875
2013-11-27,0.8367999792098999,1.3567785024642944,28.86098289489746,396.2200012207031,4293.06005859375,9351.1298828125,3082.64990234375
2013-11-28,0.8334000110626221,1.357367753982544,28.86098289489746,396.75,4302.419921875,9387.3701171875,3092.419921875
2013-11-29,0.8324000239372253,1.360396146774292,28.910137176513672,396.54998779296875,4295.2099609375,9405.2998046875,3086.639892578125
2013-12-02,0.8294399976730347,1.3585110902786255,28.692462921142578,395.989990234375,4285.81005859375,9401.9599609375,3077.22998046875
2013-12-03,0.8277199864387512,1.3542062044143677,28.306238174438477,390.57000732421875,4172.43994140625,9223.400390625,3013.8798828125
2013-12-04,0.8291000127792358,1.3590649366378784,28.060455322265625,388.1400146484375,4148.52001953125,9140.6298828125,2991.760009765625
2013-12-05,0.8294000029563904,1.3586403131484985,27.821718215942383,383.7099914550781,4099.91015625,9084.9501953125,2953.169921875
2013-12-06,0.8367999792098999,1.3669979572296143,28.29220199584961,387.010009765625,4129.3701171875,9172.41015625,2979.93994140625
2013-12-09,0.8393300175666809,1.3706516027450562,28.341346740722656,387.3800048828125,4134.10009765625,9195.169921875,2988.669921875
2013-12-10,0.8363900184631348,1.3740227222442627,28.144744873046875,385.55999755859375,4091.139892578125,9114.4404296875,2960.860107421875
2013-12-11,0.8363000154495239,1.37644362449646,27.93405532836914,383.1499938964844,4086.860107421875,9077.1103515625,2947.31005859375
2013-12-12,0.8418999910354614,1.3786067962646484,27.730424880981445,377.82000732421875,4069.1201171875,9017.0,2928.1201171875
2013-12-13,0.8414999842643738,1.3750807046890259,27.77256965637207,376.8599853515625,4059.7099609375,9006.4599609375,2921.919921875
2013-12-16,0.8428099751472473,1.3739283084869385,28.250072479248047,381.44000244140625,4119.8798828125,9163.5595703125,2978.77001953125
2013-12-17,0.8440999984741211,1.3762919902801514,27.9762020111084,378.1700134277344,4068.639892578125,9085.1201171875,2941.760009765625
2013-12-18,0.8460000157356262,1.3771259784698486,28.502864837646484,381.1700134277344,4109.509765625,9181.75,2975.090087890625
2013-12-19,0.8349000215530396,1.3684945106506348,28.615211486816406,386.45001220703125,4154.27001953125,9335.740234375,3014.699951171875
2013-12-20,0.8343999981880188,1.3655791282653809,28.811330795288086,391.55999755859375,4193.77001953125,9400.1796875,3049.35009765625
2013-12-23,0.8374000191688538,1.3678393363952637,29.114681243896484,395.5199890136719,4215.2900390625,9488.8203125,3070.909912109375
2013-12-24,0.8377000093460083,1.3699944019317627,29.19228744506836,396.6099853515625,4218.41015625,9488.8203125,3070.909912109375
2013-12-25,0.834909975528717,1.3681949377059937,29.19228744506836,396.6099853515625,4218.41015625,9488.8203125,3070.909912109375
2013-12-26,0.8355200290679932,1.3668484687805176,29.418039321899414,396.6099853515625,4218.41015625,9488.8203125,3070.909912109375
2013-12-27,0.8342000246047974,1.3696191310882568,29.545019149780273,400.989990234375,4277.64990234375,9589.3896484375,3111.3701171875
2013-12-30,0.8342999815940857,1.3750240802764893,29.700225830078125,399.7699890136719,4275.7099609375,9552.16015625,3100.929931640625
2013-12-31,0.8371999859809875,1.3810056447982788,29.77077293395996,401.7900085449219,4295.9501953125,9552.16015625,3100.929931640625
2014-01-01,0.8297299742698669,1.3744947910308838,29.77077293395996,401.7900085449219,4295.9501953125,9552.16015625,3100.929931640625
2014-01-02,0.8303999900817871,1.3766709566116333,28.895984649658203,399.82000732421875,4227.27978515625,9400.0400390625,3100.929931640625
2014-01-03,0.8307899832725525,1.3666616678237915,28.804288864135742,401.9700012207031,4247.64990234375,9435.150390625,3074.429931640625
2014-01-06,0.828499972820282,1.3596007823944092,28.874834060668945,399.8500061035156,4227.5400390625,9428.0,3069.159912109375
2014-01-07,0.8301399946212769,1.3631964921951294,29.248727798461914,402.9700012207031,4262.68017578125,9506.2001953125,3110.9599609375
2014-01-08,0.8301699757575989,1.3616372346878052,29.178171157836914,403.8599853515625,4260.9599609375,9497.83984375,3110.659912109375
2014-01-09,0.8252000212669373,1.3572019338607788,29.135847091674805,401.9700012207031,4225.14013671875,9421.6103515625,3090.260009765625
2014-01-10,0.8256499767303467,1.360710859298706,29.439207077026367,403.95001220703125,4250.60009765625,9473.240234375,3104.14990234375
2014-01-13,0.828719973564148,1.3671848773956299,29.17112922668457,404.92999267578125,4263.27001953125,9510.169921875,3111.93994140625
2014-01-14,0.8339999914169312,1.3669979572296143,29.552072525024414,406.57000732421875,4274.2001953125,9540.509765625,3119.530029296875
2014-01-15,0.83160001039505,1.3668484687805176,29.897764205932617,408.6199951171875,4332.06982421875,9733.8095703125,3168.760009765625
2014-01-16,0.8310999870300293,1.359933614730835,29.76371192932129,407.5899963378906,4319.27001953125,9717.7099609375,3150.199951171875
2014-01-17,0.8328099846839905,1.3618041276931763,29.43215560913086,408.260009765625,4327.5,9742.9599609375,3154.10009765625
2014-01-20,0.8238000273704529,1.3527590036392212,29.43215560913086,408.0,4322.85986328125,9715.900390625,3153.169921875
2014-01-21,0.8246200084686279,1.3549033403396606,29.664947509765625,405.19000244140625,4323.8701171875,9730.1201171875,3153.080078125
2014-01-22,0.8230000138282776,1.355913758277893,29.573238372802734,407.45001220703125,4324.97998046875,9720.1103515625,3151.27001953125
2014-01-23,0.8176199793815613,1.354224443435669,29.537965774536133,403.8900146484375,4280.9599609375,9631.0400390625,3117.080078125
2014-01-24,0.8228300213813782,1.3689066171646118,28.458593368530273,393.8500061035156,4161.47021484375,9392.01953125,3028.199951171875
2014-01-27,0.8299999833106995,1.3687942028045654,28.423328399658203,390.7900085449219,4144.56005859375,9349.2197265625,3014.6201171875
2014-01-28,0.8249800205230713,1.3674652576446533,28.811330795288086,392.2300109863281,4185.2900390625,9406.91015625,3038.60009765625
2014-01-29,0.8238999843597412,1.3655046224594116,28.303401947021484,389.3299865722656,4156.97998046875,9336.73046875,3011.449951171875
2014-01-30,0.8246999979019165,1.365859031677246,28.46566390991211,389.6099853515625,4180.02001953125,9373.48046875,3027.300048828125
2014-01-31,0.8217999935150146,1.3558770418167114,28.04943084716797,386.8500061035156,4165.72021484375,9306.48046875,3013.9599609375
2014-02-03,0.820580005645752,1.3488178253173828,27.4709415435791,383.6300048828125,4107.75,9186.51953125,2963.9599609375
2014-02-04,0.8289999961853027,1.3525028228759766,27.717864990234375,382.9800109863281,4117.4501953125,9127.91015625,2962.489990234375
2014-02-05,0.8276000022888184,1.3515887260437012,27.767242431640625,382.6499938964844,4117.7900390625,9116.3203125,2962.510009765625
2014-02-06,0.8289999961853027,1.3535096645355225,28.388063430786133,388.4100036621094,4188.10009765625,9256.580078125,3010.7900390625
2014-02-07,0.8326299786567688,1.3592127561569214,28.82545280456543,389.5400085449219,4228.18017578125,9301.919921875,3038.489990234375
2014-02-10,0.8299400210380554,1.361933946609497,28.649078369140625,389.6400146484375,4237.1298828125,9289.8603515625,3032.530029296875
2014-02-11,0.831529974937439,1.364610195159912,29.107629776000977,394.9599914550781,4283.31982421875,9478.76953125,3077.080078125
2014-02-12,0.8289999961853027,1.3639029264450073,29.1005802154541,397.4200134277344,4305.5,9540.0,3094.889892578125
2014-02-13,0.8180999755859375,1.3590095043182373,29.382770538330078,397.0,4312.7998046875,9596.76953125,3097.949951171875
2014-02-14,0.8210499882698059,1.3678767681121826,29.516803741455078,398.95001220703125,4340.14013671875,9662.400390625,3119.06005859375
2014-02-17,0.817300021648407,1.3699944019317627,29.516803741455078,401.239990234375,4335.169921875,9656.759765625,3119.06005859375
2014-02-18,0.8194500207901001,1.3704450130462646,29.62262535095215,401.6199951171875,4330.7099609375,9659.7802734375,3117.43994140625
2014-02-19,0.8246999979019165,1.376197338104248,29.418039321899414,401.5400085449219,4341.10009765625,9660.0498046875,3120.800048828125
2014-02-20,0.823199987411499,1.3730417490005493,29.559141159057617,398.760009765625,4355.490234375,9618.849609375,3121.590087890625
2014-02-21,0.8232799768447876,1.372118592262268,29.636747360229492,400.3599853515625,4381.06005859375,9656.9501953125,3131.669921875
2014-02-24,0.8259000182151794,1.3737962245941162,29.855430603027344,401.760009765625,4419.1298828125,9708.9404296875,3157.31005859375
2014-02-25,0.8244699835777283,1.3736075162887573,29.89069366455078,400.7699890136719,4414.5498046875,9699.349609375,3157.47998046875
2014-02-26,0.8241999745368958,1.3746082782745361,29.72844123840332,398.6400146484375,4396.91015625,9661.73046875,3148.18994140625
2014-02-27,0.8206999897956848,1.3681949377059937,29.784879684448242,398.2799987792969,4396.39013671875,9588.330078125,3134.93994140625
2014-02-28,0.8209999799728394,1.3707455396652222,29.883651733398438,398.5400085449219,4408.080078125,9692.080078125,3149.22998046875
2014-03-03,0.8233000040054321,1.377695083618164,29.008878707885742,388.19000244140625,4290.8701171875,9358.8896484375,3053.989990234375
2014-03-04,0.8240200281143188,1.373701810836792,29.714345932006836,398.7300109863281,4395.89990234375,9589.150390625,3136.330078125
2014-03-05,0.824400007724762,1.374117136001587,29.76371192932129,398.6199951171875,4391.25,9542.01953125,3135.969970703125
2014-03-06,0.8214600086212158,1.3734188079833984,30.07413673400879,400.05999755859375,4417.0400390625,9542.8701171875,3144.530029296875
2014-03-07,0.828000009059906,1.3863087892532349,29.83428192138672,396.2799987792969,4366.419921875,9350.75,3095.31005859375
2014-03-10,0.8294000029563904,1.3878673315048218,29.72844123840332,393.3999938964844,4370.83984375,9265.5,3092.7900390625
2014-03-11,0.8338800072669983,1.3878865242004395,29.545019149780273,394.2900085449219,4349.72021484375,9307.7900390625,3092.550048828125
2014-03-12,0.8338099718093872,1.385809302330017,29.50269317626953,391.4100036621094,4306.259765625,9188.6904296875,3065.4599609375
2014-03-13,0.8363999724388123,1.3904531002044678,28.726680755615234,386.05999755859375,4250.509765625,9017.7900390625,3019.5400390625
2014-03-14,0.8339700102806091,1.3865394592285156,28.83955955505371,382.6499938964844,4216.3701171875,9056.41015625,3004.639892578125
2014-03-17,0.835860013961792,1.39130437374115,29.326322555541992,386.9200134277344,4271.9599609375,9180.8896484375,3049.18994140625
2014-03-18,0.836929976940155,1.3926606178283691,29.608518600463867,389.3699951171875,4313.259765625,9242.5498046875,3073.75
2014-03-19,0.8393999934196472,1.3930875062942505,29.199344635009766,388.8800048828125,4308.06005859375,9277.0498046875,3076.360107421875
2014-03-20,0.8356999754905701,1.381921648979187,29.382770538330078,390.82000732421875,4327.91015625,9296.1201171875,3088.89990234375
2014-03-21,0.8347399830818176,1.378207802772522,29.29578399658203,391.3599853515625,4335.27978515625,9342.9404296875,3096.489990234375
2014-03-24,0.8364400267601013,1.3795576095581055,29.29578399658203,388.2300109863281,4276.33984375,9188.76953125,3052.909912109375
2014-03-25,0.838699996471405,1.3838915824890137,29.712993621826172,393.1300048828125,4344.1201171875,9338.400390625,3096.639892578125
2014-03-26,0.835669994354248,1.3819025754928589,29.72005844116211,396.8900146484375,4385.14990234375,9448.580078125,3130.169921875
2014-03-27,0.8313800096511841,1.378207802772522,29.776636123657227,398.5899963378906,4379.06005859375,9451.2099609375,3133.75
2014-03-28,0.8273199796676636,1.3741360902786255,30.11604118347168,401.7900085449219,4411.259765625,9587.1904296875,3172.429931640625
2014-03-31,0.8259999752044678,1.3752131462097168,30.165542602539062,403.2099914550781,4391.5,9555.91015625,3161.60009765625
2014-04-01,0.8264999985694885,1.3775053024291992,30.46959686279297,405.6199951171875,4426.72021484375,9603.7099609375,3186.340087890625
2014-04-02,0.8293200135231018,1.379481554031372,30.40595817565918,406.1400146484375,4430.85986328125,9623.3603515625,3187.449951171875
2014-04-03,0.8278999924659729,1.376822590827942,30.44132423400879,405.69000244140625,4449.330078125,9628.8203125,3206.760009765625
2014-04-04,0.8266800045967102,1.3723821640014648,30.377670288085938,407.4599914550781,4484.5498046875,9695.76953125,3230.330078125
2014-04-07,0.8263999819755554,1.3704074621200562,30.23624038696289,404.0400085449219,4436.080078125,9510.849609375,3185.969970703125
2014-04-08,0.8273000121116638,1.374306082725525,30.26453971862793,402.5400085449219,4424.830078125,9490.7900390625,3177.659912109375
2014-04-09,0.8235999941825867,1.3793293237686157,30.653444290161133,403.3900146484375,4442.68017578125,9506.349609375,3182.7900390625
2014-04-10,0.8245000243186951,1.3855020999908447,29.97462272644043,401.8999938964844,4413.490234375,9454.5400390625,3152.860107421875
2014-04-11,0.8276399970054626,1.3886381387710571,29.833192825317383,395.6400146484375,4365.85986328125,9315.2900390625,3116.5400390625
2014-04-14,0.8276000022888184,1.3846195936203003,29.995838165283203,395.5400085449219,4384.56005859375,9339.169921875,3131.570068359375
2014-04-15,0.8258000016212463,1.381711721420288,29.811988830566406,392.6600036621094,4345.35009765625,9173.7099609375,3091.52001953125
2014-04-16,0.8256800174713135,1.38119637966156,30.200895309448242,395.989990234375,4405.66015625,9317.8203125,3139.260009765625
2014-04-17,0.8226000070571899,1.3827050924301147,30.342323303222656,396.760009765625,4431.81005859375,9409.7099609375,3155.81005859375
2014-04-18,0.8225899934768677,1.3812155723571777,30.342323303222656,396.760009765625,4431.81005859375,9409.7099609375,3155.81005859375
2014-04-21,0.8230100274085999,1.3815207481384277,30.40595817565918,396.760009765625,4431.81005859375,9409.7099609375,3155.81005859375
2014-04-22,0.8213000297546387,1.3795006275177002,30.667591094970703,398.29998779296875,4484.2099609375,9600.08984375,3199.68994140625
2014-04-23,0.8207200169563293,1.3810056447982788,30.547393798828125,397.3399963378906,4451.080078125,9544.1904296875,3175.969970703125
2014-04-24,0.8232700228691101,1.381921648979187,30.526165008544922,397.1000061035156,4479.5400390625,9548.6796875,3189.81005859375
2014-04-25,0.8227800130844116,1.3832024335861206,30.257471084594727,392.8500061035156,4443.6298828125,9401.5498046875,3147.39990234375
2014-04-28,0.823419988155365,1.384063959121704,30.448387145996094,393.7300109863281,4460.52978515625,9446.3603515625,3165.840087890625
2014-04-29,0.8238999843597412,1.3852909803390503,30.695884704589844,398.4700012207031,4497.68017578125,9584.1201171875,3208.679931640625
2014-04-30,0.8210200071334839,1.3813681602478027,30.886789321899414,400.54998779296875,4487.39013671875,9603.23046875,3198.389892578125
2014-05-01,0.8217999935150146,1.386924147605896,30.950443267822266,400.54998779296875,4487.39013671875,9603.23046875,3198.389892578125
2014-05-02,0.820930004119873,1.3870972394943237,30.724166870117188,399.2300109863281,4458.169921875,9556.01953125,3177.889892578125
2014-05-05,0.8217599987983704,1.387270450592041,30.759532928466797,397.44000244140625,4462.68994140625,9529.5,3171.2900390625
2014-05-06,0.8224499821662903,1.387597680091858,30.582748413085938,396.5400085449219,4428.06982421875,9467.5302734375,3149.7900390625
2014-05-07,0.8205000162124634,1.3930680751800537,30.823165893554688,398.5899963378906,4446.43994140625,9521.2998046875,3159.669921875
2014-05-08,0.8203499913215637,1.3911689519882202,30.89386749267578,402.9800109863281,4507.240234375,9607.400390625,3204.300048828125
2014-05-09,0.817300021648407,1.3844279050827026,30.688812255859375,401.92999267578125,4477.27978515625,9581.4501953125,3184.090087890625
2014-05-12,0.8161399960517883,1.376064658164978,30.999929428100586,403.7799987792969,4493.64990234375,9702.4599609375,3206.969970703125
2014-05-13,0.8151999711990356,1.3756672143936157,30.87973403930664,404.6499938964844,4505.02001953125,9754.4296875,3211.780029296875
2014-05-14,0.814300000667572,1.3709522485733032,30.85144805908203,403.3299865722656,4501.0400390625,9754.3896484375,3210.419921875
2014-05-15,0.8180000185966492,1.372005581855774,30.490806579589844,400.25,4444.93017578125,9656.0498046875,3163.219970703125
2014-05-16,0.8166599869728088,1.3716480731964111,30.603954315185547,399.55999755859375,4456.27978515625,9629.099609375,3172.719970703125
2014-05-19,0.8144000172615051,1.3703323602676392,30.611021041870117,401.0400085449219,4469.759765625,9659.3896484375,3169.89990234375
2014-05-20,0.8154000043869019,1.3713847398757935,30.42717933654785,400.79998779296875,4452.35009765625,9639.080078125,3163.929931640625
2014-05-21,0.8137900233268738,1.3704074621200562,30.717086791992188,402.8999938964844,4469.02978515625,9697.8701171875,3187.080078125
2014-05-22,0.8096399903297424,1.3681762218475342,30.632232666015625,404.1400146484375,4478.2099609375,9720.91015625,3187.6298828125
2014-05-23,0.8093900084495544,1.3654487133026123,30.787797927856445,405.1400146484375,4493.14990234375,9768.009765625,3203.280029296875
2014-05-26,0.8095200061798096,1.3628805875778198,30.787797927856445,406.8800048828125,4526.93017578125,9892.8203125,3240.389892578125
2014-05-27,0.8105000257492065,1.3651318550109863,31.169647216796875,406.80999755859375,4529.75,9940.8203125,3244.280029296875
2014-05-28,0.8109999895095825,1.3636983633041382,31.077714920043945,405.94000244140625,4531.6298828125,9939.169921875,3246.239990234375
2014-05-29,0.8131999969482422,1.359342098236084,31.176721572875977,407.44000244140625,4530.509765625,9938.900390625,3246.239990234375
2014-05-30,0.8133000135421753,1.360451579093933,31.296926498413086,407.2099914550781,4519.56982421875,9943.26953125,3244.60009765625
2014-06-02,0.8131700158119202,1.3628062009811401,31.254497528076172,408.7699890136719,4515.89013671875,9950.1201171875,3247.800048828125
2014-06-03,0.8119999766349792,1.3598966598510742,31.12721824645996,408.6099853515625,4503.68994140625,9919.740234375,3241.0400390625
2014-06-04,0.8136000037193298,1.3621008396148682,31.120147705078125,408.07000732421875,4501.0,9926.669921875,3237.929931640625
2014-06-05,0.8123999834060669,1.3604146242141724,31.572696685791016,410.9700012207031,4548.72998046875,9947.830078125,3267.050048828125
2014-06-06,0.812690019607544,1.3661948442459106,31.855539321899414,413.260009765625,4581.1201171875,9987.1904296875,3294.280029296875
2014-06-09,0.8120999932289124,1.3642936944961548,31.784833908081055,415.4599914550781,4589.1201171875,10008.6298828125,3294.280029296875
2014-06-10,0.8087999820709229,1.3592681884765625,31.72826385498047,415.8599853515625,4595.0,10028.7998046875,3313.800048828125
2014-06-11,0.8082200288772583,1.3540961742401123,31.431276321411133,414.45001220703125,4555.10986328125,9949.8095703125,3289.090087890625
2014-06-12,0.8061599731445312,1.3537112474441528,31.374713897705078,414.739990234375,4554.39990234375,9938.7001953125,3284.280029296875
2014-06-13,0.7992100119590759,1.3554543256759644,31.3251895904541,414.04998779296875,4543.27978515625,9912.8701171875,3282.840087890625
2014-06-16,0.7972000241279602,1.3538029193878174,31.304000854492188,412.5400085449219,4510.0498046875,9883.98046875,3261.419921875
2014-06-17,0.7994999885559082,1.3577179908752441,31.3393497467041,414.5799865722656,4536.06982421875,9920.3203125,3275.330078125
2014-06-18,0.7988799810409546,1.3547931909561157,31.714122772216797,415.4800109863281,4530.3701171875,9930.330078125,3279.199951171875
2014-06-19,0.7993999719619751,1.3590649366378784,31.897964477539062,417.9800109863281,4563.0400390625,10004.0,3314.800048828125
2014-06-20,0.7986999750137329,1.361136794090271,31.738454818725586,417.8999938964844,4541.33984375,9987.240234375,3302.360107421875
2014-06-23,0.79830002784729,1.3593051433563232,31.630168914794922,415.5899963378906,4515.56982421875,9920.919921875,3282.580078125
2014-06-24,0.7987599968910217,1.3601926565170288,31.435287475585938,415.7799987792969,4518.33984375,9938.080078125,3284.81005859375
2014-06-25,0.8011999726295471,1.3605812788009644,31.399206161499023,411.92999267578125,4460.60009765625,9867.75,3252.31005859375
2014-06-26,0.8023899793624878,1.3628991842269897,31.21875,410.80999755859375,4439.6298828125,9804.900390625,3233.18994140625
2014-06-27,0.7994599938392639,1.3613035678863525,31.262041091918945,410.8599853515625,4436.990234375,9815.169921875,3227.85009765625
2014-06-30,0.8008999824523926,1.3644425868988037,31.233182907104492,413.1499938964844,4422.83984375,9833.0703125,3228.239990234375
2014-07-01,0.8002099990844727,1.3693565130233765,31.485809326171875,415.4800109863281,4461.1201171875,9902.41015625,3258.7099609375
2014-07-02,0.7976999878883362,1.3680826425552368,31.413633346557617,415.8500061035156,4444.72021484375,9911.26953125,3252.25
2014-07-03,0.7955099940299988,1.3652995824813843,31.622968673706055,419.5299987792969,4489.8798828125,10029.4296875,3289.75
2014-07-04,0.7933300137519836,1.3610072135925293,31.622968673706055,418.70001220703125,4468.97998046875,10009.080078125,3270.469970703125
2014-07-07,0.7921000123023987,1.3588433265686035,31.14656639099121,414.1199951171875,4405.759765625,9906.0703125,3230.919921875
2014-07-08,0.7940000295639038,1.360618233680725,30.69902801513672,409.760009765625,4342.52978515625,9772.669921875,3184.3798828125
2014-07-09,0.7943999767303467,1.3617113828659058,30.944446563720703,410.489990234375,4359.83984375,9808.2001953125,3203.10009765625
2014-07-10,0.7950299978256226,1.3642936944961548,30.453596115112305,403.3900146484375,4301.259765625,9659.1298828125,3150.590087890625
2014-07-11,0.794189989566803,1.3605072498321533,30.431961059570312,403.6099853515625,4316.5,9666.33984375,3157.050048828125
2014-07-14,0.7943000197410583,1.360377550125122,30.619625091552734,406.54998779296875,4350.0400390625,9783.009765625,3185.860107421875
2014-07-15,0.7971000075340271,1.3621751070022583,30.374217987060547,404.010009765625,4305.31005859375,9719.41015625,3153.75
2014-07-16,0.7914999723434448,1.3572019338607788,30.634063720703125,408.7799987792969,4369.06005859375,9859.26953125,3202.93994140625
2014-07-17,0.7892100214958191,1.3529969453811646,30.006078720092773,404.8399963378906,4316.1201171875,9753.8798828125,3157.820068359375
2014-07-18,0.7907000184059143,1.3518811464309692,30.359783172607422,404.3999938964844,4335.31005859375,9720.01953125,3164.2099609375
2014-07-21,0.791700005531311,1.3532166481018066,30.107141494750977,403.7099914550781,4304.740234375,9612.0498046875,3137.06005859375
2014-07-22,0.7921000123023987,1.3527040481567383,30.316476821899414,407.95001220703125,4369.52001953125,9734.330078125,3189.219970703125
2014-07-23,0.7890300154685974,1.3468012809753418,30.38143539428711,408.5299987792969,4376.31982421875,9753.5595703125,3193.1298828125
2014-07-24,0.7899699807167053,1.346293568611145,30.634063720703125,409.9800109863281,4410.64990234375,9794.0595703125,3220.070068359375
2014-07-25,0.7923200130462646,1.3464748859405518,30.258716583251953,404.8399963378906,4330.5498046875,9644.009765625,3174.989990234375
2014-07-28,0.7906500101089478,1.3428946733474731,30.208189010620117,404.67999267578125,4344.77001953125,9598.169921875,3171.550048828125
2014-07-29,0.791100025177002,1.3439054489135742,30.164880752563477,407.30999755859375,4365.580078125,9653.6298828125,3190.5400390625
2014-07-30,0.7912099957466125,1.3411117792129517,30.121570587158203,407.9599914550781,4312.2998046875,9593.6796875,3169.22998046875
2014-07-31,0.7921299934387207,1.3396027088165283,29.421409606933594,404.2900085449219,4246.14013671875,9407.48046875,3115.510009765625
2014-08-01,0.7926599979400635,1.3389928340911865,29.13990020751953,398.55999755859375,4202.77978515625,9210.080078125,3115.510009765625
2014-08-04,0.7978399991989136,1.3428946733474731,29.291486740112305,395.95001220703125,4217.22021484375,9154.1396484375,3070.4599609375
2014-08-05,0.7956299781799316,1.342209815979004,28.764549255371094,398.3800048828125,4232.8798828125,9189.740234375,3072.199951171875
2014-08-06,0.7922400236129761,1.337238073348999,28.764549255371094,397.2099914550781,4207.14013671875,9130.0400390625,3050.3701171875
2014-08-07,0.7937999963760376,1.3382940292358398,28.33867835998535,394.20001220703125,4149.830078125,9038.9697265625,3012.8798828125
2014-08-08,0.7936999797821045,1.3358268737792969,28.757335662841797,390.25,4147.81005859375,9009.3203125,3006.830078125
2014-08-11,0.7989299893379211,1.3405184745788574,28.735681533813477,396.6499938964844,4197.7001953125,9180.740234375,3047.56005859375
2014-08-12,0.7972000241279602,1.3384909629821777,28.591323852539062,394.2200012207031,4162.16015625,9069.4697265625,3023.77001953125
2014-08-13,0.7950999736785889,1.3366124629974365,28.82229995727539,395.2699890136719,4194.7900390625,9198.8798828125,3056.169921875
2014-08-14,0.8008599877357483,1.3367911577224731,28.981096267700195,395.8399963378906,4205.43017578125,9225.099609375,3058.159912109375
2014-08-15,0.8006600141525269,1.3363981246948242,28.843952178955078,395.3500061035156,4174.35986328125,9092.599609375,3033.52001953125
2014-08-18,0.800849974155426,1.339046597480774,29.060489654541016,399.9100036621094,4230.64990234375,9245.330078125,3073.449951171875
2014-08-19,0.7989000082015991,1.336112380027771,29.13267707824707,403.30999755859375,4254.4501953125,9334.2802734375,3091.110107421875
2014-08-20,0.8014000058174133,1.332196593284607,28.937782287597656,403.32000732421875,4240.7900390625,9314.5703125,3083.5
2014-08-21,0.7986000180244446,1.3260489702224731,29.291486740112305,405.7699890136719,4292.93017578125,9401.5302734375,3124.56005859375
2014-08-22,0.8008000254631042,1.3279330730438232,29.0244140625,404.4800109863281,4252.7998046875,9339.169921875,3098.5
2014-08-25,0.7973999977111816,1.3198705911636353,29.450288772583008,409.32000732421875,4342.10986328125,9510.1396484375,3165.469970703125
2014-08-26,0.7957000136375427,1.3188958168029785,29.6812686920166,412.92999267578125,4393.41015625,9588.150390625,3197.5400390625
2014-08-27,0.795799970626831,1.3170199394226074,29.7390079498291,413.19000244140625,4395.259765625,9569.7099609375,3194.449951171875
2014-08-28,0.7956900000572205,1.319087266921997,29.508024215698242,412.1400146484375,4366.0400390625,9462.5595703125,3164.43994140625
2014-08-29,0.794700026512146,1.3184958696365356,29.493593215942383,413.1300048828125,4381.0400390625,9470.169921875,3172.6298828125
2014-09-01,0.7911499738693237,1.3127838373184204,29.493593215942383,414.2300109863281,4379.72998046875,9479.0302734375,3175.050048828125
2014-09-02,0.7902200222015381,1.3131976127624512,29.50080108642578,415.0,4378.330078125,9507.01953125,3180.2900390625
2014-09-03,0.7973200082778931,1.3131976127624512,29.840068817138672,417.2099914550781,4421.8701171875,9626.490234375,3218.840087890625
2014-09-04,0.7987099885940552,1.3150973320007324,29.933895111083984,421.5899963378906,4494.93994140625,9724.259765625,3277.25
2014-09-05,0.7936999797821045,1.2932761907577515,30.092708587646484,421.1099853515625,4486.490234375,9747.01953125,3275.25
2014-09-08,0.798799991607666,1.2953367233276367,29.71734619140625,420.6000061035156,4474.93017578125,9758.0302734375,3267.5400390625
2014-09-09,0.8008999824523926,1.2891082763671875,29.645185470581055,418.3999938964844,4452.3701171875,9710.7001953125,3245.429931640625
2014-09-10,0.8025000095367432,1.2941968441009521,29.71013641357422,418.95001220703125,4450.7900390625,9700.169921875,3244.159912109375
2014-09-11,0.7972999811172485,1.2917059659957886,29.601856231689453,418.010009765625,4440.89990234375,9691.2802734375,3237.760009765625
2014-09-12,0.7952499985694885,1.2923569679260254,29.558547973632812,417.79998779296875,4441.7001953125,9651.1298828125,3235.070068359375
2014-09-15,0.7968999743461609,1.2960082292556763,29.587438583374023,417.6499938964844,4428.6298828125,9659.6298828125,3231.699951171875
2014-09-16,0.7972000241279602,1.2939791679382324,29.66682243347168,417.3999938964844,4409.14990234375,9632.9296875,3221.72998046875
2014-09-17,0.7965800166130066,1.2959076166152954,29.54413604736328,417.8399963378906,4431.41015625,9661.5,3237.43994140625
2014-09-18,0.7897999882698059,1.285000205039978,29.79676055908203,422.04998779296875,4464.7001953125,9798.1298828125,3271.3701171875
2014-09-19,0.7859100103378296,1.2920063734054565,29.654993057250977,425.739990234375,4461.22021484375,9799.259765625,3273.25
2014-09-22,0.7867799997329712,1.2841421365737915,29.568206787109375,422.04998779296875,4442.5498046875,9749.5400390625,3257.47998046875
2014-09-23,0.7849000096321106,1.2851488590240479,29.126983642578125,418.8299865722656,4359.35009765625,9595.0302734375,3205.929931640625
2014-09-24,0.7838000059127808,1.2853965759277344,29.401844024658203,421.4200134277344,4413.72021484375,9661.9697265625,3244.010009765625
2014-09-25,0.782800018787384,1.2778083086013794,28.83043670654297,417.25,4355.27978515625,9510.009765625,3202.31005859375
2014-09-26,0.781000018119812,1.2757054567337036,29.025732040405273,418.489990234375,4394.75,9490.5498046875,3219.580078125
2014-09-29,0.7802000045776367,1.2673146724700928,28.67131233215332,418.17999267578125,4358.06982421875,9422.91015625,3186.949951171875
2014-09-30,0.7811999917030334,1.269083857536316,28.71471405029297,421.1400146484375,4416.240234375,9474.2998046875,3225.929931640625
2014-10-01,0.7787600159645081,1.262833595275879,28.410926818847656,416.79998779296875,4365.27001953125,9382.0302734375,3195.080078125
2014-10-02,0.7795000076293945,1.2624191045761108,27.991418838500977,406.2200012207031,4242.669921875,9195.6796875,3106.419921875
2014-10-03,0.7840999960899353,1.2670577764511108,27.89016342163086,411.19000244140625,4281.740234375,9195.6796875,3133.3701171875
2014-10-06,0.7838500142097473,1.2513607740402222,27.998655319213867,412.239990234375,4286.52001953125,9209.509765625,3138.669921875
2014-10-07,0.786620020866394,1.264606237411499,27.35492706298828,406.510009765625,4209.14013671875,9086.2099609375,3082.10009765625
2014-10-08,0.7871999740600586,1.266800880432129,27.904624938964844,403.4599914550781,4168.1201171875,8995.330078125,3053.31005859375
2014-10-09,0.7882300019264221,1.2743074893951416,27.029436111450195,402.6600036621094,4141.4501953125,9005.01953125,3042.449951171875
2014-10-10,0.7871299982070923,1.2689067125320435,26.609928131103516,395.67999267578125,4073.7099609375,8788.8095703125,2991.5
2014-10-13,0.7853000164031982,1.263982892036438,26.660552978515625,394.3299865722656,4078.699951171875,8812.4296875,2998.320068359375
2014-10-14,0.7918000221252441,1.272394061088562,26.7690486907959,393.29998779296875,4088.25,8825.2099609375,3000.989990234375
2014-10-15,0.7951599955558777,1.2639029026031494,26.392942428588867,379.69000244140625,3939.719970703125,8571.9501953125,2892.550048828125
2014-10-16,0.801800012588501,1.2821663618087769,25.995134353637695,376.2699890136719,3918.6201171875,8582.900390625,2874.64990234375
2014-10-17,0.7954999804496765,1.280442476272583,26.588232040405273,387.05999755859375,4033.179931640625,8850.26953125,2962.239990234375
2014-10-20,0.7922400236129761,1.274957299232483,26.675037384033203,384.3999938964844,3991.239990234375,8717.759765625,2927.300048828125
2014-10-21,0.7919399738311768,1.2795250415802002,27.08006477355957,394.489990234375,4081.239990234375,8886.9599609375,2991.4599609375
2014-10-22,0.7889999747276306,1.2714719772338867,26.675037384033203,396.010009765625,4105.08984375,8940.1396484375,3008.530029296875
2014-10-23,0.787909984588623,1.2641425132751465,27.181333541870117,396.8900146484375,4157.68017578125,9047.3095703125,3044.300048828125
2014-10-24,0.7890999913215637,1.2654062509536743,27.3115177154541,396.1199951171875,4128.89990234375,8987.7998046875,3030.3701171875
2014-10-27,0.7876700162887573,1.2676681280136108,27.051136016845703,395.04998779296875,4096.740234375,8902.6103515625,2998.840087890625
2014-10-28,0.7875999808311462,1.270147681236267,27.51405143737793,401.260009765625,4112.669921875,9068.1904296875,3036.14990234375
2014-10-29,0.7890700101852417,1.273836612701416,27.051136016845703,401.1000061035156,4110.64013671875,9082.8095703125,3022.419921875
2014-10-30,0.7892000079154968,1.2632802724838257,27.188566207885742,403.7099914550781,4141.240234375,9114.83984375,3035.89990234375
2014-10-31,0.7881199717521667,1.2613362073898315,27.68040657043457,411.32000732421875,4233.08984375,9326.8701171875,3113.320068359375
2014-11-03,0.7825999855995178,1.2503125667572021,27.347686767578125,409.0400085449219,4194.02978515625,9251.7001953125,3082.320068359375
2014-11-04,0.7818999886512756,1.2495938539505005,27.13070297241211,403.7799987792969,4130.18994140625,9166.4697265625,3034.239990234375
2014-11-05,0.7842400074005127,1.2552564144134521,27.28982925415039,410.6600036621094,4208.419921875,9315.48046875,3091.5400390625
2014-11-06,0.781499981880188,1.2480031251907349,27.268125534057617,413.1499938964844,4227.68017578125,9377.41015625,3102.070068359375
2014-11-07,0.7814300060272217,1.238006830215454,27.07283592224121,411.42999267578125,4189.89013671875,9291.830078125,3064.919921875
2014-11-10,0.7845199704170227,1.246137022972107,27.246431350708008,414.9599914550781,4222.81982421875,9351.8701171875,3094.60009765625
2014-11-11,0.7839999794960022,1.242992639541626,27.427244186401367,415.17999267578125,4244.10009765625,9369.0302734375,3104.590087890625
2014-11-12,0.78329998254776,1.2475829124450684,26.957109451293945,411.92999267578125,4179.8798828125,9210.9599609375,3047.300048828125
2014-11-13,0.7881900072097778,1.242992639541626,27.08730697631836,411.4100036621094,4187.9501953125,9248.509765625,3056.800048828125
2014-11-14,0.7942799925804138,1.2475982904434204,27.13070297241211,411.9700012207031,4202.4599609375,9252.9404296875,3059.989990234375
2014-11-17,0.7990099787712097,1.251846432685852,27.268125534057617,414.07000732421875,4226.10009765625,9306.349609375,3084.7900390625
2014-11-18,0.7960000038146973,1.2448959350585938,27.796133041381836,417.1600036621094,4262.3798828125,9456.5302734375,3120.419921875
2014-11-19,0.8018699884414673,1.253337025642395,27.803373336791992,417.7900085449219,4266.18994140625,9472.7998046875,3123.1201171875
2014-11-20,0.8001099824905396,1.2540757656097412,27.593612670898438,416.80999755859375,4234.2099609375,9483.9697265625,3102.2099609375
2014-11-21,0.7991999983787537,1.2545005083084106,28.034814834594727,423.4599914550781,4347.22998046875,9732.5498046875,3194.219970703125
2014-11-24,0.7906000018119812,1.2375012636184692,28.403697967529297,422.9100036621094,4368.43994140625,9785.5400390625,3211.699951171875
2014-11-25,0.7918999791145325,1.2433171272277832,28.591753005981445,423.17999267578125,4382.31005859375,9861.2099609375,3226.14990234375
2014-11-26,0.7936999797821045,1.24806547164917,28.71471405029297,423.9700012207031,4373.419921875,9915.5595703125,3226.080078125
2014-11-27,0.7921000123023987,1.2505940198898315,28.71471405029297,425.75,4382.33984375,9974.8701171875,3244.919921875
2014-11-28,0.7922400236129761,1.246199131011963,28.656841278076172,425.8599853515625,4390.18017578125,9980.849609375,3250.929931640625
2014-12-01,0.7965400218963623,1.2438275814056396,28.61344337463379,423.4700012207031,4377.330078125,9963.509765625,3232.909912109375
2014-12-02,0.7925099730491638,1.247007131576538,28.533889770507812,428.4800109863281,4388.2998046875,9934.080078125,3238.35009765625
2014-12-03,0.7915999889373779,1.2388503551483154,28.43263816833496,428.6099853515625,4391.85986328125,9971.7900390625,3247.719970703125
2014-12-04,0.7846300005912781,1.231663703918457,28.215633392333984,423.67999267578125,4323.89013671875,9851.349609375,3191.25
2014-12-05,0.789900004863739,1.2386661767959595,28.562820434570312,431.05999755859375,4419.47998046875,10087.1201171875,3277.3798828125
2014-12-08,0.7896999716758728,1.2294074296951294,28.27350425720215,427.2699890136719,4375.47998046875,10014.990234375,3247.989990234375
2014-12-09,0.7868000268936157,1.2315119504928589,28.027587890625,418.42999267578125,4263.93994140625,9793.7099609375,3162.77001953125
2014-12-10,0.7897400259971619,1.2394952774047852,27.67316246032715,416.7099914550781,4227.91015625,9799.73046875,3150.949951171875
2014-12-11,0.7922000288963318,1.2473959922790527,27.61531639099121,416.7699890136719,4225.85986328125,9862.5302734375,3159.110107421875
2014-12-12,0.7882999777793884,1.2394952774047852,26.913705825805664,406.1700134277344,4108.93017578125,9594.73046875,3067.320068359375
2014-12-15,0.7925000190734863,1.2463544607162476,26.371248245239258,396.0899963378906,4005.3798828125,9334.009765625,2982.89990234375
2014-12-16,0.7953000068664551,1.2443537712097168,26.63886070251465,403.7900085449219,4093.199951171875,9563.8896484375,3049.989990234375
2014-12-17,0.7946699857711792,1.2512043714523315,27.051136016845703,403.4599914550781,4111.91015625,9544.4296875,3051.989990234375
2014-12-18,0.7921000123023987,1.2338976860046387,27.65870475769043,416.44000244140625,4249.490234375,9811.0595703125,3153.77001953125
2014-12-19,0.7842000126838684,1.229044795036316,27.35620880126953,418.3699951171875,4241.64990234375,9786.9599609375,3141.280029296875
2014-12-22,0.7821800112724304,1.2225985527038574,27.531143188476562,421.5799865722656,4254.43017578125,9865.759765625,3154.909912109375
2014-12-23,0.784500002861023,1.2223743200302124,27.611324310302734,426.7699890136719,4314.97021484375,9922.1103515625,3192.469970703125
2014-12-24,0.7843000292778015,1.217492938041687,27.720666885375977,425.57000732421875,4295.85009765625,9922.1103515625,3192.469970703125
2014-12-25,0.7842000126838684,1.2198543548583984,27.720666885375977,425.57000732421875,4295.85009765625,9922.1103515625,3192.469970703125
2014-12-26,0.7843000292778015,1.2210012674331665,27.749832153320312,425.57000732421875,4295.85009765625,9922.1103515625,3192.469970703125
2014-12-29,0.7822999954223633,1.216944694519043,27.531143188476562,426.8900146484375,4317.93017578125,9927.1298828125,3192.469970703125
2014-12-30,0.7833099961280823,1.215347409248352,27.1010799407959,421.5899963378906,4245.5400390625,9805.5498046875,3135.949951171875
2014-12-31,0.7810999751091003,1.2162047624588013,26.867830276489258,424.4700012207031,4272.75,9805.5498046875,3135.949951171875
2015-01-01,0.7761600017547607,1.2098628282546997,26.867830276489258,424.4700012207031,4272.75,9805.5498046875,3135.949951171875
2015-01-02,0.7759000062942505,1.2089413404464722,26.845964431762695,422.2799987792969,4252.2900390625,9764.73046875,3135.949951171875
2015-01-05,0.7814800143241882,1.194643259048462,25.701566696166992,410.94000244140625,4111.35986328125,9473.16015625,3023.139892578125
2015-01-06,0.7824000120162964,1.193901538848877,25.409996032714844,408.42999267578125,4083.5,9469.66015625,3023.139892578125
2015-01-07,0.7844399809837341,1.1875356435775757,25.70885467529297,411.2099914550781,4112.72998046875,9518.1796875,3026.7900390625
2015-01-08,0.78329998254776,1.1836000680923462,26.095176696777344,423.07000732421875,4260.18994140625,9837.6103515625,3135.080078125
2015-01-09,0.7816299796104431,1.1796069145202637,25.701566696166992,415.5899963378906,4179.06982421875,9648.5,3042.89990234375
2015-01-12,0.781470000743866,1.187070369720459,25.832767486572266,418.4100036621094,4228.240234375,9781.900390625,3084.179931640625
2015-01-13,0.7797999978065491,1.1831519603729248,25.956689834594727,423.7900085449219,4290.27978515625,9941.0,3133.860107421875
2015-01-14,0.7763000130653381,1.1778285503387451,26.036865234375,418.3299865722656,4223.240234375,9817.080078125,3089.669921875
2015-01-15,0.7735099792480469,1.1785920858383179,25.971271514892578,425.32000732421875,4323.2001953125,10032.6103515625,3157.360107421875
2015-01-16,0.7664999961853027,1.1637378931045532,26.532535552978516,432.9800109863281,4379.6201171875,10167.76953125,3202.239990234375
2015-01-19,0.7635999917984009,1.1566041707992554,26.532535552978516,435.30999755859375,4394.93017578125,10242.349609375,3220.89990234375
2015-01-20,0.7684999704360962,1.1597968339920044,26.75849723815918,437.9200134277344,4446.02001953125,10257.1298828125,3244.919921875
2015-01-21,0.7623000144958496,1.1546944379806519,27.020904541015625,441.0899963378906,4484.81982421875,10299.23046875,3269.72998046875
2015-01-22,0.7667499780654907,1.1615345478057861,27.130237579345703,447.7699890136719,4552.7998046875,10435.6201171875,3322.64990234375
2015-01-23,0.7558000087738037,1.1346745491027832,26.926143646240234,454.55999755859375,4640.68994140625,10649.580078125,3382.550048828125
2015-01-26,0.7422699928283691,1.1125450134277344,27.429101943969727,459.1400146484375,4675.1298828125,10798.330078125,3414.280029296875
2015-01-27,0.7455599904060364,1.1247708797454834,27.34162712097168,454.4599914550781,4624.2099609375,10628.580078125,3372.580078125
2015-01-28,0.7483999729156494,1.1367381811141968,26.678316116333008,452.29998779296875,4610.93994140625,10710.9697265625,3358.9599609375
2015-01-29,0.7451900243759155,1.1281461715698242,27.407230377197266,452.4700012207031,4631.43017578125,10737.8701171875,3371.830078125
2015-01-30,0.7516000270843506,1.13355553150177,26.889699935913086,450.3900146484375,4604.25,10694.3203125,3351.43994140625
2015-02-02,0.7494999766349792,1.1309019327163696,27.37078857421875,450.760009765625,4627.669921875,10828.009765625,3370.110107421875
2015-02-03,0.754610002040863,1.1341726779937744,28.0413875579834,455.82000732421875,4677.89990234375,10890.9501953125,3414.179931640625
2015-02-04,0.756600022315979,1.145737886428833,27.44367790222168,454.8800048828125,4696.2998046875,10911.3203125,3415.530029296875
2015-02-05,0.7455999851226807,1.131874680519104,27.902896881103516,455.29998779296875,4703.2998046875,10905.41015625,3408.9599609375
2015-02-06,0.7484999895095825,1.147196888923645,27.225000381469727,454.69000244140625,4691.02978515625,10846.3896484375,3398.159912109375
2015-02-09,0.7425000071525574,1.1314393281936646,26.991750717163086,450.9599914550781,4651.080078125,10663.509765625,3347.75
2015-02-10,0.7442600131034851,1.1326953172683716,27.378076553344727,453.79998779296875,4695.64990234375,10753.830078125,3383.1298828125
2015-02-11,0.7417200207710266,1.1321951150894165,27.20313262939453,458.2699890136719,4679.3798828125,10752.1103515625,3374.139892578125
2015-02-12,0.7419599890708923,1.131196141242981,27.939346313476562,460.42999267578125,4726.2001953125,10919.650390625,3417.610107421875
2015-02-13,0.7408699989318848,1.140393853187561,28.063261032104492,464.8999938964844,4759.35986328125,10963.400390625,3447.590087890625
2015-02-16,0.7397800087928772,1.1400039196014404,28.063261032104492,462.82000732421875,4751.9501953125,10923.23046875,3433.300048828125
2015-02-17,0.7379999756813049,1.1334012746810913,28.121572494506836,463.4200134277344,4753.990234375,10895.6201171875,3438.43994140625
2015-02-18,0.7426000237464905,1.1404719352722168,28.150718688964844,467.32000732421875,4799.02978515625,10961.0,3465.800048828125
2015-02-19,0.7383999824523926,1.1400039196014404,28.150718688964844,469.7900085449219,4833.27978515625,11001.9404296875,3488.080078125
2015-02-20,0.7369999885559082,1.1366735696792603,28.58077621459961,469.8500061035156,4830.89990234375,11050.6396484375,3490.530029296875
2015-02-23,0.7394999861717224,1.1381484270095825,28.38397979736328,475.2200012207031,4862.2998046875,11130.919921875,3519.580078125
2015-02-24,0.7333999872207642,1.1332985162734985,28.711984634399414,479.94000244140625,4886.43994140625,11205.740234375,3547.10009765625
2015-02-25,0.7335500121116638,1.1339025497436523,28.675539016723633,478.5299987792969,4882.22021484375,11210.26953125,3541.780029296875
2015-02-26,0.7318999767303467,1.1363636255264282,28.507898330688477,482.4700012207031,4910.6201171875,11327.1904296875,3574.93994140625
2015-02-27,0.7267100214958191,1.1205360889434814,28.617233276367188,483.92999267578125,4951.47998046875,11401.66015625,3599.0
2015-03-02,0.7243000268936157,1.1161960363388062,28.675539016723633,485.8399963378906,4917.31982421875,11410.3603515625,3591.090087890625
2015-03-03,0.7275999784469604,1.1179054975509644,28.3985538482666,480.05999755859375,4869.25,11280.3603515625,3549.110107421875
2015-03-04,0.7275699973106384,1.118217945098877,28.340238571166992,483.57000732421875,4917.35009765625,11390.3798828125,3583.43994140625
2015-03-05,0.7258999943733215,1.1082050800323486,28.4204158782959,488.9599914550781,4963.509765625,11504.009765625,3618.2099609375
2015-03-06,0.7234200239181519,1.1032048463821411,27.830001831054688,489.8399963378906,4964.35009765625,11550.9697265625,3617.6201171875
2015-03-09,0.7200300097465515,1.0845986604690552,27.94662094116211,488.2099914550781,4937.2001953125,11582.1103515625,3610.280029296875
2015-03-10,0.717199981212616,1.0833414793014526,27.246875762939453,483.1000061035156,4881.9501953125,11500.3798828125,3567.25
2015-03-11,0.7099999785423279,1.0708701610565186,27.44367790222168,491.92999267578125,4997.75,11805.990234375,3649.5400390625
2015-03-12,0.7059999704360962,1.0548745393753052,27.655071258544922,491.6400146484375,4987.330078125,11799.3896484375,3641.320068359375
2015-03-13,0.7133299708366394,1.0626314878463745,27.4582576751709,492.4800109863281,5010.4599609375,11901.6103515625,3656.2099609375
2015-03-16,0.7103000283241272,1.0481630563735962,27.939346313476562,498.0299987792969,5061.16015625,12167.7197265625,3706.75
2015-03-17,0.713100016117096,1.0572947263717651,27.815418243408203,494.3999938964844,5028.93017578125,11980.849609375,3672.159912109375
2015-03-18,0.718280017375946,1.0598047971725464,28.26005744934082,496.6300048828125,5033.419921875,11922.76953125,3668.52001953125
2015-03-19,0.7250999808311462,1.0849988460540771,27.8372859954834,496.010009765625,5037.18017578125,11899.400390625,3670.72998046875
2015-03-20,0.722760021686554,1.066894292831421,28.672134399414062,499.1199951171875,5087.490234375,12039.3701171875,3726.070068359375
2015-03-23,0.7242199778556824,1.0826611518859863,28.803483963012695,497.54998779296875,5054.52001953125,11895.83984375,3699.0400390625
2015-03-24,0.7321199774742126,1.094499111175537,28.94944190979004,498.6600036621094,5088.27978515625,12005.6904296875,3731.35009765625
2015-03-25,0.7350199818611145,1.0902034044265747,28.74510383605957,491.6400146484375,5020.990234375,11865.3203125,3684.0400390625
2015-03-26,0.7368000149726868,1.0960465669631958,28.496990203857422,486.3699951171875,5006.35009765625,11843.6796875,3669.7900390625
2015-03-27,0.7325999736785889,1.0886367559432983,28.63564682006836,485.7300109863281,5034.06005859375,11868.330078125,3679.030029296875
2015-03-30,0.7311699986457825,1.0884946584701538,28.737810134887695,494.69000244140625,5083.52001953125,12086.009765625,3727.800048828125
2015-03-31,0.7311999797821045,1.0830246210098267,28.32914924621582,489.4100036621094,5033.64013671875,11966.169921875,3697.3798828125
2015-04-01,0.7239999771118164,1.073814034461975,28.57726287841797,490.0400085449219,5062.22021484375,12001.3798828125,3714.889892578125
2015-04-02,0.7259100079536438,1.0769942998886108,28.876462936401367,492.3800048828125,5074.14013671875,11967.3896484375,3715.27001953125
2015-04-03,0.7329999804496765,1.087074637413025,28.876462936401367,492.3800048828125,5074.14013671875,11967.3896484375,3715.27001953125
2015-04-06,0.7366999983787537,1.100134253501892,29.18296241760254,492.3800048828125,5074.14013671875,11967.3896484375,3715.27001953125
2015-04-07,0.7342000007629395,1.0934817790985107,29.000526428222656,503.0299987792969,5151.18994140625,12123.51953125,3768.719970703125
2015-04-08,0.7300900220870972,1.0824151039123535,28.920246124267578,497.1600036621094,5136.85986328125,12035.8603515625,3742.6298828125
2015-04-09,0.7249000072479248,1.078527569770813,28.84726905822754,501.9700012207031,5208.9501953125,12166.4404296875,3781.7900390625
2015-04-10,0.7247999906539917,1.0669056177139282,28.920246124267578,507.1700134277344,5240.4599609375,12374.73046875,3816.760009765625
2015-04-13,0.724399983882904,1.0609854459762573,28.752408981323242,508.6600036621094,5254.1201171875,12338.73046875,3828.780029296875
2015-04-14,0.7207000255584717,1.0572947263717651,28.86187171936035,505.8599853515625,5218.06005859375,12227.599609375,3784.530029296875
2015-04-15,0.7207000255584717,1.0647132396697998,28.95673179626465,507.42999267578125,5254.35009765625,12231.33984375,3803.550048828125
2015-04-16,0.7199500203132629,1.0676802396774292,28.854570388793945,504.3800048828125,5224.490234375,11998.8603515625,3751.719970703125
2015-04-17,0.7209399938583374,1.0755579471588135,28.351043701171875,495.0299987792969,5143.259765625,11688.7001953125,3674.050048828125
2015-04-20,0.7221199870109558,1.0810226202011108,28.44590950012207,500.7300109863281,5187.58984375,11891.91015625,3718.0400390625
2015-04-21,0.7207800149917603,1.0747487545013428,28.57726287841797,503.80999755859375,5192.64013671875,11939.580078125,3719.3798828125
2015-04-22,0.7192000150680542,1.074171543121338,28.642934799194336,505.7200012207031,5211.08984375,11867.3701171875,3724.489990234375
2015-04-23,0.713100016117096,1.0725815296173096,28.723217010498047,503.0,5178.91015625,11723.580078125,3697.8798828125
2015-04-24,0.718529999256134,1.0815019607543945,28.854570388793945,504.010009765625,5201.4501953125,11810.849609375,3713.9599609375
2015-04-27,0.7160800099372864,1.086897373199463,29.2486515045166,509.239990234375,5268.91015625,12039.16015625,3771.449951171875
2015-04-28,0.7143700122833252,1.0877959728240967,29.2413387298584,501.6600036621094,5173.3798828125,11811.66015625,3715.419921875
2015-04-29,0.7152000069618225,1.096912145614624,28.83997917175293,489.260009765625,5039.39013671875,11432.7197265625,3617.110107421875
2015-04-30,0.7203999757766724,1.1114321947097778,28.912952423095703,487.8500061035156,5046.490234375,11454.3798828125,3615.590087890625
2015-05-01,0.7301999926567078,1.1214659214019775,29.18296241760254,487.8500061035156,5046.490234375,11454.3798828125,3615.590087890625
2015-05-04,0.7383999824523926,1.1185932159423828,29.05890655517578,491.1700134277344,5081.97021484375,11619.849609375,3632.93994140625
2015-05-05,0.7372000217437744,1.1149141788482666,28.504297256469727,482.6099853515625,4974.06982421875,11327.6796875,3546.56005859375
2015-05-06,0.7370499968528748,1.1186307668685913,28.89105224609375,478.1499938964844,4981.58984375,11350.150390625,3558.030029296875
2015-05-07,0.7440000176429749,1.1341469287872314,28.752408981323242,478.7799987792969,4967.22021484375,11407.9697265625,3556.2099609375
2015-05-08,0.7300000190734863,1.1246949434280396,29.43107032775879,490.7900085449219,5090.39013671875,11709.73046875,3649.47998046875
2015-05-11,0.7251999974250793,1.1194071769714355,29.05890655517578,492.75,5027.8701171875,11673.349609375,3624.409912109375
2015-05-12,0.7152000069618225,1.114441990852356,28.94214630126953,488.9700012207031,4974.64990234375,11472.41015625,3573.10009765625
2015-05-13,0.7160800099372864,1.1221455335617065,29.015125274658203,486.69000244140625,4961.85986328125,11351.4599609375,3553.419921875
2015-05-14,0.7210999727249146,1.1350480318069458,29.635400772094727,490.69000244140625,5029.31005859375,11559.8203125,3553.419921875
2015-05-15,0.7228999733924866,1.1404979228973389,29.62811851501465,490.9599914550781,4993.81982421875,11447.0302734375,3573.070068359375
2015-05-18,0.7268900275230408,1.144505262374878,29.452980041503906,490.1499938964844,5012.31005859375,11594.2802734375,3589.219970703125
2015-05-19,0.7228999733924866,1.1326183080673218,29.51136016845703,499.17999267578125,5117.2998046875,11853.330078125,3670.52001953125
2015-05-20,0.7183099985122681,1.1146656274795532,29.59893035888672,501.8999938964844,5133.2998046875,11848.4697265625,3683.47998046875
2015-05-21,0.7141600251197815,1.1100751161575317,29.7083797454834,502.04998779296875,5146.7001953125,11864.58984375,3688.719970703125
2015-05-22,0.7092999815940857,1.1111851930618286,29.38728904724121,501.8900146484375,5142.89013671875,11815.009765625,3679.139892578125
2015-05-25,0.7102900147438049,1.0992997884750366,29.38728904724121,501.1400146484375,5117.169921875,11815.009765625,3679.139892578125
2015-05-26,0.7089999914169312,1.0971167087554932,28.628355026245117,496.3500061035156,5083.5400390625,11625.1298828125,3619.300048828125
2015-05-27,0.7069900035858154,1.08888578414917,29.080795288085938,503.5199890136719,5182.52978515625,11771.1298828125,3682.8701171875
2015-05-28,0.7099000215530396,1.0900014638900757,29.022417068481445,502.239990234375,5137.830078125,11677.5703125,3650.7099609375
2015-05-29,0.715399980545044,1.0960345268249512,28.482383728027344,493.55999755859375,5007.89013671875,11413.8203125,3570.780029296875
2015-06-01,0.7167099714279175,1.0957943201065063,28.45319938659668,492.25,5025.2998046875,11436.0498046875,3575.0400390625
2015-06-02,0.718559980392456,1.0922993421554565,28.74510383605957,486.5,5004.4599609375,11328.7998046875,3561.889892578125
2015-06-03,0.7267000079154968,1.1150012016296387,29.18296241760254,487.739990234375,5034.169921875,11419.6201171875,3583.820068359375
2015-06-04,0.7343699932098389,1.1257838010787964,28.752408981323242,485.2900085449219,4987.1298828125,11340.599609375,3556.3798828125
2015-06-05,0.7294999957084656,1.120787262916565,28.31456184387207,479.3800048828125,4920.740234375,11197.150390625,3510.010009765625
2015-06-08,0.7275000214576721,1.1108149290084839,28.256175994873047,475.1300048828125,4857.66015625,11064.919921875,3468.31005859375
2015-06-09,0.7351999878883362,1.128095269203186,28.146703720092773,474.70001220703125,4850.22021484375,11001.2900390625,3456.7900390625
2015-06-10,0.7338500022888184,1.1299052238464355,28.94944190979004,481.45001220703125,4934.91015625,11265.3896484375,3526.47998046875
2015-06-11,0.7296000123023987,1.131196141242981,29.037010192871094,484.8800048828125,4971.3701171875,11332.7802734375,3551.909912109375
2015-06-12,0.7246999740600586,1.1240627765655518,28.628355026245117,477.760009765625,4901.18994140625,11196.490234375,3502.77001953125
2015-06-15,0.7208999991416931,1.1219944953918457,28.256175994873047,472.8900146484375,4815.35986328125,10984.9697265625,3438.070068359375
2015-06-16,0.7228999733924866,1.1277008056640625,28.197786331176758,475.1700134277344,4839.85986328125,11044.009765625,3454.090087890625
2015-06-17,0.7185999751091003,1.124201774597168,28.066429138183594,471.55999755859375,4790.6201171875,10978.009765625,3428.760009765625
2015-06-18,0.7172999978065491,1.1369967460632324,28.584556579589844,472.9700012207031,4803.47998046875,11100.2998046875,3450.449951171875
2015-06-19,0.7160999774932861,1.1370742321014404,28.42298126220703,475.42999267578125,4815.3701171875,11040.099609375,3455.800048828125
2015-06-22,0.7158200144767761,1.1372941732406616,29.517601013183594,489.7200012207031,4998.60986328125,11460.5,3596.070068359375
2015-06-23,0.71670001745224,1.13490629196167,29.450572967529297,494.45001220703125,5057.68017578125,11542.5400390625,3625.969970703125
2015-06-24,0.7099000215530396,1.1172186136245728,29.20485496520996,492.6199951171875,5045.35009765625,11471.259765625,3610.949951171875
2015-06-25,0.7132700085639954,1.1206992864608765,29.256973266601562,492.3900146484375,5041.7099609375,11473.1298828125,3610.909912109375
2015-06-26,0.7113999724388123,1.1202975511550903,29.376110076904297,494.4700012207031,5059.169921875,11492.4296875,3621.3701171875
2015-06-29,0.6991999745368958,1.0975021123886108,28.05065155029297,477.1499938964844,4869.81982421875,11083.2001953125,3468.89990234375
2015-06-30,0.7131999731063843,1.122296690940857,27.871936798095703,472.5799865722656,4790.2001953125,10944.9697265625,3424.300048828125
2015-07-01,0.7096999883651733,1.1134989261627197,28.043203353881836,482.8299865722656,4883.18994140625,11180.5,3496.280029296875
2015-07-02,0.707260012626648,1.103363037109375,27.93151092529297,476.9599914550781,4835.56005859375,11099.349609375,3463.25
2015-07-03,0.7099999785423279,1.1086965799331665,27.93151092529297,474.1400146484375,4808.22021484375,11058.3896484375,3441.760009765625
2015-07-06,0.7069000005722046,1.0995051860809326,26.911344528198242,467.25,4711.5400390625,10890.6298828125,3365.199951171875
2015-07-07,0.708109974861145,1.1048991680145264,26.97836685180664,456.6400146484375,4604.64013671875,10676.7802734375,3294.18994140625
2015-07-08,0.7117999792098999,1.1009942293167114,26.635841369628906,459.0400085449219,4639.02001953125,10747.2998046875,3327.5
2015-07-09,0.7200999855995178,1.1071009635925293,27.268781661987305,469.9700012207031,4757.22021484375,10996.41015625,3420.030029296875
2015-07-10,0.7195000052452087,1.1063048839569092,28.765514373779297,481.3900146484375,4903.06982421875,11315.6298828125,3528.81005859375
2015-07-13,0.7172600030899048,1.1129041910171509,28.720829010009766,489.8999938964844,4998.10009765625,11484.3798828125,3590.429931640625
2015-07-14,0.7096999883651733,1.099045991897583,28.914438247680664,493.8399963378906,5032.47021484375,11516.900390625,3607.18994140625
2015-07-15,0.7038999795913696,1.1008002758026123,28.817642211914062,497.1300048828125,5047.240234375,11539.66015625,3623.8701171875
2015-07-16,0.6998000144958496,1.0943553447723389,29.108051300048828,501.010009765625,5121.5,11716.759765625,3676.409912109375
2015-07-17,0.6970800161361694,1.0886012315750122,28.98145294189453,500.42999267578125,5124.39013671875,11673.419921875,3670.340087890625
2015-07-20,0.694100022315979,1.0830246210098267,29.0633602142334,502.0799865722656,5142.490234375,11735.7197265625,3686.580078125
2015-07-21,0.6956999897956848,1.0835410356521606,29.01124382019043,498.760009765625,5106.56982421875,11604.7998046875,3647.9599609375
2015-07-22,0.703000009059906,1.0939961671829224,28.892099380493164,496.1199951171875,5082.56982421875,11520.669921875,3635.580078125
2015-07-23,0.6995999813079834,1.0927051305770874,28.877197265625,496.3500061035156,5086.740234375,11512.1103515625,3634.639892578125
2015-07-24,0.7078999876976013,1.0989010334014893,28.579357147216797,490.0400085449219,5057.35986328125,11347.4501953125,3600.0
2015-07-27,0.7067000269889832,1.0972371101379395,28.303836822509766,481.5199890136719,4927.60009765625,11056.400390625,3513.10009765625
2015-07-28,0.7124999761581421,1.109004020690918,28.616580963134766,485.7699890136719,4977.31982421875,11173.91015625,3554.110107421875
2015-07-29,0.7087699770927429,1.1065986156463623,28.638912200927734,489.2900085449219,5017.43994140625,11211.849609375,3575.530029296875
2015-07-30,0.7038999795913696,1.098406195640564,28.5197811126709,495.1700134277344,5046.419921875,11257.150390625,3583.7900390625
2015-07-31,0.7009999752044678,1.0939244031906128,28.728282928466797,495.2300109863281,5082.60986328125,11308.990234375,3600.68994140625
2015-08-03,0.7017999887466431,1.0969001054763794,28.862308502197266,500.42999267578125,5120.52001953125,11443.7197265625,3635.39990234375
2015-08-04,0.7024000287055969,1.09560227394104,28.691043853759766,500.0199890136719,5112.14013671875,11456.0703125,3619.31005859375
2015-08-05,0.6992999911308289,1.0888975858688354,29.03357696533203,503.4800109863281,5196.72998046875,11636.2998046875,3676.75
2015-08-06,0.6985999941825867,1.0903104543685913,29.093151092529297,501.2300109863281,5192.10986328125,11585.099609375,3668.469970703125
2015-08-07,0.7041100263595581,1.0927051305770874,29.0633602142334,496.6099853515625,5154.75,11490.830078125,3637.800048828125
2015-08-10,0.7074999809265137,1.0965032577514648,29.480363845825195,500.0400085449219,5195.41015625,11604.7802734375,3674.93994140625
2015-08-11,0.7067800164222717,1.1016976833343506,29.01124382019043,494.3599853515625,5099.02978515625,11293.650390625,3605.280029296875
2015-08-12,0.7085000276565552,1.104203701019287,28.70594024658203,477.4200134277344,4925.43017578125,10924.6103515625,3484.409912109375
2015-08-13,0.7145000100135803,1.1160963773727417,28.460203170776367,476.989990234375,4986.85009765625,11014.6298828125,3516.14990234375
2015-08-14,0.7145000100135803,1.1160963773727417,28.385744094848633,473.8900146484375,4956.47021484375,10985.1396484375,3491.030029296875
2015-08-17,0.7087299823760986,1.1092993021011353,28.266597747802734,474.29998779296875,4984.830078125,10940.330078125,3497.89990234375
2015-08-18,0.7106000185012817,1.107800006866455,28.0134220123291,479.010009765625,4971.25,10915.919921875,3495.3798828125
2015-08-19,0.7041199803352356,1.1030831336975098,27.78257942199707,469.239990234375,4884.10009765625,10682.150390625,3429.840087890625
2015-08-20,0.708899974822998,1.1118029356002808,27.075176239013672,459.1700134277344,4783.5498046875,10432.1904296875,3353.47998046875
2015-08-21,0.7160400152206421,1.1236965656280518,26.553924560546875,442.8699951171875,4630.990234375,10124.51953125,3247.260009765625
2015-08-24,0.725600004196167,1.1376951932907104,25.816726684570312,419.67999267578125,4383.4599609375,9648.4296875,3073.389892578125
2015-08-25,0.734749972820282,1.1583056449890137,26.062454223632812,436.67999267578125,4564.85986328125,10128.1201171875,3218.010009765625
2015-08-26,0.7359099984169006,1.1550945043563843,26.650724411010742,428.7300109863281,4501.0498046875,9997.4296875,3170.72998046875
2015-08-27,0.7324000000953674,1.1340054273605347,26.96347427368164,443.3599853515625,4658.18017578125,10315.6201171875,3280.780029296875
2015-08-28,0.7297800183296204,1.1247961521148682,26.710302352905273,445.9599914550781,4675.1298828125,10298.5302734375,3286.590087890625
2015-08-31,0.7273399829864502,1.1214030981063843,26.635841369628906,445.0299987792969,4652.9501953125,10259.4599609375,3269.6298828125
2015-09-01,0.7304999828338623,1.1225864887237549,25.95076560974121,433.5299987792969,4541.16015625,10015.5703125,3188.72998046875
2015-09-02,0.7379699945449829,1.1293437480926514,26.315643310546875,433.55999755859375,4554.919921875,10048.0498046875,3198.860107421875
2015-09-03,0.7325000166893005,1.121604323387146,26.300735473632812,444.54998779296875,4653.7900390625,10317.83984375,3270.090087890625
2015-09-04,0.7289000153541565,1.1125946044921875,25.71991729736328,432.94000244140625,4523.080078125,10038.0400390625,3180.25
2015-09-07,0.7336999773979187,1.115200161933899,25.71991729736328,435.5,4549.64013671875,10108.6103515625,3197.969970703125
2015-09-08,0.7305999994277954,1.1163954734802246,26.472015380859375,439.4800109863281,4598.259765625,10271.3603515625,3233.840087890625
2015-09-09,0.7275999784469604,1.1207369565963745,26.26350975036621,444.260009765625,4664.58984375,10303.1201171875,3269.97998046875
2015-09-10,0.730400025844574,1.1220699548721313,26.509241104125977,436.2099914550781,4596.52978515625,10210.4404296875,3221.139892578125
2015-09-11,0.7307699918746948,1.1290887594223022,26.457117080688477,430.2300109863281,4548.72021484375,10123.5595703125,3187.93994140625
2015-09-14,0.7342399954795837,1.1344043016433716,26.21138572692871,427.8800048828125,4518.14990234375,10131.740234375,3175.6201171875
2015-09-15,0.7329000234603882,1.1307612657546997,26.412443161010742,432.1499938964844,4569.3701171875,10188.1298828125,3207.60009765625
2015-09-16,0.7343999743461609,1.1271796226501465,26.747526168823242,438.5,4645.83984375,10227.2099609375,3251.7900390625
2015-09-17,0.7275999784469604,1.12920343875885,26.985816955566406,437.6300048828125,4655.14013671875,10229.580078125,3255.7900390625
2015-09-18,0.7322499752044678,1.1400948762893677,25.98463249206543,427.32000732421875,4535.85009765625,9916.16015625,3157.300048828125
2015-09-21,0.7271000146865845,1.12920343875885,25.939861297607422,432.79998779296875,4585.5,9948.509765625,3184.719970703125
2015-09-22,0.7214999794960022,1.1190940141677856,25.119216918945312,419.9800109863281,4428.509765625,9570.66015625,3076.050048828125
2015-09-23,0.7242000102996826,1.1120749711990356,25.059537887573242,419.1199951171875,4432.830078125,9612.6201171875,3079.989990234375
2015-09-24,0.7336000204086304,1.1189937591552734,24.947629928588867,409.8599853515625,4347.240234375,9427.6396484375,3019.340087890625
2015-09-25,0.7340800166130066,1.1178929805755615,25.193822860717773,422.79998779296875,4480.66015625,9688.5302734375,3113.159912109375
2015-09-28,0.7367100119590759,1.1201720237731934,24.75365447998047,412.32000732421875,4357.0498046875,9483.5498046875,3039.43994140625
2015-09-29,0.7404999732971191,1.123103380203247,24.85810089111328,412.1099853515625,4343.72998046875,9450.400390625,3029.860107421875
2015-09-30,0.7423999905586243,1.1255937814712524,25.25350570678711,421.1400146484375,4455.2900390625,9660.4404296875,3100.669921875
2015-10-01,0.7385900020599365,1.11720609664917,25.171436309814453,418.8299865722656,4426.5400390625,9509.25,3069.050048828125
2015-10-02,0.739300012588501,1.1193444728851318,25.589218139648438,422.5799865722656,4458.8798828125,9553.0703125,3088.179931640625
2015-10-05,0.7387999892234802,1.1226998567581177,26.186054229736328,436.8999938964844,4616.89990234375,9814.7900390625,3190.389892578125
2015-10-06,0.7387199997901917,1.1195199489593506,26.40241050720215,440.7200012207031,4660.64013671875,9902.830078125,3220.090087890625
2015-10-07,0.7399500012397766,1.1267986297607422,26.64859962463379,440.5899963378906,4667.33984375,9970.400390625,3226.39990234375
2015-10-08,0.7336999773979187,1.1239995956420898,26.78289031982422,442.0799865722656,4675.91015625,9993.0703125,3224.9599609375
2015-10-09,0.7350000143051147,1.1286935806274414,26.932106018066406,441.6499938964844,4701.39013671875,10096.599609375,3250.31005859375
2015-10-12,0.7418000102043152,1.1369967460632324,26.86496353149414,440.04998779296875,4688.7001953125,10119.830078125,3247.330078125
2015-10-13,0.7402999997138977,1.135550618171692,26.59638214111328,438.25,4643.3798828125,10032.8203125,3221.280029296875
2015-10-14,0.7461000084877014,1.138498306274414,26.708280563354492,434.32000732421875,4609.02978515625,9915.849609375,3191.570068359375
2015-10-15,0.7412999868392944,1.147552251815796,27.036548614501953,443.70001220703125,4675.2900390625,10064.7998046875,3238.81005859375
2015-10-16,0.7346000075340271,1.1368157863616943,27.08130645751953,447.8599853515625,4702.7900390625,10104.4296875,3264.929931640625
2015-10-19,0.7355999946594238,1.1361054182052612,27.036548614501953,449.30999755859375,4704.06982421875,10164.3095703125,3272.0400390625
2015-10-20,0.732200026512146,1.132900595664978,26.939565658569336,447.2699890136719,4673.81005859375,10147.6796875,3255.719970703125
2015-10-21,0.7348999977111816,1.1353960037231445,26.91718864440918,449.7799987792969,4695.10009765625,10238.099609375,3272.22998046875
2015-10-22,0.7357000112533569,1.134803295135498,27.275278091430664,457.9700012207031,4802.18017578125,10491.9697265625,3353.110107421875
2015-10-23,0.7200999855995178,1.108094573020935,27.573692321777344,465.04998779296875,4923.64013671875,10794.5400390625,3425.81005859375
2015-10-26,0.7194300293922424,1.1020376682281494,27.49162483215332,462.8699951171875,4897.1298828125,10801.33984375,3414.60009765625
2015-10-27,0.7202000021934509,1.1065986156463623,27.282737731933594,458.42999267578125,4847.06982421875,10692.1904296875,3381.010009765625
2015-10-28,0.7206000089645386,1.1037039756774902,27.431949615478516,463.2099914550781,4890.580078125,10831.9599609375,3421.090087890625
2015-10-29,0.715499997138977,1.0928961038589478,27.282737731933594,462.989990234375,4885.81982421875,10800.83984375,3413.389892578125
2015-10-30,0.7174400091171265,1.0993843078613281,27.320043563842773,462.1199951171875,4897.66015625,10850.1396484375,3418.22998046875
2015-11-02,0.7138000130653381,1.102596640586853,27.640836715698242,464.5799865722656,4916.2099609375,10950.669921875,3434.5
2015-11-03,0.7142099738121033,1.1016006469726562,27.55130958557129,466.8500061035156,4936.18017578125,10951.150390625,3442.679931640625
2015-11-04,0.710919976234436,1.0963950157165527,27.252893447875977,468.8399963378906,4948.2900390625,10845.240234375,3439.159912109375
2015-11-05,0.706059992313385,1.0868029594421387,27.327505111694336,466.6000061035156,4980.0400390625,10887.740234375,3447.489990234375
2015-11-06,0.715399980545044,1.0883997678756714,27.26036262512207,469.8299865722656,4984.14990234375,10988.0302734375,3468.2099609375
2015-11-09,0.7130299806594849,1.0733413696289062,26.902257919311523,465.010009765625,4911.169921875,10815.4501953125,3418.360107421875
2015-11-10,0.7115200161933899,1.0759514570236206,26.790348052978516,465.20001220703125,4912.16015625,10832.51953125,3425.39990234375
2015-11-11,0.7091000080108643,1.0737563371658325,26.86496353149414,469.20001220703125,4952.509765625,10907.8701171875,3448.419921875
2015-11-12,0.7069500088691711,1.0762988328933716,26.52923583984375,459.8500061035156,4856.64990234375,10782.6298828125,3387.699951171875
2015-11-13,0.7095999717712402,1.0815019607543945,26.25320053100586,453.54998779296875,4807.9501953125,10708.400390625,3360.64990234375
2015-11-16,0.70305997133255,1.06999933719635,26.491939544677734,454.2900085449219,4804.31005859375,10713.23046875,3362.22998046875
2015-11-17,0.7030100226402283,1.068798542022705,26.58146095275879,466.5400085449219,4937.31005859375,10971.0400390625,3451.93994140625
2015-11-18,0.6994100213050842,1.0643846988677979,26.842578887939453,465.92999267578125,4906.72021484375,10959.9501953125,3431.919921875
2015-11-19,0.7001000046730042,1.066996693611145,26.92463493347168,469.0,4915.10009765625,11085.4404296875,3448.929931640625
2015-11-20,0.7016000151634216,1.0726161003112793,26.77543830871582,468.69000244140625,4910.97021484375,11119.830078125,3452.449951171875
2015-11-23,0.7003499865531921,1.0641014575958252,26.611295700073242,466.17999267578125,4889.1201171875,11092.3095703125,3445.260009765625
2015-11-24,0.7033500075340271,1.0642033815383911,26.544157028198242,461.2900085449219,4820.27978515625,10933.990234375,3409.60009765625
2015-11-25,0.7053999900817871,1.0643846988677979,26.715747833251953,468.07000732421875,4892.990234375,11169.5400390625,3462.06005859375
2015-11-26,0.7024999856948853,1.0624960660934448,26.715747833251953,472.239990234375,4946.02001953125,11320.76953125,3498.6201171875
2015-11-27,0.702269971370697,1.0604453086853027,26.92463493347168,472.1700134277344,4930.14013671875,11293.759765625,3488.989990234375
2015-11-30,0.7037000060081482,1.0583018064498901,26.94702911376953,469.5199890136719,4957.60009765625,11382.23046875,3506.449951171875
2015-12-01,0.7019000053405762,1.0572947263717651,27.021625518798828,467.32000732421875,4914.52978515625,11261.240234375,3479.639892578125
2015-12-02,0.7047200202941895,1.0625863075256348,26.64859962463379,467.05999755859375,4905.759765625,11190.01953125,3468.659912109375
2015-12-03,0.7098199725151062,1.0613007545471191,26.39495086669922,449.9200134277344,4730.2099609375,10789.240234375,3343.340087890625
2015-12-04,0.721310019493103,1.0915957689285278,26.708280563354492,446.92999267578125,4714.7900390625,10752.099609375,3330.75
2015-12-07,0.7200999855995178,1.0883997678756714,26.633682250976562,448.4599914550781,4756.41015625,10886.08984375,3360.2099609375
2015-12-08,0.7197999954223633,1.0834001302719116,26.215896606445312,441.6099853515625,4681.85986328125,10673.599609375,3297.4599609375
2015-12-09,0.7257300019264221,1.0893957614898682,26.096540451049805,440.8500061035156,4637.4501953125,10592.490234375,3277.2099609375
2015-12-10,0.7253999710083008,1.1017948389053345,26.021928787231445,437.8399963378906,4635.06005859375,10598.9296875,3269.969970703125
2015-12-11,0.7220600247383118,1.0948106050491333,25.544462203979492,429.1000061035156,4549.56005859375,10340.0595703125,3203.2099609375
2015-12-14,0.722599983215332,1.0983941555023193,25.49970054626465,420.6600036621094,4473.06982421875,10139.33984375,3139.239990234375
2015-12-15,0.725130021572113,1.0992997884750366,25.790658950805664,433.6300048828125,4614.39990234375,10450.3798828125,3241.510009765625
2015-12-16,0.7268900275230408,1.0936251878738403,26.26066017150879,433.8299865722656,4624.669921875,10469.259765625,3246.780029296875
2015-12-17,0.7261000275611877,1.087453007698059,26.01447105407715,438.9700012207031,4677.5400390625,10738.1201171875,3306.469970703125
2015-12-18,0.7261999845504761,1.0844104290008545,25.622638702392578,434.1499938964844,4625.259765625,10608.1904296875,3260.719970703125
2015-12-21,0.7290800213813782,1.0869920253753662,25.72003173828125,428.4800109863281,4565.169921875,10497.76953125,3213.010009765625
2015-12-22,0.7322999835014343,1.09129798412323,25.877355575561523,430.9700012207031,4567.60009765625,10488.75,3214.320068359375
2015-12-23,0.7386999726295471,1.0950024127960205,26.311899185180664,443.7200012207031,4674.52978515625,10727.6396484375,3286.679931640625
2015-12-24,0.7332000136375427,1.0909169912338257,26.244470596313477,444.1199951171875,4663.18017578125,10727.6396484375,3286.679931640625
2015-12-25,0.7351800203323364,1.0969964265823364,26.244470596313477,444.1199951171875,4663.18017578125,10727.6396484375,3286.679931640625
2015-12-28,0.734470009803772,1.0965994596481323,26.192031860351562,440.489990234375,4617.9501953125,10653.91015625,3256.489990234375
2015-12-29,0.7368999719619751,1.0975261926651,26.439266204833984,447.70001220703125,4701.35986328125,10860.1396484375,3314.280029296875
2015-12-30,0.737089991569519,1.0928006172180176,26.147079467773438,446.19000244140625,4677.14013671875,10743.009765625,3287.97998046875
2015-12-31,0.7378000020980835,1.093398094177246,25.794952392578125,446.19000244140625,4677.14013671875,10743.009765625,3287.97998046875
2016-01-01,0.7367299795150757,1.0859060287475586,25.794952392578125,446.19000244140625,4677.14013671875,10743.009765625,3287.97998046875
2016-01-04,0.7364000082015991,1.0853991508483887,25.2480411529541,431.70001220703125,4522.4501953125,10283.4404296875,3164.760009765625
2016-01-05,0.7355999946594238,1.0827549695968628,25.02327537536621,435.0,4537.6298828125,10310.099609375,3178.010009765625
2016-01-06,0.7326599955558777,1.0751993656158447,24.596229553222656,428.760009765625,4480.47021484375,10214.01953125,3139.320068359375
2016-01-07,0.7366600036621094,1.0778998136520386,24.251590728759766,420.760009765625,4403.580078125,9979.849609375,3084.679931640625
2016-01-08,0.7468000054359436,1.0925976037979126,24.004365921020508,410.82000732421875,4333.759765625,9849.33984375,3033.469970703125
2016-01-11,0.7531300187110901,1.0941038131713867,24.13922119140625,411.30999755859375,4312.740234375,9825.0703125,3027.489990234375
2016-01-12,0.746399998664856,1.0857999324798584,24.438899993896484,416.4100036621094,4378.75,9985.4296875,3064.659912109375
2016-01-13,0.7508999705314636,1.0843987464904785,23.929445266723633,418.04998779296875,4391.93994140625,9960.9599609375,3073.02001953125
2016-01-14,0.7554100155830383,1.0886012315750122,24.221628189086914,413.3800048828125,4312.89013671875,9794.2001953125,3024.0
2016-01-15,0.7526699900627136,1.085894227027893,23.419986724853516,403.57000732421875,4210.16015625,9545.26953125,2952.47998046875
2016-01-18,0.7649800181388855,1.0920010805130005,23.419986724853516,401.989990234375,4189.56982421875,9521.849609375,2935.389892578125
2016-01-19,0.7642999887466431,1.0895025730133057,23.614782333374023,407.67999267578125,4272.259765625,9664.2099609375,2980.489990234375
2016-01-20,0.7693899869918823,1.09129798412323,23.112817764282227,395.7200012207031,4124.9501953125,9391.6396484375,2882.590087890625
2016-01-21,0.7659299969673157,1.0877013206481934,23.352556228637695,406.489990234375,4206.39990234375,9574.16015625,2943.919921875
2016-01-22,0.7633000016212463,1.0862009525299072,23.94442367553711,419.2799987792969,4336.68994140625,9764.8798828125,3023.2099609375
2016-01-25,0.7573000192642212,1.079901933670044,23.614782333374023,418.07000732421875,4311.330078125,9736.150390625,3001.780029296875
2016-01-26,0.7619500160217285,1.0853049755096436,24.131731033325195,421.9700012207031,4356.81005859375,9822.75,3032.840087890625
2016-01-27,0.7573000192642212,1.0864958763122559,23.936941146850586,424.4100036621094,4380.35986328125,9880.8203125,3043.469970703125
2016-01-28,0.7653999924659729,1.090798020362854,23.921955108642578,420.1000061035156,4322.16015625,9639.58984375,2979.419921875
2016-01-29,0.7615600228309631,1.0936970710754395,24.221628189086914,431.2799987792969,4417.02001953125,9798.1103515625,3045.090087890625
2016-02-01,0.7598999738693237,1.0825908184051514,24.116735458374023,429.67999267578125,4392.330078125,9757.8798828125,3021.010009765625
2016-02-02,0.7552800178527832,1.0897282361984253,23.397510528564453,420.6499938964844,4283.990234375,9581.0400390625,2951.85009765625
2016-02-03,0.7578499913215637,1.0922038555145264,23.71967315673828,416.2099914550781,4226.9599609375,9434.8203125,2896.6298828125
2016-02-04,0.7604600191116333,1.1091023683547974,23.82455825805664,417.94000244140625,4228.52978515625,9393.3603515625,2905.300048828125
2016-02-05,0.7680400013923645,1.119996428489685,23.427480697631836,413.94000244140625,4200.669921875,9286.23046875,2879.389892578125
2016-02-08,0.7679399847984314,1.114504098892212,22.89554214477539,400.6099853515625,4066.31005859375,8979.3603515625,2785.169921875
2016-02-09,0.7749999761581421,1.1189812421798706,22.67078399658203,392.5799865722656,3997.5400390625,8879.400390625,2736.5
2016-02-10,0.7802000045776367,1.1289994716644287,22.760690689086914,394.6300048828125,4061.199951171875,9017.2900390625,2789.050048828125
2016-02-11,0.7766000032424927,1.128095269203186,22.416059494018555,382.6099853515625,3896.7099609375,8752.8701171875,2680.35009765625
2016-02-12,0.781499981880188,1.1317979097366333,22.715744018554688,391.8599853515625,3995.06005859375,8967.509765625,2756.159912109375
2016-02-15,0.7730000019073486,1.1225990056991577,22.715744018554688,403.9599914550781,4115.25,9206.83984375,2833.8701171875
2016-02-16,0.7732999920845032,1.1174057722091675,23.135295867919922,403.2699890136719,4110.66015625,9135.1103515625,2821.260009765625
2016-02-17,0.7789999842643738,1.1147029399871826,23.64474868774414,414.75,4233.47021484375,9377.2099609375,2897.719970703125
2016-02-18,0.7786999940872192,1.112297534942627,23.442462921142578,413.7900085449219,4239.759765625,9463.6396484375,2895.14990234375
2016-02-19,0.7749999761581421,1.1110987663269043,23.360050201416016,411.9599914550781,4223.0400390625,9388.0498046875,2871.050048828125
2016-02-22,0.779670000076294,1.1123965978622437,23.652240753173828,420.69000244140625,4298.7001953125,9573.58984375,2933.909912109375
2016-02-23,0.779259979724884,1.102803349494934,23.225196838378906,415.42999267578125,4238.419921875,9416.76953125,2887.3798828125
2016-02-24,0.7867100238800049,1.1027060747146606,23.045391082763672,407.5199890136719,4155.33984375,9167.7998046875,2820.239990234375
2016-02-25,0.7906000018119812,1.1013944149017334,23.345069885253906,415.3800048828125,4248.4501953125,9331.48046875,2877.419921875
2016-02-26,0.7893000245094299,1.1024993658065796,23.330087661743164,422.6600036621094,4314.56982421875,9513.2998046875,2929.159912109375
2016-02-29,0.7878000140190125,1.0923947095870972,23.180248260498047,427.2699890136719,4353.5498046875,9495.400390625,2945.75
2016-03-01,0.7814000248908997,1.0888975858688354,23.89198112487793,436.80999755859375,4406.83984375,9717.16015625,2996.389892578125
2016-03-02,0.7786999940872192,1.0875948667526245,24.02683448791504,436.30999755859375,4424.89013671875,9776.6201171875,3022.139892578125
2016-03-03,0.7718999981880188,1.086897373199463,24.244112014770508,433.95001220703125,4416.080078125,9751.919921875,3012.8701171875
2016-03-04,0.7723699808120728,1.094894528388977,24.386455535888672,437.989990234375,4456.6201171875,9824.169921875,3037.35009765625
2016-03-07,0.7734500169754028,1.0993964672088623,24.334016799926758,436.0,4442.2900390625,9778.9296875,3021.090087890625
2016-03-08,0.7724000215530396,1.1016006469726562,24.146711349487305,432.8900146484375,4404.02001953125,9692.8203125,3002.010009765625
2016-03-09,0.774399995803833,1.1004005670547485,24.251590728759766,435.55999755859375,4425.64990234375,9723.08984375,3016.179931640625
2016-03-10,0.7732999920845032,1.0989010334014893,24.304048538208008,430.17999267578125,4350.35009765625,9498.150390625,2970.780029296875
2016-03-11,0.7821800112724304,1.1178430318832397,25.143150329589844,441.75,4492.7900390625,9831.1298828125,3073.800048828125
2016-03-14,0.7764000296592712,1.1167943477630615,25.08321189880371,444.0799865722656,4506.58984375,9990.259765625,3091.97998046875
2016-03-15,0.7771999835968018,1.1101982593536377,24.933368682861328,442.0,4472.6298828125,9933.849609375,3067.2099609375
2016-03-16,0.7846500277519226,1.1109012365341187,25.23304557800293,443.8299865722656,4463.0,9983.41015625,3062.050048828125
2016-03-17,0.7870000004768372,1.1218937635421753,25.218067169189453,444.05999755859375,4442.89013671875,9892.2001953125,3043.10009765625
2016-03-18,0.7816200256347656,1.1317979097366333,25.236080169677734,444.7900085449219,4462.509765625,9950.7998046875,3059.77001953125
2016-03-21,0.7795199751853943,1.1279042959213257,25.15350914001465,443.8299865722656,4427.7998046875,9948.6396484375,3048.77001953125
2016-03-22,0.7819700241088867,1.1235954761505127,25.070945739746094,443.1199951171875,4431.97021484375,9990.0,3051.22998046875
2016-03-23,0.7888500094413757,1.122296690940857,24.800724029541016,443.3599853515625,4423.97998046875,10022.9296875,3042.419921875
2016-03-24,0.7919099926948547,1.118105411529541,24.545515060424805,437.489990234375,4329.68017578125,9851.349609375,2986.72998046875
2016-03-25,0.7901700139045715,1.1167943477630615,24.545515060424805,437.489990234375,4329.68017578125,9851.349609375,2986.72998046875
2016-03-28,0.7894999980926514,1.1159967184066772,24.59804916381836,437.489990234375,4329.68017578125,9851.349609375,2986.72998046875
2016-03-29,0.7853699922561646,1.1202723979949951,24.920822143554688,440.3699951171875,4366.669921875,9887.9404296875,3004.8701171875
2016-03-30,0.7846999764442444,1.12920343875885,25.18353843688965,446.239990234375,4444.419921875,10046.6103515625,3044.10009765625
2016-03-31,0.7885199785232544,1.1334655284881592,24.943344116210938,440.1099853515625,4385.06005859375,9965.509765625,3004.929931640625
2016-04-01,0.7919999957084656,1.1379671096801758,24.680622100830078,434.4800109863281,4322.240234375,9794.6396484375,2953.280029296875
2016-04-04,0.8007100224494934,1.1390039920806885,24.62056541442871,436.0799865722656,4345.22021484375,9822.080078125,2962.280029296875
2016-04-05,0.79830002784729,1.1389002799987793,24.027578353881836,428.8500061035156,4250.27978515625,9563.3603515625,2890.35009765625
2016-04-06,0.8040000200271606,1.138200283050537,24.3503475189209,431.010009765625,4284.64013671875,9624.509765625,2909.360107421875
2016-04-07,0.8065800070762634,1.1404979228973389,23.81739616394043,428.7300109863281,4245.91015625,9530.6201171875,2871.570068359375
2016-04-08,0.808899998664856,1.1373976469039917,24.267770767211914,434.1600036621094,4303.1201171875,9622.259765625,2911.97998046875
2016-04-11,0.8071399927139282,1.1403028964996338,24.32032012939453,436.55999755859375,4312.6298828125,9682.990234375,2924.22998046875
2016-04-12,0.8015999794006348,1.141291856765747,24.635583877563477,439.5,4345.91015625,9761.4697265625,2942.090087890625
2016-04-13,0.7979400157928467,1.138498306274414,25.10097312927246,450.0899963378906,4490.31005859375,10026.099609375,3039.18994140625
2016-04-14,0.7946000099182129,1.1279042959213257,25.198556900024414,451.0400085449219,4511.509765625,10093.650390625,3060.860107421875
2016-04-15,0.7965999841690063,1.1270017623901367,25.206064224243164,450.5899963378906,4495.169921875,10051.5703125,3054.340087890625
2016-04-18,0.7968999743461609,1.1299946308135986,25.453763961791992,450.80999755859375,4506.83984375,10120.3095703125,3064.030029296875
2016-04-19,0.7911700010299683,1.1309019327163696,25.956687927246094,456.4599914550781,4566.47998046875,10349.58984375,3112.989990234375
2016-04-20,0.7893000245094299,1.1359634399414062,26.054269790649414,456.20001220703125,4591.919921875,10421.2900390625,3142.52001953125
2016-04-21,0.7882599830627441,1.1305055618286133,26.03175163269043,453.4700012207031,4582.830078125,10435.73046875,3151.68994140625
2016-04-22,0.7882999777793884,1.12920343875885,25.926652908325195,451.5400085449219,4569.66015625,10373.490234375,3141.1201171875
2016-04-25,0.7775400280952454,1.123406171798706,25.821577072143555,446.7699890136719,4546.1201171875,10294.349609375,3117.6201171875
2016-04-26,0.7775999903678894,1.1269001960754395,25.904142379760742,447.6400146484375,4533.18017578125,10259.58984375,3121.2900390625
2016-04-27,0.7750200033187866,1.1299052238464355,26.084300994873047,448.3699951171875,4559.39990234375,10299.830078125,3130.429931640625
2016-04-28,0.7789999842643738,1.132900595664978,25.806560516357422,450.30999755859375,4557.35986328125,10321.150390625,3125.429931640625
2016-04-29,0.7773200273513794,1.135589361190796,25.59638214111328,439.67999267578125,4428.9599609375,10038.9697265625,3028.2099609375
2016-05-02,0.7850000262260437,1.146302580833435,25.806560516357422,441.20001220703125,4442.75,10123.26953125,3032.60009765625
2016-05-03,0.7857599854469299,1.1524986028671265,25.2661075592041,433.3399963378906,4371.97998046875,9926.76953125,2974.199951171875
2016-05-04,0.7904700040817261,1.1504037380218506,24.920822143554688,428.9200134277344,4324.22998046875,9828.25,2938.75
2016-05-05,0.7919999957084656,1.1493064165115356,24.77820587158203,431.239990234375,4319.4599609375,9851.8603515625,2938.75
2016-05-06,0.7867900133132935,1.1406019926071167,24.943344116210938,431.32000732421875,4301.240234375,9869.9501953125,2936.840087890625
2016-05-09,0.7892500162124634,1.1387965679168701,24.920822143554688,431.5799865722656,4322.81005859375,9980.490234375,2955.830078125
2016-05-10,0.7898399829864502,1.1387965679168701,25.21356773376465,436.2699890136719,4338.2099609375,10045.4404296875,2978.969970703125
2016-05-11,0.786899983882904,1.1374363899230957,24.988370895385742,434.7099914550781,4316.669921875,9975.3203125,2956.7099609375
2016-05-12,0.7914000153541565,1.142700433731079,24.87578010559082,430.8900146484375,4293.27001953125,9862.1201171875,2935.4599609375
2016-05-13,0.7874000072479248,1.1376951932907104,24.61306381225586,433.5199890136719,4319.990234375,9952.900390625,2956.6298828125
2016-05-16,0.7886999845504761,1.1316953897476196,24.89079475402832,433.739990234375,4312.27978515625,9952.900390625,2956.6298828125
2016-05-17,0.7832000255584717,1.1316057443618774,24.568017959594727,432.29998779296875,4297.56982421875,9890.1904296875,2938.090087890625
2016-05-18,0.7825999855995178,1.1316057443618774,24.59804916381836,434.4599914550781,4319.2998046875,9943.23046875,2956.429931640625
2016-05-19,0.7687000036239624,1.122296690940857,24.4254093170166,428.2699890136719,4282.5400390625,9795.8896484375,2919.219970703125
2016-05-20,0.767300009727478,1.1205987930297852,24.688129425048828,434.3599853515625,4353.89990234375,9916.01953125,2962.159912109375
2016-05-23,0.774399995803833,1.1221708059310913,24.553007125854492,432.57000732421875,4325.10009765625,9842.2900390625,2932.929931640625
2016-05-24,0.7743399739265442,1.121604323387146,25.070945739746094,441.6600036621094,4431.52001953125,10057.3095703125,3010.1201171875
2016-05-25,0.7620000243186951,1.113796591758728,25.44625473022461,447.2200012207031,4481.64013671875,10205.2099609375,3061.60009765625
2016-05-26,0.7590100169181824,1.1158970594406128,25.61140251159668,449.0899963378906,4512.64013671875,10272.7099609375,3071.2099609375
2016-05-27,0.7631400227546692,1.1192066669464111,25.58137321472168,450.94000244140625,4514.740234375,10286.3095703125,3078.47998046875
2016-05-30,0.7594299912452698,1.1110000610351562,25.58137321472168,451.7900085449219,4529.39990234375,10333.23046875,3090.010009765625
2016-05-31,0.7617999911308289,1.1148396730422974,25.438751220703125,447.8699951171875,4505.6201171875,10262.740234375,3063.47998046875
2016-06-01,0.7688000202178955,1.113598108291626,25.408729553222656,446.7799987792969,4475.39013671875,10204.4404296875,3038.77001953125
2016-06-02,0.775879979133606,1.1189061403274536,25.423744201660156,447.5899963378906,4466.0,10208.0,3033.860107421875
2016-06-03,0.7739499807357788,1.115200161933899,25.461271286010742,445.30999755859375,4421.77978515625,10103.259765625,2997.550048828125
2016-06-06,0.7889000177383423,1.1350995302200317,25.513822555541992,446.44000244140625,4423.3798828125,10121.080078125,3001.89990234375
2016-06-07,0.7858099937438965,1.1364023685455322,25.73149871826172,451.5799865722656,4475.85986328125,10287.6796875,3040.68994140625
2016-06-08,0.7807999849319458,1.1357828378677368,25.746505737304688,450.1499938964844,4448.72998046875,10217.0302734375,3019.760009765625
2016-06-09,0.785610020160675,1.140706181526184,25.371200561523438,446.1000061035156,4405.60986328125,10088.8701171875,2989.030029296875
2016-06-10,0.7821900248527527,1.1315033435821533,24.470439910888672,435.7699890136719,4306.72021484375,9834.6201171875,2911.110107421875
2016-06-13,0.7918999791145325,1.1239995956420898,24.035078048706055,428.20001220703125,4227.02001953125,9657.4404296875,2853.52001953125
2016-06-14,0.7945899963378906,1.1291015148162842,23.599716186523438,419.0799865722656,4130.330078125,9519.2001953125,2797.179931640625
2016-06-15,0.7937700152397156,1.1213024854660034,23.787378311157227,419.54998779296875,4171.580078125,9606.7099609375,2830.300048828125
2016-06-16,0.7933099865913391,1.1262656450271606,24.012569427490234,418.510009765625,4153.009765625,9550.4697265625,2819.300048828125
2016-06-17,0.7874600291252136,1.1252011060714722,24.266788482666016,421.7699890136719,4193.830078125,9631.3603515625,2849.169921875
2016-06-20,0.7778599858283997,1.13490629196167,24.806053161621094,436.5,4340.759765625,9962.01953125,2942.8798828125
2016-06-21,0.7714999914169312,1.1322976350784302,25.114192962646484,440.3900146484375,4367.240234375,10015.5400390625,2967.340087890625
2016-06-22,0.7669000029563904,1.1250618696212769,25.160425186157227,441.25,4380.02978515625,10071.0595703125,2978.31005859375
2016-06-23,0.7657999992370605,1.1328235864639282,26.054059982299805,449.8599853515625,4465.89990234375,10257.0302734375,3037.860107421875
2016-06-24,0.7780200242996216,1.1324002742767334,22.87240982055664,424.20001220703125,4106.72998046875,9557.16015625,2776.090087890625
2016-06-27,0.8208000063896179,1.103594422340393,22.47951316833496,411.6199951171875,4030.300048828125,9268.66015625,2697.43994140625
2016-06-28,0.832260012626648,1.1015034914016724,23.072704315185547,417.510009765625,4088.85009765625,9447.2802734375,2758.669921875
2016-06-29,0.8294699788093567,1.1073951721191406,23.50411033630371,430.0799865722656,4195.31982421875,9612.26953125,2832.179931640625
2016-06-30,0.8261799812316895,1.1128050088882446,24.012569427490234,435.8800048828125,4237.47998046875,9680.08984375,2864.739990234375
2016-07-01,0.8332200050354004,1.1106051206588745,23.989450454711914,438.8500061035156,4273.9599609375,9776.1201171875,2883.06005859375
2016-07-04,0.8374999761581421,1.1131023168563843,23.989450454711914,435.1199951171875,4234.85986328125,9709.08984375,2862.2099609375
2016-07-05,0.839139997959137,1.1146035194396973,23.265296936035156,430.4100036621094,4163.419921875,9532.6103515625,2812.8798828125
2016-07-06,0.8538699746131897,1.1065007448196411,23.19596290588379,422.17999267578125,4085.300048828125,9373.259765625,2761.3701171875
2016-07-07,0.8586999773979187,1.1099025011062622,23.018779754638672,426.3299865722656,4117.85009765625,9418.7802734375,2780.10009765625
2016-07-08,0.8567500114440918,1.1065741777420044,23.488706588745117,433.7699890136719,4190.68017578125,9629.66015625,2838.010009765625
2016-07-11,0.8531000018119812,1.1043988466262817,23.812265396118164,440.75,4264.52978515625,9833.41015625,2885.320068359375
2016-07-12,0.8517600297927856,1.1058032512664795,24.28989601135254,445.44000244140625,4331.3798828125,9964.0703125,2933.43994140625
2016-07-13,0.8329700231552124,1.1062926054000854,24.359230041503906,444.45001220703125,4335.259765625,9930.7099609375,2926.139892578125
2016-07-14,0.8457300066947937,1.1094961166381836,24.65967559814453,448.19000244140625,4385.52001953125,10068.2998046875,2963.070068359375
2016-07-15,0.8315600156784058,1.1106051206588745,24.544124603271484,447.510009765625,4372.509765625,10066.900390625,2958.64990234375
2016-07-18,0.8355299830436707,1.1053143739700317,24.45937728881836,448.32000732421875,4357.740234375,10063.1298828125,2949.169921875
2016-07-19,0.8343499898910522,1.1071866750717163,24.228267669677734,447.8500061035156,4330.1298828125,9981.240234375,2931.10009765625
2016-07-20,0.8402500152587891,1.1013579368591309,24.443967819213867,452.17999267578125,4379.759765625,10142.009765625,2966.949951171875
2016-07-21,0.8309800028800964,1.1019526720046997,24.42856788635254,451.9700012207031,4376.25,10156.2099609375,2968.489990234375
2016-07-22,0.8331599831581116,1.1032899618148804,24.45937728881836,453.3500061035156,4381.10009765625,10147.4599609375,2972.22998046875
2016-07-25,0.8354899883270264,1.097044587135315,24.451675415039062,452.8399963378906,4388.0,10198.240234375,2973.219970703125
2016-07-26,0.8385000228881836,1.0991184711456299,24.574935913085938,454.05999755859375,4394.77001953125,10247.759765625,2978.89990234375
2016-07-27,0.8354499936103821,1.0987803936004639,24.7906436920166,452.9800109863281,4446.9599609375,10319.5498046875,2999.47998046875
2016-07-28,0.8362600207328796,1.1073460578918457,24.806053161621094,447.82000732421875,4420.580078125,10274.9296875,2966.10009765625
2016-07-29,0.8421300053596497,1.108438491821289,25.091093063354492,449.8299865722656,4439.81005859375,10337.5,2990.760009765625
2016-08-01,0.8450000286102295,1.1168068647384644,24.75982666015625,444.9700012207031,4409.169921875,10330.51953125,2990.760009765625
2016-08-02,0.847029983997345,1.1168068647384644,24.497900009155273,438.6099853515625,4327.990234375,10144.33984375,2906.97998046875
2016-08-03,0.8411200046539307,1.1219062805175781,24.443967819213867,440.3599853515625,4321.080078125,10170.2099609375,2911.06005859375
2016-08-04,0.8367300033569336,1.1151504516601562,24.497900009155273,444.4700012207031,4345.6298828125,10227.8603515625,2932.340087890625
2016-08-05,0.8480700254440308,1.1134741306304932,24.70589828491211,448.1199951171875,4410.5498046875,10367.2099609375,2973.7099609375
2016-08-08,0.8472800254821777,1.1089547872543335,24.806053161621094,449.07000732421875,4415.4599609375,10432.3603515625,2982.919921875
2016-08-09,0.8504899740219116,1.1083648204803467,25.160425186157227,453.79998779296875,4468.06982421875,10692.900390625,3029.179931640625
2016-08-10,0.8547099828720093,1.111580491065979,25.283681869506836,452.010009765625,4452.009765625,10650.8896484375,3018.4599609375
2016-08-11,0.8590899705886841,1.1186434030532837,25.46086311340332,455.5,4503.9501953125,10742.83984375,3049.030029296875
2016-08-12,0.8598700165748596,1.113908290863037,25.46857261657715,454.0899963378906,4500.18994140625,10713.4296875,3044.93994140625
2016-08-15,0.8647800087928772,1.1166945695877075,25.53790855407715,454.510009765625,4497.85986328125,10739.2099609375,3046.64990234375
2016-08-16,0.8679800033569336,1.1184055805206299,25.483972549438477,451.3999938964844,4460.43994140625,10676.650390625,3016.18994140625
2016-08-17,0.8651300072669983,1.1275991201400757,25.40693473815918,447.57000732421875,4417.68017578125,10537.669921875,2980.5400390625
2016-08-18,0.8661699891090393,1.1298924684524536,25.4993896484375,451.69000244140625,4437.06005859375,10603.0302734375,2995.300048828125
2016-08-19,0.8620100021362305,1.1349449157714844,25.260568618774414,448.7200012207031,4400.52001953125,10544.3603515625,2968.199951171875
2016-08-22,0.8651599884033203,1.1298158168792725,25.198930740356445,447.6300048828125,4389.93994140625,10494.349609375,2960.3701171875
2016-08-23,0.8617799878120422,1.1319260597229004,25.337600708007812,452.17999267578125,4421.4501953125,10592.8798828125,2993.72998046875
2016-08-24,0.8564199805259705,1.1300839185714722,25.345308303833008,452.1700134277344,4435.47021484375,10622.9697265625,3008.590087890625
2016-08-25,0.8507999777793884,1.1263798475265503,25.222049713134766,449.94000244140625,4406.60986328125,10529.58984375,2987.68994140625
2016-08-26,0.8554700016975403,1.1290504932403564,25.168121337890625,453.010009765625,4441.8701171875,10587.76953125,3010.360107421875
2016-08-29,0.8528199791908264,1.1199462413787842,25.245161056518555,452.1499938964844,4424.25,10544.4404296875,2998.5
2016-08-30,0.8537999987602234,1.1192818880081177,25.329904556274414,455.82000732421875,4457.490234375,10657.6396484375,3030.75
2016-08-31,0.8517000079154968,1.1153244972229004,25.30678939819336,454.3800048828125,4438.22021484375,10592.6904296875,3023.1298828125
2016-09-01,0.8494700193405151,1.116071343421936,25.44546127319336,453.8699951171875,4439.669921875,10534.3095703125,3017.489990234375
2016-09-02,0.8435999751091003,1.1200717687606812,25.807537078857422,463.6000061035156,4542.169921875,10683.8203125,3079.739990234375
2016-09-05,0.8391900062561035,1.1161960363388062,25.807537078857422,464.1300048828125,4541.080078125,10672.2197265625,3077.659912109375
2016-09-06,0.8377000093460083,1.1153244972229004,25.96931266784668,461.1099853515625,4529.9599609375,10687.1396484375,3070.159912109375
2016-09-07,0.8382999897003174,1.1253657341003418,26.030941009521484,463.2699890136719,4557.66015625,10752.98046875,3091.659912109375
2016-09-08,0.8424500226974487,1.1241008043289185,26.046358108520508,459.5,4542.2001953125,10675.2900390625,3083.5400390625
2016-09-09,0.846750020980835,1.1271415948867798,25.483972549438477,452.8800048828125,4491.39990234375,10573.4404296875,3053.199951171875
2016-09-12,0.8468000292778015,1.1241133213043213,25.66886329650879,447.6000061035156,4439.7998046875,10431.76953125,3012.8798828125
2016-09-13,0.842710018157959,1.1243535280227661,25.091093063354492,442.6099853515625,4387.18017578125,10386.599609375,2974.800048828125
2016-09-14,0.8501999974250793,1.12186861038208,24.975526809692383,441.0299987792969,4370.259765625,10378.400390625,2964.89990234375
2016-09-15,0.8479099869728088,1.1247328519821167,25.129600524902344,443.20001220703125,4373.22021484375,10431.2001953125,2973.77001953125
2016-09-16,0.8488199710845947,1.124593734741211,24.61441421508789,439.07000732421875,4332.4501953125,10276.169921875,2935.25
2016-09-19,0.8572099804878235,1.1158473491668701,24.807804107666016,444.70001220703125,4394.18994140625,10373.8701171875,2968.31005859375
2016-09-20,0.8568900227546692,1.118067979812622,24.838747024536133,444.45001220703125,4388.60009765625,10393.8603515625,2964.860107421875
2016-09-21,0.858959972858429,1.1153992414474487,25.210054397583008,447.5299987792969,4409.5498046875,10436.490234375,2982.179931640625
2016-09-22,0.8585600256919861,1.1193194389343262,25.63551139831543,455.510009765625,4509.81982421875,10674.1796875,3051.68994140625
2016-09-23,0.8566399812698364,1.1210134029388428,25.4885311126709,454.4800109863281,4488.68994140625,10626.9697265625,3032.31005859375
2016-09-26,0.8658499717712402,1.123923897743225,25.14043426513672,447.8699951171875,4407.85009765625,10393.7099609375,2975.8798828125
2016-09-27,0.8673499822616577,1.124985933303833,25.124963760375977,447.8299865722656,4398.68017578125,10361.48046875,2970.840087890625
2016-09-28,0.8620499968528748,1.121956706047058,25.38797378540039,450.2699890136719,4432.4501953125,10438.33984375,2991.110107421875
2016-09-29,0.860729992389679,1.1224982738494873,24.939315795898438,451.54998779296875,4443.83984375,10405.5400390625,2991.580078125
2016-09-30,0.8653600215911865,1.121956706047058,25.34156608581543,452.3299865722656,4448.259765625,10511.01953125,3002.239990234375
2016-10-03,0.868619978427887,1.1234692335128784,25.248729705810547,452.989990234375,4453.56005859375,10511.01953125,2998.5
2016-10-04,0.871999979019165,1.121038556098938,25.295143127441406,458.32000732421875,4503.08984375,10619.6103515625,3029.5
2016-10-05,0.8804000020027161,1.121076226234436,25.496261596679688,456.05999755859375,4489.9501953125,10585.7802734375,3026.280029296875
2016-10-06,0.8785799741744995,1.120824933052063,25.41891098022461,454.82000732421875,4480.10009765625,10568.7998046875,3021.580078125
2016-10-07,0.8989599943161011,1.1144545078277588,25.248729705810547,450.05999755859375,4449.91015625,10490.8603515625,3000.570068359375
2016-10-10,0.900189995765686,1.1196954250335693,25.372499465942383,455.239990234375,4497.259765625,10624.080078125,3035.760009765625
2016-10-11,0.9026100039482117,1.1140819787979126,25.063074111938477,451.25,4471.740234375,10577.16015625,3020.68994140625
2016-10-12,0.9010900259017944,1.1061947345733643,24.939315795898438,450.6600036621094,4452.240234375,10523.0703125,3008.030029296875
2016-10-13,0.903410017490387,1.1011881828308105,24.784603118896484,445.20001220703125,4405.169921875,10414.0703125,2975.0400390625
2016-10-14,0.9038800001144409,1.1049723625183105,24.91610336303711,450.5,4470.919921875,10580.3798828125,3025.18994140625
2016-10-17,0.9003199934959412,1.0967799425125122,24.877424240112305,448.0400085449219,4450.22998046875,10503.5703125,3008.719970703125
2016-10-18,0.9011499881744385,1.1015641689300537,25.14043426513672,453.1300048828125,4508.91015625,10631.5498046875,3046.989990234375
2016-10-19,0.8919000029563904,1.0976948738098145,25.186853408813477,454.67999267578125,4520.2998046875,10645.6796875,3055.93994140625
2016-10-20,0.8928499817848206,1.0975141525268555,25.279672622680664,456.05999755859375,4540.1201171875,10701.3896484375,3076.6298828125
2016-10-21,0.891700029373169,1.0930395126342773,25.202322006225586,457.3999938964844,4536.06982421875,10710.73046875,3077.64990234375
2016-10-24,0.8905500173568726,1.0882576704025269,25.287405014038086,459.75,4552.580078125,10761.169921875,3093.860107421875
2016-10-25,0.8899999856948853,1.0875475406646729,25.271934509277344,459.2900085449219,4540.83984375,10757.3095703125,3087.409912109375
2016-10-26,0.894029974937439,1.0887316465377808,25.186853408813477,455.82000732421875,4534.58984375,10709.6796875,3080.97998046875
2016-10-27,0.8916400074958801,1.091202735900879,25.225521087646484,455.7099914550781,4533.56982421875,10717.080078125,3085.169921875
2016-10-28,0.8953999876976013,1.0900371074676514,25.256473541259766,455.3800048828125,4548.580078125,10696.1904296875,3079.239990234375
2016-10-31,0.8993200063705444,1.0984665155410767,25.194581985473633,452.5899963378906,4509.259765625,10665.009765625,3055.25
2016-11-01,0.8965499997138977,1.0973334312438965,25.055339813232422,449.7099914550781,4470.27978515625,10526.16015625,3023.14990234375
2016-11-02,0.9034000039100647,1.1057054996490479,24.869693756103516,443.7699890136719,4414.669921875,10370.9296875,2980.169921875
2016-11-03,0.9016199707984924,1.1097548007965088,24.79233169555664,442.30999755859375,4411.68017578125,10325.8798828125,2973.489990234375
2016-11-04,0.8902999758720398,1.1102476119995117,24.58347511291504,440.510009765625,4377.4599609375,10259.1298828125,2954.530029296875
2016-11-07,0.8886600136756897,1.1101243495941162,25.01666831970215,448.2200012207031,4461.2099609375,10456.9501953125,3009.280029296875
2016-11-08,0.8911499977111816,1.1052166223526,25.14043426513672,450.17999267578125,4476.89013671875,10482.3203125,3023.429931640625
2016-11-09,0.8893499970436096,1.1019041538238525,25.117229461669922,454.3599853515625,4543.47998046875,10646.009765625,3056.2900390625
2016-11-10,0.8791400194168091,1.0920606851577759,25.02440071105957,450.010009765625,4530.9501953125,10630.1201171875,3046.590087890625
2016-11-11,0.867330014705658,1.0889687538146973,24.77686882019043,445.4100036621094,4489.27001953125,10667.9501953125,3030.02001953125
2016-11-14,0.860759973526001,1.0824854373931885,24.591209411621094,446.760009765625,4508.5498046875,10693.6904296875,3039.800048828125
2016-11-15,0.8585000038146973,1.0750375986099243,24.699506759643555,450.5400085449219,4536.52978515625,10735.1396484375,3049.719970703125
2016-11-16,0.8611500263214111,1.0727311372756958,24.32820701599121,449.6600036621094,4501.14013671875,10663.8701171875,3026.360107421875
2016-11-17,0.8605700135231018,1.0706638097763062,24.405563354492188,451.82000732421875,4527.77001953125,10685.5400390625,3041.7900390625
2016-11-18,0.8558800220489502,1.062304139137268,24.09613609313965,450.67999267578125,4504.35009765625,10664.5595703125,3020.830078125
2016-11-21,0.8586900234222412,1.0584250688552856,24.335939407348633,453.0299987792969,4529.580078125,10685.1298828125,3032.969970703125
2016-11-22,0.851419985294342,1.0638864040374756,24.413291931152344,456.3999938964844,4548.35009765625,10713.849609375,3044.330078125
2016-11-23,0.8557599782943726,1.0633772611618042,24.150287628173828,456.4100036621094,4529.2099609375,10662.4404296875,3032.139892578125
2016-11-24,0.8479200005531311,1.0545185804367065,24.150287628173828,457.44000244140625,4542.56005859375,10689.259765625,3040.60009765625
2016-11-25,0.8479700088500977,1.0561892986297607,24.320470809936523,457.989990234375,4550.27001953125,10699.26953125,3048.3798828125
2016-11-28,0.8500800132751465,1.0612331628799438,24.0419921875,452.7099914550781,4510.39013671875,10582.669921875,3016.800048828125
2016-11-29,0.8557999730110168,1.062134861946106,24.312734603881836,452.5,4551.4599609375,10620.490234375,3038.419921875
2016-11-30,0.8524199724197388,1.0648492574691772,24.27405548095703,457.2099914550781,4578.33984375,10640.2998046875,3051.610107421875
2016-12-01,0.8461099863052368,1.0592098236083984,24.219911575317383,453.6000061035156,4560.60986328125,10534.0498046875,3030.97998046875
2016-12-02,0.8468800187110901,1.0663141012191772,24.20443344116211,449.6000061035156,4528.81982421875,10513.349609375,3015.1298828125
2016-12-05,0.835070013999939,1.0582010746002197,24.753658294677734,454.4700012207031,4574.31982421875,10684.830078125,3052.75
2016-12-06,0.8449400067329407,1.0757315158843994,25.155900955200195,459.30999755859375,4631.93994140625,10775.3203125,3100.760009765625
2016-12-07,0.8458399772644043,1.0720411539077759,25.581356048583984,462.1099853515625,4694.72021484375,10986.6904296875,3142.239990234375
2016-12-08,0.8519899845123291,1.0761945247650146,25.4885311126709,466.6700134277344,4735.47998046875,11179.419921875,3185.7900390625
2016-12-09,0.8440300226211548,1.062134861946106,25.496261596679688,469.7699890136719,4764.06982421875,11203.6298828125,3197.5400390625
2016-12-12,0.8371700048446655,1.0547411441802979,25.52720832824707,470.3800048828125,4760.77001953125,11190.2099609375,3199.110107421875
2016-12-13,0.8393399715423584,1.0641694068908691,25.844369888305664,473.6499938964844,4803.8701171875,11284.650390625,3236.7099609375
2016-12-14,0.8392699956893921,1.062925100326538,25.434385299682617,472.20001220703125,4769.240234375,11244.83984375,3211.7099609375
2016-12-15,0.8384699821472168,1.051414132118225,25.465330123901367,476.5199890136719,4819.22998046875,11366.400390625,3249.739990234375
2016-12-16,0.8384900093078613,1.0418837070465088,25.53827476501465,477.70001220703125,4833.27001953125,11404.009765625,3259.239990234375
2016-12-19,0.8363000154495239,1.0449975728988647,25.460674285888672,480.3500061035156,4822.77001953125,11426.7001953125,3257.85009765625
2016-12-20,0.8398000001907349,1.0405826568603516,25.615861892700195,484.0400085449219,4849.89013671875,11464.740234375,3279.409912109375
2016-12-21,0.8402699828147888,1.039047360420227,25.677953720092773,483.2099914550781,4833.81982421875,11468.6396484375,3270.75
2016-12-22,0.8440499901771545,1.0428615808486938,25.662429809570312,482.4700012207031,4834.6298828125,11456.099609375,3269.510009765625
2016-12-23,0.8496299982070923,1.0437650680541992,25.747791290283203,482.8599853515625,4839.68017578125,11449.9296875,3273.969970703125
2016-12-26,0.8502600193023682,1.045478343963623,25.747791290283203,482.8599853515625,4839.68017578125,11449.9296875,3273.969970703125
2016-12-27,0.8518000245094299,1.0456969738006592,25.778833389282227,483.5799865722656,4848.27978515625,11472.240234375,3278.530029296875
2016-12-28,0.8521999716758728,1.046233057975769,25.600358963012695,484.20001220703125,4848.009765625,11474.990234375,3278.719970703125
2016-12-29,0.8519799709320068,1.0416991710662842,25.77107048034668,482.4599914550781,4838.47021484375,11451.0498046875,3271.760009765625
2016-12-30,0.860260009765625,1.0575296878814697,25.965072631835938,483.1700134277344,4862.31005859375,11481.0595703125,3290.52001953125
2017-01-02,0.8514299988746643,1.052698016166687,25.965072631835938,486.3699951171875,4882.3798828125,11598.330078125,3290.52001953125
2017-01-03,0.8514999747276306,1.0460032224655151,26.01938819885254,487.989990234375,4899.330078125,11584.240234375,3315.02001953125
2017-01-04,0.850849986076355,1.0419923067092896,26.1978702545166,487.5799865722656,4899.39990234375,11584.3095703125,3317.52001953125
2017-01-05,0.8518900275230408,1.0500892400741577,26.461706161499023,486.92999267578125,4900.64013671875,11584.9404296875,3316.469970703125
2017-01-06,0.8536700010299683,1.0605915784835815,26.360836029052734,487.0,4909.83984375,11599.009765625,3321.169921875
2017-01-09,0.859000027179718,1.0531858205795288,26.345319747924805,485.1000061035156,4887.56982421875,11563.990234375,3308.969970703125
2017-01-10,0.8697800040245056,1.0588620901107788,26.2677059173584,484.739990234375,4888.22998046875,11583.2998046875,3306.2099609375
2017-01-11,0.8668599724769592,1.0552419424057007,26.40739631652832,486.5799865722656,4888.7099609375,11646.169921875,3307.93994140625
2017-01-12,0.8676999807357788,1.0597710609436035,26.430673599243164,483.0899963378906,4863.97021484375,11521.0400390625,3286.699951171875
2017-01-13,0.8723000288009644,1.0616837739944458,26.562593460083008,488.0899963378906,4922.490234375,11629.1796875,3324.340087890625
2017-01-16,0.8827700018882751,1.0628687143325806,26.562593460083008,484.1300048828125,4882.18017578125,11554.7099609375,3294.530029296875
2017-01-17,0.8805999755859375,1.0602991580963135,26.500520706176758,481.7699890136719,4859.68994140625,11540.0,3285.0400390625
2017-01-18,0.8634200096130371,1.0696789026260376,26.461706161499023,484.75,4853.39990234375,11599.3896484375,3294.0
2017-01-19,0.8668100237846375,1.062778353691101,26.360836029052734,484.6400146484375,4841.14013671875,11596.8896484375,3290.330078125
2017-01-20,0.8638700246810913,1.0659730434417725,26.601394653320312,485.9800109863281,4850.669921875,11630.1298828125,3299.43994140625
2017-01-23,0.8648099899291992,1.0713750123977661,26.585878372192383,482.7099914550781,4821.41015625,11545.75,3273.0400390625
2017-01-24,0.8595200181007385,1.0760787725448608,26.65571403503418,483.04998779296875,4830.02978515625,11594.9404296875,3281.530029296875
2017-01-25,0.8559600114822388,1.0728693008422852,26.989395141601562,488.0299987792969,4877.669921875,11806.0498046875,3326.14990234375
2017-01-26,0.8509899973869324,1.0751993656158447,26.686752319335938,486.45001220703125,4867.240234375,11848.6298828125,3319.1298828125
2017-01-27,0.8481000065803528,1.068296194076538,26.64019012451172,485.8699951171875,4839.97998046875,11814.26953125,3303.330078125
2017-01-30,0.8507900238037109,1.0713980197906494,26.384111404418945,479.5299987792969,4784.64013671875,11681.8896484375,3262.719970703125
2017-01-31,0.8566499948501587,1.0708587169647217,26.399639129638672,476.7099914550781,4748.89990234375,11535.3095703125,3230.679931640625
2017-02-01,0.8580300211906433,1.0803803205490112,26.47723388671875,479.6499938964844,4794.580078125,11659.5,3258.919921875
2017-02-02,0.8505300283432007,1.0767391920089722,26.500520706176758,482.19000244140625,4794.2900390625,11627.9501953125,3253.610107421875
2017-02-03,0.8595200181007385,1.0761713981628418,26.647951126098633,485.9200134277344,4825.419921875,11651.490234375,3273.110107421875
2017-02-06,0.8636500239372253,1.0782949924468994,26.2677059173584,482.0799865722656,4778.080078125,11509.83984375,3238.31005859375
2017-02-07,0.8615700006484985,1.0743216276168823,26.159076690673828,484.2799987792969,4754.47021484375,11549.4404296875,3235.7099609375
2017-02-08,0.8544999957084656,1.0678056478500366,26.1435604095459,483.510009765625,4766.60009765625,11543.3798828125,3238.0400390625
2017-02-09,0.8533999919891357,1.0692213773727417,26.36859703063965,488.5,4826.240234375,11642.8603515625,3277.7900390625
2017-02-10,0.8527500033378601,1.0658594369888306,26.3065185546875,489.55999755859375,4828.31982421875,11666.9697265625,3270.830078125
2017-02-13,0.8504999876022339,1.061954379081726,26.415159225463867,494.04998779296875,4888.18994140625,11774.4296875,3305.22998046875
2017-02-14,0.8462600111961365,1.059849739074707,26.49275779724121,494.6199951171875,4895.81982421875,11771.8095703125,3308.889892578125
2017-02-15,0.8482699990272522,1.0578316450119019,26.601394653320312,496.6600036621094,4924.85986328125,11793.9296875,3323.7099609375
2017-02-16,0.850570023059845,1.0607378482818604,26.710037231445312,493.9800109863281,4899.4599609375,11757.240234375,3311.0400390625
2017-02-17,0.8544999957084656,1.0672245025634766,26.578121185302734,499.0799865722656,4867.580078125,11757.01953125,3308.81005859375
2017-02-20,0.8545799851417542,1.062665343284607,26.578121185302734,495.6600036621094,4864.990234375,11827.6201171875,3312.389892578125
2017-02-21,0.8505399823188782,1.0609403848648071,26.624679565429688,498.57000732421875,4888.759765625,11967.490234375,3339.330078125
2017-02-22,0.8441799879074097,1.0542073249816895,26.647951126098633,499.1099853515625,4895.8798828125,11998.58984375,3339.27001953125
2017-02-23,0.847100019454956,1.0554089546203613,26.65571403503418,497.6300048828125,4891.2900390625,11947.830078125,3333.9599609375
2017-02-24,0.8429200053215027,1.0584474802017212,26.446199417114258,494.8999938964844,4845.240234375,11804.0302734375,3304.090087890625
2017-02-27,0.8509899973869324,1.055275321006775,26.531551361083984,494.80999755859375,4845.18017578125,11822.669921875,3309.300048828125
2017-02-28,0.8508999943733215,1.0584250688552856,26.531551361083984,495.3500061035156,4858.580078125,11834.41015625,3319.610107421875
2017-03-01,0.8537999987602234,1.0569148063659668,26.973875045776367,505.0400085449219,4960.830078125,12067.1904296875,3390.199951171875
2017-03-02,0.858430027961731,1.0535852909088135,26.8497257232666,503.7900085449219,4963.7998046875,12059.5703125,3384.7099609375
2017-03-03,0.8559499979019165,1.0509721040725708,27.268756866455078,505.8599853515625,4995.1298828125,12027.3603515625,3403.389892578125
2017-03-06,0.8633599877357483,1.062044620513916,27.129079818725586,503.6499938964844,4972.18994140625,11958.400390625,3387.4599609375
2017-03-07,0.8644000291824341,1.0579211711883545,27.028194427490234,502.95001220703125,4955.0,11966.1396484375,3385.1201171875
2017-03-08,0.8659999966621399,1.0570154190063477,26.919546127319336,502.79998779296875,4960.47998046875,11967.3095703125,3389.6201171875
2017-03-09,0.8659999966621399,1.0547411441802979,27.28428077697754,507.739990234375,4981.509765625,11978.3896484375,3409.889892578125
2017-03-10,0.8701599836349487,1.0578428506851196,27.571392059326172,511.1400146484375,4993.31982421875,11963.1796875,3416.27001953125
2017-03-13,0.8782200217247009,1.0690041780471802,27.579153060913086,511.8999938964844,4999.60009765625,11990.0302734375,3415.489990234375
2017-03-14,0.8725600242614746,1.0651443004608154,27.28428077697754,510.05999755859375,4974.259765625,11988.7900390625,3399.429931640625
2017-03-15,0.8728600144386292,1.0612443685531616,27.672279357910156,511.6600036621094,4985.47998046875,12009.8701171875,3409.320068359375
2017-03-16,0.8742300271987915,1.0737909078598022,28.005964279174805,514.530029296875,5013.3798828125,12083.1796875,3439.9599609375
2017-03-17,0.8720999956130981,1.077470064163208,27.98341941833496,516.239990234375,5029.240234375,12095.240234375,3448.409912109375
2017-03-20,0.8673700094223022,1.0742985010147095,27.90566062927246,515.0900268554688,5012.16015625,12052.900390625,3437.47998046875
2017-03-21,0.8680999875068665,1.073767900466919,27.913436889648438,513.5900268554688,5002.43017578125,11962.1298828125,3429.6201171875
2017-03-22,0.8662499785423279,1.081244707107544,27.98341941833496,509.5199890136719,4994.7001953125,11904.1201171875,3420.699951171875
2017-03-23,0.8649799823760986,1.0790164470672607,28.04561424255371,512.6199951171875,5032.759765625,12039.6796875,3452.179931640625
2017-03-24,0.8615000247955322,1.0783880949020386,28.10781478881836,511.5299987792969,5020.89990234375,12064.26953125,3444.14990234375
2017-03-27,0.8667100071907043,1.0849517583847046,28.27887535095215,509.32000732421875,5017.43017578125,11996.0703125,3437.139892578125
2017-03-28,0.8647000193595886,1.0860947370529175,28.411056518554688,512.1500244140625,5046.2001953125,12149.419921875,3465.070068359375
2017-03-29,0.8707000017166138,1.0817711353302002,28.341081619262695,513.5800170898438,5069.0400390625,12203.0,3475.27001953125
2017-03-30,0.864870011806488,1.0759629011154175,28.1389102935791,515.72998046875,5089.64013671875,12256.4296875,3481.580078125
2017-03-31,0.856469988822937,1.0687072277069092,28.263330459594727,516.5399780273438,5122.509765625,12312.8701171875,3500.929931640625
2017-04-03,0.8507999777793884,1.0668829679489136,28.162248611450195,513.4500122070312,5085.91015625,12257.2001953125,3472.93994140625
2017-04-04,0.8539999723434448,1.067008137702942,28.185565948486328,514.0499877929688,5101.1298828125,12282.33984375,3481.659912109375
2017-04-05,0.858299970626831,1.0680338144302368,27.975629806518555,514.8900146484375,5091.85009765625,12217.5400390625,3472.580078125
2017-04-06,0.8543999791145325,1.0672472715377808,28.084487915039062,516.2999877929688,5121.43994140625,12230.8896484375,3489.570068359375
2017-04-07,0.8535900115966797,1.0644639730453491,28.068937301635742,518.7000122070312,5135.27978515625,12225.0595703125,3495.800048828125
2017-04-10,0.8550300002098083,1.0582010746002197,27.89011573791504,519.1599731445312,5107.4501953125,12200.51953125,3480.43994140625
2017-04-11,0.8529000282287598,1.0597598552703857,27.95231056213379,518.4000244140625,5101.85986328125,12139.349609375,3470.0400390625
2017-04-12,0.84934002161026,1.0611318349838257,27.9367618560791,517.8099975585938,5101.10986328125,12154.7001953125,3468.510009765625
2017-04-13,0.8501799702644348,1.0670650005340576,27.695728302001953,515.77001953125,5071.10009765625,12109.0,3448.260009765625
2017-04-14,0.8488799929618835,1.0616387128829956,27.695728302001953,515.77001953125,5071.10009765625,12109.0,3448.260009765625
2017-04-17,0.8465099930763245,1.0610530376434326,27.859010696411133,515.77001953125,5071.10009765625,12109.0,3448.260009765625
2017-04-18,0.847540020942688,1.0644525289535522,27.672393798828125,509.7300109863281,4990.25,12000.4404296875,3409.780029296875
2017-04-19,0.8352100253105164,1.0728693008422852,27.64130210876465,511.2799987792969,5003.72998046875,12016.4501953125,3420.989990234375
2017-04-20,0.8381999731063843,1.0715012550354004,27.921207427978516,511.7200012207031,5077.91015625,12027.3203125,3440.030029296875
2017-04-21,0.8369200229644775,1.0714898109436035,27.9600830078125,512.1900024414062,5059.2001953125,12048.5703125,3440.27001953125
2017-04-24,0.847599983215332,1.087393879890442,29.51515007019043,523.72998046875,5268.85009765625,12454.98046875,3577.3798828125
2017-04-25,0.8501999974250793,1.0864840745925903,29.740631103515625,524.0499877929688,5277.8798828125,12467.0400390625,3583.159912109375
2017-04-26,0.8515400290489197,1.0928245782852173,29.476280212402344,524.4600219726562,5287.8798828125,12472.7998046875,3578.7099609375
2017-04-27,0.8489599823951721,1.090893268585205,29.421844482421875,521.8900146484375,5271.7001953125,12443.7900390625,3563.2900390625
2017-04-28,0.8425599932670593,1.0864251852035522,29.414081573486328,521.1300048828125,5267.330078125,12438.009765625,3559.590087890625
2017-05-01,0.8433899879455566,1.0907504558563232,29.577350616455078,521.1300048828125,5267.330078125,12438.009765625,3559.590087890625
2017-05-02,0.8457900285720825,1.090893268585205,29.779516220092773,525.47998046875,5304.14990234375,12507.900390625,3578.2099609375
2017-05-03,0.844980001449585,1.0935654640197754,29.732866287231445,525.2000122070312,5301.0,12527.83984375,3586.25
2017-05-04,0.8458600044250488,1.0888975858688354,30.370445251464844,528.4400024414062,5372.419921875,12647.7802734375,3627.8798828125
2017-05-05,0.8495000004768372,1.098152995109558,30.860279083251953,533.27001953125,5432.39990234375,12716.8896484375,3658.7900390625
2017-05-08,0.8456500172615051,1.0965152978897095,30.38599395751953,534.3099975585938,5382.9501953125,12694.5498046875,3642.110107421875
2017-05-09,0.8441900014877319,1.0927767753601074,30.222707748413086,536.260009765625,5398.009765625,12749.1201171875,3649.080078125
2017-05-10,0.8407099843025208,1.0886842012405396,30.277128219604492,535.6599731445312,5400.4599609375,12757.4599609375,3645.739990234375
2017-05-11,0.8404499888420105,1.087074637413025,30.129404067993164,534.239990234375,5383.419921875,12711.0595703125,3623.550048828125
2017-05-12,0.8428699970245361,1.0864958763122559,30.40155029296875,534.7100219726562,5405.419921875,12770.41015625,3637.52001953125
2017-05-15,0.8480299711227417,1.0927289724349976,30.611482620239258,535.4099731445312,5417.39990234375,12807.0400390625,3641.8798828125
2017-05-16,0.8508800268173218,1.0981770753860474,30.93804359436035,535.760009765625,5406.10009765625,12804.5302734375,3641.889892578125
2017-05-17,0.8588200211524963,1.1093976497650146,30.37820816040039,529.0599975585938,5317.89013671875,12631.6103515625,3584.830078125
2017-05-18,0.8600999712944031,1.115635633468628,30.393768310546875,524.52001953125,5289.72998046875,12590.0595703125,3562.219970703125
2017-05-19,0.8575400114059448,1.1113580465316772,30.82918357849121,526.9199829101562,5324.39990234375,12638.6904296875,3587.010009765625
2017-05-22,0.861050009727478,1.120485782623291,30.868057250976562,527.8499755859375,5322.8798828125,12619.4599609375,3576.530029296875
2017-05-23,0.864799976348877,1.123885989189148,30.883625030517578,528.1699829101562,5348.16015625,12659.150390625,3595.030029296875
2017-05-24,0.8628000020980835,1.11793053150177,30.891389846801758,527.8699951171875,5341.33984375,12642.8701171875,3586.6201171875
2017-05-25,0.86531001329422,1.1230907440185547,30.82141876220703,527.4600219726562,5337.16015625,12621.7197265625,3586.6201171875
2017-05-26,0.8669499754905701,1.121076226234436,30.681453704833984,528.030029296875,5336.64013671875,12602.1796875,3579.02001953125
2017-05-29,0.8720999956130981,1.1176055669784546,30.681453704833984,527.72998046875,5332.47021484375,12628.9501953125,3578.949951171875
2017-05-30,0.8684499859809875,1.1129041910171509,30.59592628479004,525.7100219726562,5305.93994140625,12598.6796875,3561.219970703125
2017-05-31,0.8720999956130981,1.117168664932251,30.74365997314453,524.0700073242188,5283.6298828125,12615.0595703125,3554.590087890625
2017-06-01,0.8729000091552734,1.1243535280227661,30.891389846801758,527.030029296875,5318.669921875,12664.919921875,3567.02001953125
2017-06-02,0.8701000213623047,1.1215791702270508,31.24127960205078,526.739990234375,5343.41015625,12822.9404296875,3591.820068359375
2017-06-05,0.8764500021934509,1.128082513809204,31.008005142211914,524.4400024414062,5307.89013671875,12822.9404296875,3591.820068359375
2017-06-06,0.8719000220298767,1.1256824731826782,30.80586051940918,521.7100219726562,5269.22021484375,12690.1201171875,3554.179931640625
2017-06-07,0.8733199834823608,1.1271415948867798,30.82141876220703,523.0999755859375,5265.52978515625,12672.490234375,3548.840087890625
2017-06-08,0.8682500123977661,1.125517725944519,30.82918357849121,523.5499877929688,5264.240234375,12713.580078125,3563.8798828125
2017-06-09,0.8790299892425537,1.1184805631637573,30.80586051940918,527.2999877929688,5299.7099609375,12815.7197265625,3586.070068359375
2017-06-12,0.8791400194168091,1.1201971769332886,30.549264907836914,521.8900146484375,5240.58984375,12690.4404296875,3543.949951171875
2017-06-13,0.8836399912834167,1.1196202039718628,30.782527923583984,523.3900146484375,5261.740234375,12764.98046875,3557.8701171875
2017-06-14,0.8791199922561646,1.1208877563476562,30.751420974731445,521.7100219726562,5243.2900390625,12805.9501953125,3547.14990234375
2017-06-15,0.8790599703788757,1.1215791702270508,30.316015243530273,518.75,5216.8798828125,12691.8095703125,3525.4599609375
2017-06-16,0.8737000226974487,1.1146905422210693,30.63788414001465,520.6699829101562,5263.31005859375,12752.73046875,3543.8798828125
2017-06-19,0.8769199848175049,1.120824933052063,30.811878204345703,525.8699951171875,5310.72021484375,12888.9501953125,3579.580078125
2017-06-20,0.8753200173377991,1.1144545078277588,30.50343894958496,520.8800048828125,5293.64990234375,12814.7900390625,3560.659912109375
2017-06-21,0.8815900087356567,1.1136974096298218,30.51926612854004,520.47998046875,5274.259765625,12774.259765625,3554.35009765625
2017-06-22,0.8809000253677368,1.1167196035385132,30.479724884033203,519.3900146484375,5281.93017578125,12794.0,3555.760009765625
2017-06-23,0.8793900012969971,1.1149640083312988,30.558813095092773,519.5,5266.1201171875,12733.41015625,3543.679931640625
2017-06-26,0.8787400126457214,1.1198835372924805,30.67742919921875,520.6199951171875,5295.75,12770.830078125,3561.760009765625
2017-06-27,0.8788300156593323,1.118355631828308,30.756515502929688,518.72998046875,5258.580078125,12671.01953125,3538.320068359375
2017-06-28,0.8847699761390686,1.1339154243469238,31.064952850341797,516.3900146484375,5252.89990234375,12647.26953125,3535.699951171875
2017-06-29,0.8794999718666077,1.1382650136947632,30.542984008789062,508.5299987792969,5154.35009765625,12416.1904296875,3471.330078125
2017-06-30,0.8791900277137756,1.144164800643921,30.42435646057129,507.1499938964844,5120.68017578125,12325.1201171875,3441.8798828125
2017-07-03,0.8775100111961365,1.1423088312149048,30.487628936767578,513.1199951171875,5195.72021484375,12475.3095703125,3491.81005859375
2017-07-04,0.8782100081443787,1.1371389627456665,30.487628936767578,511.7300109863281,5174.89990234375,12437.1298828125,3479.469970703125
2017-07-05,0.8781099915504456,1.1360150575637817,30.479724884033203,511.3500061035156,5180.10009765625,12453.6796875,3478.409912109375
2017-07-06,0.8773300051689148,1.1346874237060547,30.361085891723633,509.94000244140625,5152.39990234375,12381.25,3462.06005859375
2017-07-07,0.880810022354126,1.1424784660339355,30.495532989501953,509.9200134277344,5145.16015625,12388.6796875,3463.840087890625
2017-07-10,0.8845999836921692,1.140380859375,30.566726684570312,512.0499877929688,5165.64013671875,12445.919921875,3478.06005859375
2017-07-11,0.8845999836921692,1.140380859375,30.70907974243164,510.989990234375,5140.60009765625,12437.01953125,3464.47998046875
2017-07-12,0.8921999931335449,1.1473942995071411,30.930519104003906,516.5900268554688,5222.1298828125,12626.580078125,3515.22998046875
2017-07-13,0.8856099843978882,1.1418914794921875,31.033313751220703,519.1099853515625,5235.39990234375,12641.330078125,3527.830078125
2017-07-14,0.8807399868965149,1.140393853187561,31.207311630249023,521.0700073242188,5235.31005859375,12631.7197265625,3525.93994140625
2017-07-17,0.8752099871635437,1.1475391387939453,31.072856903076172,521.5,5230.169921875,12587.16015625,3516.35009765625
2017-07-18,0.8790599703788757,1.1474337577819824,31.01750946044922,518.1699829101562,5173.27001953125,12430.3896484375,3478.679931640625
2017-07-19,0.8857600092887878,1.1549744606018066,31.112409591674805,524.25,5216.06982421875,12452.0498046875,3500.280029296875
2017-07-20,0.88468998670578,1.1528440713882446,31.32594108581543,526.2899780273438,5199.22021484375,12447.25,3499.489990234375
2017-07-21,0.8968999981880188,1.1628718376159668,31.104496002197266,522.219970703125,5117.66015625,12240.0595703125,3451.7099609375
2017-07-24,0.8981999754905701,1.1681697368621826,31.072856903076172,521.6500244140625,5127.7001953125,12208.9501953125,3453.169921875
2017-07-25,0.8932899832725525,1.1638869047164917,31.175674438476562,524.6900024414062,5161.080078125,12264.3095703125,3473.5400390625
2017-07-26,0.893809974193573,1.1644561290740967,31.397119522094727,527.719970703125,5190.169921875,12305.1103515625,3491.18994140625
2017-07-27,0.8942800164222717,1.1728004217147827,31.32594108581543,530.3499755859375,5186.9501953125,12212.0400390625,3493.139892578125
2017-07-28,0.893809974193573,1.1688660383224487,31.412939071655273,525.530029296875,5131.39013671875,12162.7001953125,3467.72998046875
2017-07-31,0.8936499953269958,1.1747292280197144,31.412939071655273,525.4400024414062,5093.77001953125,12118.25,3449.360107421875
2017-08-01,0.8960300087928772,1.182410478591919,31.610647201538086,527.47998046875,5127.02978515625,12251.2900390625,3449.360107421875
2017-08-02,0.8942000269889832,1.1811256408691406,31.61855697631836,525.2999877929688,5107.25,12181.48046875,3459.320068359375
2017-08-03,0.895799994468689,1.1851149797439575,31.705543518066406,525.5700073242188,5130.490234375,12154.7197265625,3466.3701171875
2017-08-04,0.9039899706840515,1.1884952783584595,31.87164306640625,529.0900268554688,5203.43994140625,12297.7197265625,3507.409912109375
2017-08-07,0.9027100205421448,1.1778424978256226,31.863718032836914,531.4099731445312,5207.89013671875,12257.169921875,3505.800048828125
2017-08-08,0.9051399827003479,1.1800941228866577,31.71346092224121,532.6799926757812,5218.89013671875,12292.0498046875,3515.6298828125
2017-08-09,0.9051100015640259,1.1754610538482666,31.515743255615234,528.2100219726562,5145.7001953125,12154.0,3468.449951171875
2017-08-10,0.9038500189781189,1.1761523485183716,31.009597778320312,523.6300048828125,5115.22998046875,12014.2998046875,3433.5400390625
2017-08-11,0.9069799780845642,1.177024483680725,31.009597778320312,516.969970703125,5060.919921875,12014.0595703125,3406.340087890625
2017-08-14,0.9092100262641907,1.182550311088562,31.333850860595703,521.0999755859375,5121.669921875,12165.1201171875,3450.659912109375
2017-08-15,0.9082499742507935,1.1775789260864258,31.365480422973633,522.6699829101562,5140.25,12177.0400390625,3461.909912109375
2017-08-16,0.9124400019645691,1.1741223335266113,31.49991798400879,525.8900146484375,5176.60986328125,12263.8603515625,3484.570068359375
2017-08-17,0.9132800102233887,1.1774264574050903,31.072856903076172,523.7100219726562,5146.85009765625,12203.4599609375,3461.969970703125
2017-08-18,0.9103800058364868,1.1715501546859741,31.199411392211914,519.6400146484375,5114.14990234375,12165.1904296875,3446.030029296875
2017-08-21,0.913129985332489,1.1756268739700317,31.136144638061523,516.7100219726562,5087.58984375,12065.990234375,3423.530029296875
2017-08-22,0.9157299995422363,1.1811953783035278,31.381305694580078,521.8699951171875,5131.85986328125,12229.33984375,3455.590087890625
2017-08-23,0.9171900153160095,1.176221489906311,31.365480422973633,519.3599853515625,5115.39013671875,12174.2998046875,3438.6298828125
2017-08-24,0.9229099750518799,1.1816558837890625,31.333850860595703,519.0999755859375,5113.1298828125,12180.830078125,3444.72998046875
2017-08-25,0.9215400218963623,1.1802195310592651,31.59483528137207,517.4199829101562,5104.330078125,12167.9404296875,3438.550048828125
2017-08-28,0.926069974899292,1.1951857805252075,31.5552978515625,514.760009765625,5079.75,12123.4697265625,3421.030029296875
2017-08-29,0.9254099726676941,1.1963869333267212,31.405027389526367,510.0299987792969,5031.919921875,11945.8798828125,3388.219970703125
2017-08-30,0.9262599945068359,1.1970456838607788,31.270586013793945,513.010009765625,5056.33984375,12002.4697265625,3403.7099609375
2017-08-31,0.9200999736785889,1.1893434524536133,31.452484130859375,516.0399780273438,5085.58984375,12055.83984375,3421.469970703125
2017-09-01,0.9203000068664551,1.1910432577133179,31.539459228515625,518.1799926757812,5123.259765625,12142.6396484375,3443.8798828125
2017-09-04,0.9164400100708008,1.1882835626602173,31.539459228515625,516.27001953125,5103.97021484375,12102.2099609375,3430.419921875
2017-09-05,0.920199990272522,1.1893434524536133,31.278480529785156,515.4600219726562,5086.56005859375,12123.7099609375,3420.860107421875
2017-09-06,0.9143000245094299,1.1924067735671997,31.67391014099121,516.469970703125,5101.41015625,12214.5400390625,3433.800048828125
2017-09-07,0.9140999913215637,1.1927765607833862,31.950712203979492,518.8300170898438,5114.6201171875,12296.6298828125,3447.659912109375
2017-09-08,0.9178699851036072,1.2029062509536743,31.9269962310791,518.8200073242188,5113.490234375,12303.98046875,3447.68994140625
2017-09-11,0.9105799794197083,1.2017642259597778,32.259151458740234,523.9600219726562,5176.7099609375,12475.240234375,3495.18994140625
2017-09-12,0.908050000667572,1.1959433555603027,32.393592834472656,526.5800170898438,5209.009765625,12524.76953125,3512.56005859375
2017-09-13,0.9007899761199951,1.1974613666534424,32.25123596191406,528.6900024414062,5217.58984375,12553.5703125,3523.139892578125
2017-09-14,0.9000499844551086,1.1890605688095093,32.369869232177734,529.3400268554688,5225.2001953125,12540.4501953125,3526.47998046875
2017-09-15,0.889680027961731,1.1921650171279907,32.409549713134766,526.780029296875,5213.91015625,12518.8095703125,3515.550048828125
2017-09-18,0.879289984703064,1.193716287612915,32.51272201538086,529.3099975585938,5229.31982421875,12559.3896484375,3526.739990234375
2017-09-19,0.8848000168800354,1.1959290504455566,32.63969421386719,528.6599731445312,5237.43994140625,12561.7900390625,3531.179931640625
2017-09-20,0.8873400092124939,1.199256420135498,32.528594970703125,528.6599731445312,5241.66015625,12569.169921875,3525.550048828125
2017-09-21,0.8799399733543396,1.1872113943099976,32.58414077758789,528.469970703125,5267.2900390625,12600.0302734375,3539.590087890625
2017-09-22,0.879610002040863,1.194557547569275,32.615867614746094,528.030029296875,5281.2900390625,12592.349609375,3541.419921875
2017-09-25,0.8829799890518188,1.1927196979522705,32.3143196105957,527.780029296875,5267.1298828125,12594.8095703125,3537.81005859375
2017-09-26,0.8795899748802185,1.185564637184143,32.171485900878906,528.5,5268.759765625,12605.2001953125,3536.3798828125
2017-09-27,0.8766199946403503,1.1786059141159058,32.266719818115234,531.0900268554688,5281.9599609375,12657.41015625,3555.169921875
2017-09-28,0.8768600225448608,1.1749638319015503,32.37781524658203,533.3900146484375,5293.77001953125,12704.650390625,3563.639892578125
2017-09-29,0.8772000074386597,1.178175449371338,32.734920501708984,537.0599975585938,5329.81005859375,12828.8603515625,3594.85009765625
2017-10-02,0.8816999793052673,1.1807351112365723,32.63969421386719,541.0399780273438,5350.43994140625,12902.650390625,3602.68994140625
2017-10-03,0.8838000297546387,1.173378348350525,32.72697830200195,542.25,5367.41015625,12902.650390625,3605.72998046875
2017-10-04,0.88714998960495,1.1747568845748901,32.576210021972656,541.6500244140625,5363.22998046875,12970.51953125,3594.909912109375
2017-10-05,0.8883299827575684,1.175723671913147,32.655555725097656,542.8800048828125,5379.2099609375,12968.0498046875,3613.5400390625
2017-10-06,0.8931999802589417,1.1712344884872437,32.66349411010742,539.9000244140625,5359.89990234375,12955.9404296875,3603.320068359375
2017-10-09,0.8974400162696838,1.1742464303970337,32.615867614746094,541.1900024414062,5365.830078125,12976.400390625,3610.5
2017-10-10,0.893339991569519,1.1741636991500854,32.91743087768555,541.1400146484375,5363.64990234375,12949.25,3598.7900390625
2017-10-11,0.8942899703979492,1.1814883947372437,33.01266098022461,541.760009765625,5362.41015625,12970.6796875,3607.389892578125
2017-10-12,0.8961399793624878,1.1865493059158325,32.91743087768555,542.8400268554688,5360.81005859375,12982.8896484375,3605.5400390625
2017-10-13,0.8919699788093567,1.1831799745559692,32.89364242553711,546.2100219726562,5351.740234375,12991.8701171875,3604.550048828125
2017-10-16,0.8888999819755554,1.181404709815979,32.83808517456055,546.6699829101562,5362.8798828125,13003.7001953125,3606.27001953125
2017-10-17,0.8899400234222412,1.1794538497924805,32.76665496826172,546.6199951171875,5361.3701171875,12995.0595703125,3607.77001953125
2017-10-18,0.8921999931335449,1.1771907806396484,32.93331527709961,547.6799926757812,5383.81005859375,13043.0302734375,3619.64990234375
2017-10-19,0.8926200270652771,1.1795234680175781,32.941246032714844,544.5599975585938,5368.2900390625,12990.099609375,3602.080078125
2017-10-20,0.9008600115776062,1.184805989265442,32.76665496826172,544.6300048828125,5372.3798828125,12991.2802734375,3605.090087890625
2017-10-23,0.8910599946975708,1.175364375114441,32.62382507324219,545.9600219726562,5386.81005859375,13003.1396484375,3608.8701171875
2017-10-24,0.8899999856948853,1.1759172677993774,32.76665496826172,543.6699829101562,5394.7998046875,13013.1904296875,3610.68994140625
2017-10-25,0.8953999876976013,1.1759034395217896,32.72697830200195,541.27001953125,5374.89013671875,12953.41015625,3591.4599609375
2017-10-26,0.890500009059906,1.182075023651123,32.75871658325195,547.6699829101562,5455.39990234375,13133.2802734375,3637.199951171875
2017-10-27,0.8863199949264526,1.163724422454834,32.69524002075195,549.4400024414062,5494.1298828125,13217.5400390625,3652.22998046875
2017-10-30,0.8835600018501282,1.1604562997817993,32.88568878173828,549.4600219726562,5493.6298828125,13229.5703125,3662.179931640625
2017-10-31,0.8819199800491333,1.1652703285217285,33.05234909057617,553.3800048828125,5503.2900390625,13229.5703125,3673.949951171875
2017-11-01,0.8765299916267395,1.165175199508667,33.14757537841797,554.489990234375,5514.2900390625,13465.509765625,3697.39990234375
2017-11-02,0.8772299885749817,1.1628718376159668,33.2428092956543,553.8300170898438,5510.5,13440.9296875,3688.800048828125
2017-11-03,0.8928999900817871,1.1661807298660278,33.06027603149414,555.1500244140625,5517.97021484375,13478.8603515625,3689.9599609375
2017-11-06,0.8877999782562256,1.1614941358566284,33.04441452026367,555.219970703125,5507.25,13468.7900390625,3682.360107421875
2017-11-07,0.8812999725341797,1.1612648963928223,32.734920501708984,553.7999877929688,5480.64013671875,13379.26953125,3658.77001953125
2017-11-08,0.8805999755859375,1.1601063013076782,32.75871658325195,554.77001953125,5471.43017578125,13382.419921875,3655.0400390625
2017-11-09,0.8840799927711487,1.15968918800354,32.4730339050293,550.3699951171875,5407.75,13182.5595703125,3612.5
2017-11-10,0.8860599994659424,1.164686679840088,32.3936767578125,547.3200073242188,5380.72021484375,13127.4697265625,3593.760009765625
2017-11-13,0.8888000249862671,1.1661127805709839,32.25877380371094,545.4299926757812,5341.6298828125,13074.419921875,3574.52001953125
2017-11-14,0.8891000151634216,1.1664936542510986,32.3936767578125,541.72998046875,5315.580078125,13033.48046875,3556.3798828125
2017-11-15,0.8960999846458435,1.1792869567871094,32.2905158996582,538.489990234375,5301.25,12976.3701171875,3545.719970703125
2017-11-16,0.8960999846458435,1.1792869567871094,32.4809684753418,539.1900024414062,5336.39013671875,13047.2197265625,3564.800048828125
2017-11-17,0.8921700119972229,1.1777453422546387,32.33812713623047,536.6199951171875,5319.169921875,12993.73046875,3547.4599609375
2017-11-20,0.8885999917984009,1.1731857061386108,32.27464294433594,539.7100219726562,5340.4501953125,13058.66015625,3561.409912109375
2017-11-21,0.8863199949264526,1.1741223335266113,32.48890686035156,541.8200073242188,5366.14990234375,13167.5400390625,3579.320068359375
2017-11-22,0.8860499858856201,1.173722743988037,32.520652770996094,540.02001953125,5352.759765625,13015.0400390625,3562.64990234375
2017-11-23,0.8870999813079834,1.1814744472503662,32.520652770996094,541.3499755859375,5379.5400390625,13008.5498046875,3572.070068359375
2017-11-24,0.8906000256538391,1.1853959560394287,32.98886489868164,540.6300048828125,5390.4599609375,13059.83984375,3581.22998046875
2017-11-27,0.8950700163841248,1.1926485300064087,32.78253173828125,538.0900268554688,5360.08984375,13000.2001953125,3564.02001953125
2017-11-28,0.8934999704360962,1.1904903650283813,32.96505355834961,543.5900268554688,5390.47998046875,13059.5302734375,3583.489990234375
2017-11-29,0.88646000623703,1.184805989265442,32.86189651489258,541.4199829101562,5398.0498046875,13061.8701171875,3589.909912109375
2017-11-30,0.8833000063896179,1.18519926071167,32.84602737426758,540.1099853515625,5372.7900390625,13023.98046875,3569.929931640625
2017-12-01,0.8793500065803528,1.1898245811462402,32.59206771850586,535.5700073242188,5316.89013671875,12861.490234375,3527.550048828125
2017-12-04,0.87882000207901,1.1859863996505737,32.655555725097656,541.5399780273438,5389.2900390625,13058.5498046875,3576.219970703125
2017-12-05,0.8807600140571594,1.1867746114730835,32.50477600097656,543.0800170898438,5375.52978515625,13048.5400390625,3570.570068359375
2017-12-06,0.881879985332489,1.1832919120788574,32.40162658691406,542.77001953125,5374.35009765625,12998.849609375,3561.570068359375
2017-12-07,0.8813999891281128,1.1804285049438477,32.520652770996094,544.510009765625,5383.85986328125,13045.150390625,3573.1298828125
2017-12-08,0.8730900287628174,1.1772184371948242,32.69524002075195,547.219970703125,5399.08984375,13153.7001953125,3591.449951171875
2017-12-11,0.878600001335144,1.1769968271255493,32.67142868041992,548.4099731445312,5386.830078125,13123.650390625,3582.2099609375
2017-12-12,0.8821899890899658,1.1777591705322266,32.615867614746094,552.8699951171875,5427.18994140625,13183.5302734375,3600.35009765625
2017-12-13,0.8815500140190125,1.1742602586746216,32.600013732910156,550.5599975585938,5399.4501953125,13125.6396484375,3581.75
2017-12-14,0.8826299905776978,1.1835860013961792,32.2905158996582,547.469970703125,5357.14013671875,13068.080078125,3556.219970703125
2017-12-15,0.8765299916267395,1.1774957180023193,32.39797592163086,548.6699829101562,5349.2998046875,13103.5595703125,3560.530029296875
2017-12-18,0.8817800283432007,1.1743566989898682,32.83580780029297,553.2899780273438,5420.580078125,13312.2998046875,3609.419921875
2017-12-19,0.8805999755859375,1.1784253120422363,32.788028717041016,552.030029296875,5382.91015625,13215.7900390625,3582.219970703125
2017-12-20,0.8842899799346924,1.1841325759887695,32.58901596069336,547.3800048828125,5352.77001953125,13069.169921875,3552.64990234375
2017-12-21,0.8882200121879578,1.1878176927566528,32.66862869262695,549.3900146484375,5385.97021484375,13109.740234375,3570.780029296875
2017-12-22,0.8861200213432312,1.1857331991195679,32.59698486328125,548.47998046875,5364.72021484375,13072.7900390625,3553.389892578125
2017-12-25,0.8850799798965454,1.1856067180633545,32.59698486328125,548.47998046875,5364.72021484375,13072.7900390625,3553.389892578125
2017-12-26,0.8873999714851379,1.187253713607788,32.628822326660156,548.47998046875,5364.72021484375,13072.7900390625,3553.389892578125
2017-12-27,0.8865299820899963,1.1857894659042358,32.58901596069336,548.5999755859375,5368.83984375,13070.01953125,3550.169921875
2017-12-28,0.8877999782562256,1.1900794506072998,32.525352478027344,547.0599975585938,5339.419921875,12979.9404296875,3524.31005859375
2017-12-29,0.8883200287818909,1.1941723823547363,32.40593719482422,544.5800170898438,5312.56005859375,12917.6396484375,3503.9599609375
2018-01-01,0.8881000280380249,1.200494647026062,32.40593719482422,544.5800170898438,5312.56005859375,12917.6396484375,3503.9599609375
2018-01-02,0.8889200091362,1.2011579275131226,32.549224853515625,544.7899780273438,5288.60009765625,12871.3896484375,3503.9599609375
2018-01-03,0.8871999979019165,1.2063454389572144,32.67658615112305,549.3400268554688,5331.27978515625,12978.2099609375,3509.8798828125
2018-01-04,0.8888400197029114,1.2010425329208374,33.2576789855957,554.0599975585938,5413.68994140625,13167.8896484375,3568.8798828125
2018-01-05,0.8902999758720398,1.2068840265274048,33.592010498046875,558.1599731445312,5470.75,13319.6396484375,3607.6298828125
2018-01-08,0.8866199851036072,1.2037460803985596,33.4566764831543,560.8900146484375,5487.419921875,13367.7802734375,3616.449951171875
2018-01-09,0.8820499777793884,1.1970456838607788,33.48057174682617,563.0399780273438,5523.93994140625,13385.58984375,3622.8701171875
2018-01-10,0.8815500140190125,1.1929330825805664,33.36115264892578,560.4400024414062,5504.68017578125,13281.33984375,3609.830078125
2018-01-11,0.8847699761390686,1.1956144571304321,33.5681266784668,558.8900146484375,5488.5498046875,13202.900390625,3595.239990234375
2018-01-12,0.8891900181770325,1.2042099237442017,34.037776947021484,561.0999755859375,5517.06005859375,13245.0302734375,3612.610107421875
2018-01-15,0.8877900242805481,1.2192296981811523,34.037776947021484,561.0599975585938,5509.68994140625,13200.509765625,3611.81005859375
2018-01-16,0.8890600204467773,1.2268433570861816,34.12534713745117,561.1799926757812,5513.81982421875,13246.330078125,3622.010009765625
2018-01-17,0.8892800211906433,1.227129340171814,34.25270462036133,563.280029296875,5493.990234375,13183.9599609375,3612.780029296875
2018-01-18,0.881089985370636,1.218397855758667,34.30046081542969,566.489990234375,5494.830078125,13281.4296875,3620.909912109375
2018-01-19,0.8807299733161926,1.2236607074737549,34.56315231323242,569.2999877929688,5526.509765625,13434.4501953125,3649.070068359375
2018-01-22,0.8821899890899658,1.2255502939224243,34.85768508911133,570.8200073242188,5541.990234375,13463.6904296875,3665.280029296875
2018-01-23,0.8765000104904175,1.2256253957748413,34.94524002075195,570.5999755859375,5535.259765625,13559.599609375,3672.2900390625
2018-01-24,0.8783699870109558,1.2310267686843872,35.0009651184082,566.0399780273438,5495.16015625,13414.740234375,3643.219970703125
2018-01-25,0.871399998664856,1.239111304283142,34.86564636230469,565.0700073242188,5481.2099609375,13298.3603515625,3630.14990234375
2018-01-26,0.8757200241088867,1.239234209060669,35.19200134277344,566.7899780273438,5529.14990234375,13340.169921875,3647.409912109375
2018-01-29,0.8783100247383118,1.2428072690963745,34.8974723815918,566.0599975585938,5521.58984375,13324.48046875,3643.0400390625
2018-01-30,0.8796200156211853,1.2381141185760498,34.602962493896484,561.0,5473.77978515625,13197.7099609375,3606.75
2018-01-31,0.876579999923706,1.2409565448760986,34.65867233276367,560.52001953125,5481.93017578125,13189.48046875,3609.2900390625
2018-02-01,0.8743000030517578,1.241865873336792,34.67459487915039,556.8699951171875,5454.5498046875,13003.900390625,3577.35009765625
2018-02-02,0.8768100142478943,1.2510008811950684,33.7910041809082,550.0800170898438,5364.97998046875,12785.16015625,3523.280029296875
2018-02-05,0.8820199966430664,1.244694471359253,32.366153717041016,542.6500244140625,5285.830078125,12687.490234375,3478.77001953125
2018-02-06,0.886929988861084,1.2367818355560303,33.281558990478516,526.1799926757812,5161.81005859375,12392.66015625,3394.919921875
2018-02-07,0.8870300054550171,1.2381294965744019,32.63678741455078,536.3599853515625,5255.89990234375,12590.4296875,3454.52001953125
2018-02-08,0.8839499950408936,1.2268133163452148,31.673595428466797,526.1199951171875,5151.68017578125,12260.2900390625,3377.300048828125
2018-02-09,0.8797799944877625,1.2260762453079224,31.769128799438477,518.3300170898438,5079.2099609375,12107.48046875,3325.989990234375
2018-02-12,0.8861600160598755,1.2252799272537231,32.20692443847656,524.0999755859375,5140.06005859375,12282.76953125,3368.25
2018-02-13,0.8881000280380249,1.2303755283355713,32.111419677734375,520.5700073242188,5109.240234375,12196.5,3340.929931640625
2018-02-14,0.8896999955177307,1.235376238822937,32.692508697509766,525.6400146484375,5165.259765625,12339.16015625,3369.830078125
2018-02-15,0.8894799947738647,1.2467273473739624,32.90742874145508,527.5700073242188,5222.52001953125,12346.169921875,3389.6298828125
2018-02-16,0.886489987373352,1.2503595352172852,32.97111511230469,532.27001953125,5281.580078125,12451.9599609375,3426.800048828125
2018-02-19,0.8845099806785583,1.241187572479248,32.97111511230469,528.760009765625,5256.18017578125,12385.599609375,3407.7900390625
2018-02-20,0.8860599994659424,1.2398641109466553,32.67658615112305,532.9299926757812,5289.85986328125,12487.900390625,3435.080078125
2018-02-21,0.8809700012207031,1.233532428741455,32.43777847290039,533.9500122070312,5302.169921875,12470.490234375,3430.159912109375
2018-02-22,0.882860004901886,1.2281843423843384,32.67658615112305,532.6400146484375,5309.22998046875,12461.91015625,3431.989990234375
2018-02-23,0.883400022983551,1.2326656579971313,32.90742874145508,534.0900268554688,5317.3701171875,12483.7900390625,3441.4599609375
2018-02-26,0.879610002040863,1.228712558746338,33.17807388305664,538.3099975585938,5344.259765625,12527.0400390625,3463.179931640625
2018-02-27,0.8817399740219116,1.2315573692321777,32.58901596069336,537.8300170898438,5343.93017578125,12490.73046875,3458.030029296875
2018-02-28,0.8793900012969971,1.2230321168899536,32.27857208251953,535.5800170898438,5320.490234375,12435.849609375,3438.9599609375
2018-03-01,0.8863000273704529,1.2191256284713745,31.984052658081055,529.5900268554688,5262.56005859375,12190.9404296875,3399.159912109375
2018-03-02,0.8907099962234497,1.2270842790603638,31.968130111694336,518.719970703125,5136.580078125,11913.7099609375,3324.75
2018-03-05,0.892799973487854,1.2315422296524048,32.191009521484375,526.510009765625,5167.22998046875,12090.8701171875,3355.320068359375
2018-03-06,0.8906000256538391,1.2336541414260864,32.34225082397461,528.3599853515625,5170.22998046875,12113.8701171875,3357.860107421875
2018-03-07,0.8932499885559082,1.2416653633117676,32.533302307128906,530.7100219726562,5187.830078125,12245.3603515625,3377.360107421875
2018-03-08,0.8927000164985657,1.2414649724960327,32.557186126708984,535.219970703125,5254.10009765625,12355.5703125,3413.280029296875
2018-03-09,0.8914300203323364,1.2306632995605469,32.66862869262695,537.1400146484375,5274.39990234375,12346.6796875,3420.5400390625
2018-03-12,0.8883500099182129,1.2308752536773682,32.70842742919922,538.4299926757812,5276.7099609375,12418.3896484375,3429.47998046875
2018-03-13,0.8871999979019165,1.2339584827423096,32.43777847290039,532.52001953125,5242.7900390625,12221.0302734375,3397.35009765625
2018-03-14,0.8870400190353394,1.239234209060669,32.533302307128906,530.969970703125,5233.35986328125,12237.740234375,3390.97998046875
2018-03-15,0.8857399821281433,1.2375624179840088,32.557186126708984,533.2999877929688,5267.259765625,12345.5595703125,3414.1298828125
2018-03-16,0.8827999830245972,1.2309207916259766,32.698341369628906,536.9199829101562,5282.75,12389.580078125,3437.39990234375
2018-03-19,0.8806999921798706,1.228078842163086,32.46706008911133,531.52001953125,5222.83984375,12217.01953125,3394.7900390625
2018-03-20,0.8795999884605408,1.2336845397949219,32.41920852661133,535.4500122070312,5252.43017578125,12307.330078125,3412.080078125
2018-03-21,0.8745999932289124,1.2251899242401123,32.33945083618164,536.47998046875,5239.740234375,12309.150390625,3401.0400390625
2018-03-22,0.87295001745224,1.2347661256790161,31.64561653137207,528.3699951171875,5167.2099609375,12100.080078125,3348.18994140625
2018-03-23,0.8732100129127502,1.2324985265731812,31.27077865600586,521.4500122070312,5095.22021484375,11886.3095703125,3298.070068359375
2018-03-26,0.8731899857521057,1.235437273979187,31.93271827697754,518.75,5066.27978515625,11787.259765625,3278.719970703125
2018-03-27,0.8748999834060669,1.2457488775253296,31.52599334716797,525.760009765625,5115.740234375,11970.830078125,3316.949951171875
2018-03-28,0.8751999735832214,1.240787148475647,31.725372314453125,527.0,5130.43994140625,11940.7099609375,3331.25
2018-03-29,0.8742499947547913,1.2310267686843872,32.11616134643555,529.52001953125,5167.2998046875,12096.73046875,3361.5
2018-03-30,0.8768600225448608,1.2302846908569336,32.11616134643555,529.52001953125,5167.2998046875,12096.73046875,3361.5
2018-04-02,0.8771499991416931,1.231420874595642,31.62967872619629,529.52001953125,5167.2998046875,12096.73046875,3361.5
2018-04-03,0.8750900030136108,1.229271411895752,31.972604751586914,528.47998046875,5152.1201171875,12002.4501953125,3346.929931640625
2018-04-04,0.872730016708374,1.2278525829315186,32.10020065307617,526.1900024414062,5141.7998046875,11957.900390625,3340.35009765625
2018-04-05,0.8720999956130981,1.228682279586792,32.45907974243164,540.489990234375,5276.669921875,12305.1904296875,3429.949951171875
2018-04-06,0.8744999766349792,1.2251598834991455,32.259708404541016,539.2899780273438,5258.240234375,12241.26953125,3408.10009765625
2018-04-09,0.8707799911499023,1.227144479751587,32.57870864868164,539.9000244140625,5263.39013671875,12261.75,3414.85009765625
2018-04-10,0.8717300295829773,1.2322403192520142,32.92962646484375,545.25,5307.56005859375,12397.3203125,3438.780029296875
2018-04-11,0.8716999888420105,1.2363078594207764,32.75415802001953,544.5,5277.93994140625,12293.9697265625,3419.7099609375
2018-04-12,0.871969997882843,1.2371643781661987,32.953548431396484,547.9000244140625,5309.22021484375,12415.009765625,3443.969970703125
2018-04-13,0.8660100102424622,1.2329696416854858,32.985443115234375,548.0499877929688,5315.02001953125,12442.400390625,3448.0
2018-04-16,0.8654900193214417,1.233258605003357,33.11305236816406,546.6199951171875,5312.9599609375,12391.41015625,3441.0400390625
2018-04-17,0.8635299801826477,1.2385127544403076,33.44004821777344,551.3200073242188,5353.5400390625,12585.5703125,3477.909912109375
2018-04-18,0.8654299974441528,1.237317442893982,33.551692962646484,553.3499755859375,5380.169921875,12590.830078125,3490.889892578125
2018-04-19,0.8715100288391113,1.237914800643921,33.4240837097168,551.3099975585938,5391.64013671875,12567.419921875,3486.60009765625
2018-04-20,0.8764200210571289,1.2345526218414307,33.3283805847168,550.3800048828125,5412.830078125,12540.5,3494.199951171875
2018-04-23,0.8763700127601624,1.2273402214050293,33.31243133544922,554.25,5438.5498046875,12572.3896484375,3513.06005859375
2018-04-24,0.8758900165557861,1.22089684009552,33.1369743347168,556.4400024414062,5444.16015625,12550.8203125,3510.8798828125
2018-04-25,0.8743000030517578,1.2241400480270386,33.097103118896484,551.72998046875,5413.2998046875,12422.2998046875,3485.830078125
2018-04-26,0.873199999332428,1.2171669006347656,33.160911560058594,554.4099731445312,5453.580078125,12500.4697265625,3506.030029296875
2018-04-27,0.8699300289154053,1.2109616994857788,33.24862289428711,554.9400024414062,5483.18994140625,12580.8701171875,3518.780029296875
2018-04-30,0.8801000118255615,1.2122827768325806,33.176849365234375,555.72998046875,5520.5,12612.1103515625,3536.52001953125
2018-05-01,0.8772100210189819,1.2081234455108643,32.99342346191406,555.72998046875,5520.5,12612.1103515625,3536.52001953125
2018-05-02,0.8810799717903137,1.1991558074951172,33.049259185791016,555.8599853515625,5529.22021484375,12802.25,3553.7900390625
2018-05-03,0.8804000020027161,1.19510018825531,33.121028900146484,551.72998046875,5501.66015625,12690.150390625,3529.1201171875
2018-05-04,0.8833199739456177,1.1989257335662842,33.176849365234375,555.7000122070312,5516.0498046875,12819.599609375,3550.590087890625
2018-05-07,0.8834099769592285,1.195500135421753,33.208763122558594,557.8599853515625,5531.419921875,12948.1396484375,3564.18994140625
2018-05-08,0.8794599771499634,1.1933743953704834,33.04127502441406,558.510009765625,5521.93017578125,12912.2099609375,3557.8798828125
2018-05-09,0.8755999803543091,1.1867886781692505,33.160911560058594,561.510009765625,5534.6298828125,12943.0595703125,3569.739990234375
2018-05-10,0.8746200203895569,1.184721827507019,33.39217758178711,562.1799926757812,5545.9501953125,13022.8701171875,3569.739990234375
2018-05-11,0.8810999989509583,1.1917530298233032,33.36825942993164,562.27001953125,5541.93994140625,13001.240234375,3565.52001953125
2018-05-14,0.8819000124931335,1.1952143907546997,33.3762321472168,563.52001953125,5540.68017578125,12977.7099609375,3565.739990234375
2018-05-15,0.8797000050544739,1.1931180953979492,33.11305236816406,564.489990234375,5553.16015625,12970.0400390625,3564.2900390625
2018-05-16,0.8755900263786316,1.1820889711380005,33.05723190307617,565.1300048828125,5567.5400390625,12996.330078125,3562.85009765625
2018-05-17,0.8721100091934204,1.1816978454589844,33.16888427734375,568.9600219726562,5621.919921875,13114.6103515625,3592.179931640625
2018-05-18,0.8726000189781189,1.1795234680175781,33.049259185791016,567.030029296875,5614.509765625,13077.7197265625,3573.760009765625
2018-05-21,0.8729000091552734,1.1766643524169922,33.200782775878906,570.0700073242188,5637.509765625,13077.7197265625,3573.760009765625
2018-05-22,0.8777999877929688,1.1792453527450562,33.2326774597168,572.0499877929688,5640.10009765625,13169.919921875,3587.25
2018-05-23,0.8769000172615051,1.1788560152053833,32.722267150878906,565.0700073242188,5565.85009765625,12976.83984375,3541.820068359375
2018-05-24,0.8758000135421753,1.1710150241851807,32.618595123291016,561.6199951171875,5548.4501953125,12855.08984375,3521.760009765625
2018-05-25,0.8759999871253967,1.1722642183303833,32.259708404541016,562.77001953125,5542.5498046875,12938.009765625,3515.360107421875
2018-05-28,0.8782100081443787,1.1688934564590454,32.259708404541016,559.8400268554688,5508.93017578125,12863.4599609375,3482.639892578125
2018-05-29,0.8732500076293945,1.162696123123169,31.103303909301758,554.77001953125,5438.06005859375,12666.509765625,3428.139892578125
2018-05-30,0.8704500198364258,1.1539349555969238,31.76523780822754,557.5999755859375,5427.35009765625,12783.759765625,3441.18994140625
2018-05-31,0.8781099915504456,1.1667250394821167,31.589792251586914,552.8499755859375,5398.39990234375,12604.8896484375,3406.64990234375
2018-06-01,0.879800021648407,1.1693171262741089,31.892852783203125,559.1799926757812,5465.52978515625,12724.26953125,3453.5400390625
2018-06-04,0.8736000061035156,1.1668611764907837,32.06032180786133,561.7000122070312,5472.91015625,12770.75,3469.570068359375
2018-06-05,0.8786200284957886,1.1700559854507446,31.972604751586914,562.780029296875,5460.9501953125,12787.1298828125,3456.7900390625
2018-06-06,0.8744999766349792,1.1726216077804565,32.34743881225586,562.239990234375,5457.56005859375,12830.0703125,3460.820068359375
2018-06-07,0.8778499960899353,1.178550362586975,32.068302154541016,562.0399780273438,5448.35986328125,12811.0498046875,3459.77001953125
2018-06-08,0.8789299726486206,1.1795234680175781,32.124141693115234,560.030029296875,5450.22021484375,12766.5498046875,3447.300048828125
2018-06-11,0.8784999847412109,1.1783976554870605,32.522891998291016,564.8400268554688,5473.91015625,12842.91015625,3480.219970703125
2018-06-12,0.8804100155830383,1.177412509918213,32.28363037109375,563.010009765625,5453.3701171875,12842.2998046875,3475.580078125
2018-06-13,0.8783800005912781,1.17482590675354,32.38732147216797,563.9500122070312,5452.72998046875,12890.580078125,3479.56005859375
2018-06-14,0.8820000290870667,1.1807769536972046,32.41920852661133,567.530029296875,5528.4599609375,13107.099609375,3527.110107421875
2018-06-15,0.8724700212478638,1.1566576957702637,32.33683395385742,561.7100219726562,5501.8798828125,13010.5498046875,3505.02001953125
2018-06-18,0.8733999729156494,1.159595012664795,31.920902252197266,559.6799926757812,5450.47998046875,12834.1103515625,3466.64990234375
2018-06-19,0.8771899938583374,1.1630746126174927,31.627304077148438,554.5700073242188,5390.6298828125,12677.9697265625,3435.300048828125
2018-06-20,0.8796499967575073,1.1588560342788696,31.553903579711914,554.969970703125,5372.31005859375,12695.16015625,3439.60009765625
2018-06-21,0.8789299726486206,1.1579033136367798,31.23583221435547,552.5999755859375,5316.009765625,12511.91015625,3403.510009765625
2018-06-22,0.8759999871253967,1.1605775356292725,31.659931182861328,560.3400268554688,5387.3798828125,12579.7197265625,3441.60009765625
2018-06-25,0.8792200088500977,1.1661399602890015,31.243995666503906,546.8099975585938,5283.85986328125,12270.330078125,3369.2099609375
2018-06-26,0.8812000155448914,1.1702749729156494,31.15427589416504,547.27001953125,5281.2900390625,12234.33984375,3368.719970703125
2018-06-27,0.8811399936676025,1.1650259494781494,30.84437370300293,552.1900024414062,5327.2001953125,12348.6103515625,3397.1298828125
2018-06-28,0.8813999891281128,1.1563634872436523,30.893306732177734,547.47998046875,5275.64013671875,12177.23046875,3365.52001953125
2018-06-29,0.8842800259590149,1.1562966108322144,31.260303497314453,551.6799926757812,5323.52978515625,12306.0,3395.60009765625
2018-07-02,0.8841999769210815,1.1678558588027954,31.113510131835938,546.510009765625,5276.759765625,12238.169921875,3372.2099609375
2018-07-03,0.8855999708175659,1.1642121076583862,31.292930603027344,550.0599975585938,5316.77001953125,12349.1396484375,3406.340087890625
2018-07-04,0.8835899829864502,1.1659224033355713,31.292930603027344,549.219970703125,5320.5,12317.6103515625,3412.030029296875
2018-07-05,0.8815000057220459,1.166235089302063,31.880128860473633,552.4400024414062,5366.31982421875,12464.2900390625,3440.919921875
2018-07-06,0.8842800259590149,1.1695905923843384,32.06769943237305,553.6199951171875,5375.77001953125,12496.169921875,3448.489990234375
2018-07-09,0.8838499784469604,1.1752262115478516,32.23081970214844,557.7100219726562,5398.10986328125,12543.8896484375,3460.43994140625
2018-07-10,0.8868700265884399,1.1756960153579712,32.28790283203125,560.5800170898438,5434.35986328125,12609.849609375,3473.31005859375
2018-07-11,0.8842999935150146,1.1727042198181152,31.619152069091797,553.25,5353.93017578125,12417.1298828125,3422.35009765625
2018-07-12,0.883899986743927,1.1676785945892334,31.863811492919922,557.02001953125,5405.89990234375,12492.9697265625,3445.489990234375
2018-07-13,0.8851000070571899,1.1665889024734497,31.953533172607422,560.1199951171875,5429.2001953125,12540.73046875,3454.5400390625
2018-07-16,0.882889986038208,1.1679104566574097,32.02693176269531,558.3499755859375,5409.43017578125,12561.01953125,3449.080078125
2018-07-17,0.8845999836921692,1.170946478843689,31.99431037902832,559.1900024414062,5422.5400390625,12661.5400390625,3457.5
2018-07-18,0.88919997215271,1.1653246879577637,32.10847473144531,568.1900024414062,5447.43994140625,12765.9404296875,3485.080078125
2018-07-19,0.8904100060462952,1.164564609527588,31.92905616760254,570.2100219726562,5417.06982421875,12686.2900390625,3471.639892578125
2018-07-20,0.8949300050735474,1.1655147075653076,32.07585525512695,572.2000122070312,5398.31982421875,12561.419921875,3460.030029296875
2018-07-23,0.8930000066757202,1.1741912364959717,32.051395416259766,570.47998046875,5378.25,12548.5703125,3454.050048828125
2018-07-24,0.8924199938774109,1.1694128513336182,32.206363677978516,573.6199951171875,5434.18994140625,12689.3896484375,3483.31005859375
2018-07-25,0.8884000182151794,1.1685519218444824,32.49995803833008,572.9000244140625,5426.41015625,12579.330078125,3468.449951171875
2018-07-26,0.8891699910163879,1.1737502813339233,32.29606628417969,573.6599731445312,5480.5498046875,12809.23046875,3509.260009765625
2018-07-27,0.8881499767303467,1.1642934083938599,32.43470764160156,576.239990234375,5511.759765625,12860.400390625,3527.179931640625
2018-07-30,0.8892499804496765,1.16604483127594,32.491790771484375,573.1900024414062,5491.22021484375,12798.2001953125,3512.31005859375
2018-07-31,0.8912699818611145,1.1707408428192139,32.62229537963867,574.25,5511.2998046875,12805.5,3525.489990234375
2018-08-01,0.8910999894142151,1.168961763381958,32.39393615722656,572.8800048828125,5498.3701171875,12737.0498046875,3525.489990234375
2018-08-02,0.8885499835014343,1.1665889024734497,32.04323196411133,569.9500122070312,5460.97998046875,12546.330078125,3469.2099609375
2018-08-03,0.8899000287055969,1.1586008071899414,31.99431037902832,572.2899780273438,5478.97998046875,12615.759765625,3482.39990234375
2018-08-06,0.8891199827194214,1.1562297344207764,31.88828468322754,572.5599975585938,5477.18017578125,12598.2099609375,3483.300048828125
2018-08-07,0.8929499983787537,1.1558021306991577,32.198184967041016,573.9099731445312,5521.31005859375,12648.1904296875,3504.3701171875
2018-08-08,0.8962399959564209,1.1602946519851685,32.10032653808594,573.7000122070312,5501.89990234375,12633.5400390625,3493.60009765625
2018-08-09,0.9014800190925598,1.1610760688781738,31.90459442138672,572.219970703125,5502.25,12676.1103515625,3494.1298828125
2018-08-10,0.8982700109481812,1.1523923873901367,30.925926208496094,562.97998046875,5414.68017578125,12424.349609375,3426.280029296875
2018-08-13,0.8929700255393982,1.1394712924957275,30.770973205566406,561.1900024414062,5412.31982421875,12358.740234375,3409.679931640625
2018-08-14,0.8932399749755859,1.1402509212493896,30.78727912902832,561.47998046875,5403.41015625,12358.8701171875,3409.43994140625
2018-08-15,0.892009973526001,1.1345715522766113,30.175615310668945,552.7000122070312,5305.22021484375,12163.009765625,3359.080078125
2018-08-16,0.8934900164604187,1.134429931640625,30.387653350830078,556.3800048828125,5349.02001953125,12237.169921875,3377.56005859375
2018-08-17,0.8944299817085266,1.1371389627456665,30.62417221069336,552.9500122070312,5344.93017578125,12210.5498046875,3372.93994140625
2018-08-20,0.8972300291061401,1.1437721252441406,30.836210250854492,556.0499877929688,5379.64990234375,12331.2998046875,3393.669921875
2018-08-21,0.8974199891090393,1.149134635925293,31.27661895751953,557.2000122070312,5408.60009765625,12384.490234375,3411.659912109375
2018-08-22,0.8968600034713745,1.1576753854751587,31.464195251464844,559.2000122070312,5420.60986328125,12385.7001953125,3420.179931640625
2018-08-23,0.8978000283241272,1.1584800481796265,31.25214958190918,558.9099731445312,5419.330078125,12365.580078125,3419.260009765625
2018-08-24,0.9009699821472168,1.154334545135498,31.586536407470703,560.2899780273438,5432.5,12394.51953125,3427.43994140625
2018-08-27,0.9057000279426575,1.164890170097351,32.02693176269531,564.1300048828125,5479.10009765625,12538.3095703125,3456.010009765625
2018-08-28,0.9059100151062012,1.1683608293533325,31.961681365966797,563.030029296875,5484.990234375,12527.419921875,3447.570068359375
2018-08-29,0.9085299968719482,1.1691256761550903,32.084022521972656,565.1500244140625,5501.330078125,12561.6796875,3456.1298828125
2018-08-30,0.8982099890708923,1.1709738969802856,31.66808319091797,563.3699951171875,5478.06005859375,12494.240234375,3430.989990234375
2018-08-31,0.8965100049972534,1.1664663553237915,31.219524383544922,558.4199829101562,5406.85009765625,12364.0595703125,3392.89990234375
2018-09-03,0.8975200057029724,1.1601063013076782,31.219524383544922,559.780029296875,5413.7998046875,12346.41015625,3394.989990234375
2018-09-04,0.9025400280952454,1.161548137664795,30.885150909423828,553.4099731445312,5342.7001953125,12210.2099609375,3359.360107421875
2018-09-05,0.9010999798774719,1.1586545705795288,30.59970474243164,546.9099731445312,5260.22021484375,12040.4599609375,3315.6201171875
2018-09-06,0.9009000062942505,1.1635212898254395,30.44474983215332,539.3699951171875,5243.83984375,11955.25,3295.949951171875
2018-09-07,0.8989800214767456,1.1620069742202759,30.118518829345703,538.510009765625,5252.22021484375,11959.6298828125,3293.360107421875
2018-09-10,0.8938999772071838,1.1561094522476196,30.46105194091797,539.7999877929688,5269.6298828125,11986.33984375,3309.280029296875
2018-09-11,0.8899800181388855,1.159595012664795,30.493682861328125,539.7899780273438,5283.7900390625,11970.26953125,3311.659912109375
2018-09-12,0.8908900022506714,1.1596084833145142,30.56708526611328,540.27001953125,5332.1298828125,12032.2998046875,3326.60009765625
2018-09-13,0.8911600112915039,1.1629259586334229,30.925926208496094,539.52001953125,5328.1201171875,12055.5498046875,3333.679931640625
2018-09-14,0.8917999863624573,1.1691803932189941,30.8035945892334,540.530029296875,5352.56982421875,12124.330078125,3344.6298828125
2018-09-17,0.88919997215271,1.1628988981246948,30.893306732177734,540.8499755859375,5348.8701171875,12096.41015625,3346.110107421875
2018-09-18,0.8873999714851379,1.1669156551361084,31.080888748168945,543.0599975585938,5363.7900390625,12157.669921875,3358.4599609375
2018-09-19,0.886900007724762,1.167992353439331,31.195068359375,543.0700073242188,5393.740234375,12219.01953125,3368.56005859375
2018-09-20,0.8883500099182129,1.167460560798645,31.847497940063477,547.4500122070312,5451.58984375,12326.48046875,3403.1201171875
2018-09-21,0.8873400092124939,1.1775927543640137,31.910375595092773,549.7899780273438,5494.169921875,12430.8798828125,3430.81005859375
2018-09-24,0.8981999754905701,1.1751019954681396,31.755239486694336,548.4299926757812,5476.169921875,12350.8203125,3410.43994140625
2018-09-25,0.8959500193595886,1.175295352935791,31.877716064453125,552.6400146484375,5479.10009765625,12374.66015625,3419.780029296875
2018-09-26,0.892300009727478,1.1763184070587158,31.90220832824707,552.3499755859375,5512.72998046875,12385.8896484375,3433.14990234375
2018-09-27,0.8918899893760681,1.1748534440994263,31.755239486694336,553.75,5540.41015625,12435.58984375,3449.7900390625
2018-09-28,0.889959990978241,1.1637378931045532,31.24898338317871,549.6199951171875,5493.490234375,12246.73046875,3399.199951171875
2018-10-01,0.8899999856948853,1.1605371236801147,31.265316009521484,552.5499877929688,5506.81982421875,12339.0302734375,3414.159912109375
2018-10-02,0.8876000046730042,1.157755732536316,31.01218605041504,549.3300170898438,5467.89013671875,12287.580078125,3388.989990234375
2018-10-03,0.889930009841919,1.1551746129989624,31.15915870666504,552.8499755859375,5491.39990234375,12287.580078125,3405.47998046875
2018-10-04,0.8867800235748291,1.147631287574768,30.799890518188477,544.1199951171875,5410.85009765625,12244.1396484375,3375.080078125
2018-10-05,0.8842999935150146,1.1518083810806274,30.538591384887695,539.510009765625,5359.35986328125,12111.900390625,3345.510009765625
2018-10-08,0.8777199983596802,1.1522595882415771,30.277297973632812,533.52001953125,5300.25,11947.16015625,3309.719970703125
2018-10-09,0.8779000043869019,1.1494120359420776,30.293630599975586,536.9500122070312,5318.5498046875,11977.2197265625,3321.7900390625
2018-10-10,0.8744000196456909,1.1506949663162231,29.68122100830078,528.030029296875,5206.22021484375,11712.5,3266.89990234375
2018-10-11,0.8732699751853943,1.1533360481262207,29.403606414794922,517.8900146484375,5106.3701171875,11539.349609375,3209.18994140625
2018-10-12,0.8756999969482422,1.1590440273284912,29.411766052246094,516.2899780273438,5095.97998046875,11523.8095703125,3194.409912109375
2018-10-15,0.8814600110054016,1.1551345586776733,29.5015869140625,518.3599853515625,5095.06982421875,11614.16015625,3210.3701171875
2018-10-16,0.8805199861526489,1.1583458185195923,30.007835388183594,526.1799926757812,5173.0498046875,11776.5498046875,3257.340087890625
2018-10-17,0.8777400255203247,1.1575279235839844,29.68122100830078,527.5800170898438,5144.9501953125,11715.0302734375,3243.080078125
2018-10-18,0.8777700066566467,1.1500862836837769,29.093318939208984,523.8699951171875,5116.7900390625,11589.2099609375,3211.590087890625
2018-10-19,0.8797000050544739,1.1460003852844238,29.321943283081055,525.1699829101562,5084.66015625,11553.830078125,3210.820068359375
2018-10-22,0.8808000087738037,1.1509466171264648,29.052494049072266,519.0800170898438,5053.31005859375,11524.33984375,3190.090087890625
2018-10-23,0.884190022945404,1.1467890739440918,28.88101577758789,510.8599853515625,4967.68994140625,11274.2802734375,3140.93994140625
2018-10-24,0.8836899995803833,1.147315263748169,28.072643280029297,507.79998779296875,4953.08984375,11191.6298828125,3130.330078125
2018-10-25,0.8845400214195251,1.1399258375167847,28.505413055419922,513.1599731445312,5032.2998046875,11307.1201171875,3164.39990234375
2018-10-26,0.8870000243186951,1.1377859115600586,28.358423233032227,507.5199890136719,4967.3701171875,11200.6201171875,3134.889892578125
2018-10-29,0.8884000182151794,1.1398738622665405,28.32577133178711,509.3999938964844,4989.35009765625,11335.48046875,3154.929931640625
2018-10-30,0.8885700106620789,1.137617588043213,28.480915069580078,510.7300109863281,4978.52978515625,11287.3896484375,3147.1298828125
2018-10-31,0.8925999999046326,1.1346358060836792,28.69321632385254,518.7100219726562,5093.43994140625,11447.509765625,3197.510009765625
2018-11-01,0.8861799836158752,1.1316697597503662,29.085147857666016,520.7999877929688,5085.77978515625,11468.5400390625,3204.2099609375
2018-11-02,0.8768799901008606,1.1403288841247559,29.14230728149414,521.7999877929688,5102.1298828125,11518.990234375,3214.409912109375
2018-11-05,0.8762900233268738,1.1397570371627808,29.150476455688477,521.9400024414062,5101.39013671875,11494.9599609375,3217.3701171875
2018-11-06,0.8736400008201599,1.141291856765747,29.248456954956055,522.3099975585938,5075.18994140625,11484.33984375,3207.419921875
2018-11-07,0.8722699880599976,1.1438506841659546,29.63222885131836,528.5700073242188,5137.93994140625,11579.099609375,3246.159912109375
2018-11-08,0.8708800077438354,1.1434059143066406,29.174968719482422,528.47998046875,5131.4501953125,11527.3203125,3237.60009765625
2018-11-09,0.8699700236320496,1.1368415355682373,29.1259765625,529.5499877929688,5106.75,11529.16015625,3229.489990234375
2018-11-12,0.875190019607544,1.132502794265747,28.472749710083008,526.0999755859375,5059.08984375,11325.4404296875,3194.080078125
2018-11-13,0.8730000257492065,1.1233429908752441,28.701379776000977,529.6099853515625,5101.85009765625,11472.2197265625,3224.820068359375
2018-11-14,0.8691099882125854,1.1311193704605103,28.79119300842285,527.1400146484375,5068.85009765625,11412.5302734375,3205.360107421875
2018-11-15,0.8710100054740906,1.131183385848999,28.946340560913086,524.8900146484375,5033.6201171875,11353.669921875,3190.31005859375
2018-11-16,0.8870499730110168,1.1324899196624756,28.921842575073242,522.4299926757812,5025.2001953125,11341.0,3180.739990234375
2018-11-19,0.8893600106239319,1.141396164894104,28.64422035217285,518.9000244140625,4985.4501953125,11244.5400390625,3160.330078125
2018-11-20,0.8909000158309937,1.1455016136169434,28.088979721069336,510.4800109863281,4924.89013671875,11066.41015625,3116.070068359375
2018-11-21,0.8891599774360657,1.1372424364089966,28.4564151763916,517.3400268554688,4975.5,11244.169921875,3153.909912109375
2018-11-22,0.8912400007247925,1.1388354301452637,28.4564151763916,514.0999755859375,4938.14013671875,11138.490234375,3126.669921875
2018-11-23,0.8854799866676331,1.1403158903121948,28.186952590942383,513.8499755859375,4946.9501953125,11192.6904296875,3137.2099609375
2018-11-26,0.8847000002861023,1.1337354183197021,28.611555099487305,518.9099731445312,4994.97998046875,11354.7197265625,3172.7099609375
2018-11-27,0.884440004825592,1.1333370208740234,28.472749710083008,519.5599975585938,4983.14990234375,11309.1103515625,3166.419921875
2018-11-28,0.8865000009536743,1.1298797130584717,28.913679122924805,519.5800170898438,4983.240234375,11298.8798828125,3168.2900390625
2018-11-29,0.8865000009536743,1.1368545293807983,28.79119300842285,520.280029296875,5006.25,11298.23046875,3174.159912109375
2018-11-30,0.8910999894142151,1.1392766237258911,28.64422035217285,519.3699951171875,5003.919921875,11257.240234375,3173.1298828125
2018-12-03,0.8894000053405762,1.1342240571975708,29.019832611083984,523.8699951171875,5053.97998046875,11465.4599609375,3214.989990234375
2018-12-04,0.8921999931335449,1.135486125946045,28.276777267456055,523.22998046875,5012.66015625,11335.3203125,3189.25
2018-12-05,0.8917099833488464,1.1342884302139282,28.276777267456055,516.0399780273438,4944.3701171875,11200.240234375,3150.27001953125
2018-12-06,0.8916100263595581,1.13490629196167,27.901168823242188,498.9200134277344,4780.4599609375,10810.98046875,3045.93994140625
2018-12-07,0.8900899887084961,1.1374752521514893,27.566387176513672,503.9800109863281,4813.1298828125,10788.08984375,3058.530029296875
2018-12-10,0.8961899876594543,1.1400948762893677,27.460241317749023,495.30999755859375,4742.3798828125,10622.0703125,3016.989990234375
2018-12-11,0.9039000272750854,1.1356538534164429,27.517398834228516,501.010009765625,4806.2001953125,10780.509765625,3055.320068359375
2018-12-12,0.9062899947166443,1.1323105096817017,28.056316375732422,509.7200012207031,4909.4501953125,10929.4296875,3107.969970703125
2018-12-13,0.9005900025367737,1.1373459100723267,28.03998374938965,508.2699890136719,4896.919921875,10924.7001953125,3112.169921875
2018-12-14,0.8978000283241272,1.1363636255264282,27.6317081451416,506.5299987792969,4853.7001953125,10865.76953125,3092.60009765625
2018-12-17,0.8982399702072144,1.1305949687957764,27.443910598754883,500.0799865722656,4799.8701171875,10772.2001953125,3063.64990234375
2018-12-18,0.8995000123977661,1.1349835395812988,27.501068115234375,494.45001220703125,4754.080078125,10740.8896484375,3040.1298828125
2018-12-19,0.8988100290298462,1.1375399827957153,27.272436141967773,495.989990234375,4777.4501953125,10766.2099609375,3051.3798828125
2018-12-20,0.9017500281333923,1.1389521360397339,27.141786575317383,485.9700012207031,4692.4599609375,10611.099609375,3000.06005859375
2018-12-21,0.90420001745224,1.1456853151321411,26.768047332763672,484.80999755859375,4694.3798828125,10633.8203125,3000.610107421875
2018-12-24,0.8990499973297119,1.1372811794281006,26.292688369750977,478.3399963378906,4626.39013671875,10633.8203125,3000.610107421875
2018-12-25,0.8966000080108643,1.140393853187561,26.292688369750977,478.3399963378906,4626.39013671875,10633.8203125,3000.610107421875
2018-12-26,0.8994899988174438,1.1415525674819946,27.013931274414062,478.3399963378906,4626.39013671875,10633.8203125,3000.610107421875
2018-12-27,0.8981599807739258,1.1361312866210938,27.030317306518555,476.0299987792969,4598.60986328125,10381.509765625,2937.360107421875
2018-12-28,0.9038599729537964,1.143105387687683,27.15326499938965,484.1700134277344,4678.740234375,10558.9599609375,2986.530029296875
2018-12-31,0.9013299942016602,1.1439945697784424,27.268007278442383,487.8800048828125,4730.68994140625,10558.9599609375,2986.530029296875
2019-01-01,0.9023000001907349,1.1493064165115356,27.268007278442383,487.8800048828125,4730.68994140625,10558.9599609375,2986.530029296875
2019-01-02,0.8985000252723694,1.14617121219635,27.145065307617188,486.57000732421875,4689.39013671875,10580.1904296875,2986.530029296875
2019-01-03,0.9040499925613403,1.1318106651306152,26.78443717956543,480.4100036621094,4611.490234375,10416.66015625,2954.659912109375
2019-01-04,0.9019100069999695,1.1391078233718872,27.68600082397461,492.010009765625,4737.1201171875,10767.6904296875,3041.85009765625
2019-01-07,0.8959299921989441,1.1410444974899292,27.710588455200195,491.75,4719.169921875,10747.8095703125,3033.639892578125
2019-01-08,0.897849977016449,1.1479737758636475,27.890892028808594,493.69000244140625,4773.27001953125,10803.98046875,3054.93994140625
2019-01-09,0.8993200063705444,1.1456066370010376,28.25152587890625,496.2099914550781,4813.580078125,10893.3203125,3070.239990234375
2019-01-10,0.9025999903678894,1.1554949283599854,28.226930618286133,497.7699890136719,4805.66015625,10921.58984375,3075.72998046875
2019-01-11,0.9022200107574463,1.151012897491455,27.9892520904541,498.6499938964844,4781.33984375,10887.4599609375,3070.0400390625
2019-01-14,0.8917999863624573,1.146013617515564,27.890892028808594,494.989990234375,4762.75,10855.91015625,3055.179931640625
2019-01-15,0.8909000158309937,1.1472889184951782,27.923677444458008,498.20001220703125,4786.169921875,10891.7900390625,3068.050048828125
2019-01-16,0.8866000175476074,1.1416828632354736,27.89909553527832,499.8699951171875,4810.740234375,10931.240234375,3077.219970703125
2019-01-17,0.8844900131225586,1.1398088932037354,27.948265075683594,499.8399963378906,4794.3701171875,10918.6201171875,3069.35009765625
2019-01-18,0.8772000074386597,1.13926362991333,28.358062744140625,509.70001220703125,4875.93017578125,11205.5400390625,3134.919921875
2019-01-21,0.8843200206756592,1.1365574598312378,28.358062744140625,509.8800048828125,4867.77978515625,11136.2001953125,3125.070068359375
2019-01-22,0.8819100260734558,1.136932134628296,28.013837814331055,506.75,4847.52978515625,11090.1103515625,3112.800048828125
2019-01-23,0.876990020275116,1.1364023685455322,28.194149017333984,507.4599914550781,4840.3798828125,11071.5400390625,3112.1298828125
2019-01-24,0.8702999949455261,1.1388224363327026,28.21873664855957,510.0799865722656,4871.9599609375,11130.1796875,3126.31005859375
2019-01-25,0.8621199727058411,1.1313496828079224,28.66132164001465,515.0999755859375,4925.81982421875,11281.7900390625,3163.239990234375
2019-01-28,0.8639000058174133,1.1413049697875977,28.603952407836914,510.8800048828125,4888.580078125,11210.3095703125,3137.27001953125
2019-01-29,0.8684700131416321,1.143000841140747,28.735088348388672,515.0,4928.18017578125,11218.830078125,3153.419921875
2019-01-30,0.8743699789047241,1.1435366868972778,28.956375122070312,518.47998046875,4974.759765625,11181.66015625,3161.739990234375
2019-01-31,0.8754000067710876,1.1487650871276855,28.890798568725586,520.6300048828125,4992.72021484375,11173.099609375,3159.429931640625
2019-02-01,0.873199999332428,1.1449507474899292,28.956375122070312,523.239990234375,5019.259765625,11180.66015625,3171.1201171875
2019-02-04,0.8758999705314636,1.1455278396606445,28.939983367919922,525.6799926757812,5000.18994140625,11176.580078125,3165.199951171875
2019-02-05,0.877590000629425,1.1436283588409424,29.21045684814453,532.489990234375,5083.33984375,11367.98046875,3215.0400390625
2019-02-06,0.8805099725723267,1.140992522239685,29.08751106262207,536.6300048828125,5079.0498046875,11324.7197265625,3212.75
2019-02-07,0.8786299824714661,1.1365960836410522,28.5711612701416,530.5,4985.56005859375,11022.01953125,3150.760009765625
2019-02-08,0.8755999803543091,1.1338768005371094,28.4564208984375,527.989990234375,4961.64013671875,10906.7802734375,3135.6201171875
2019-02-11,0.8752999901771545,1.1324259042739868,28.440034866333008,531.1199951171875,5014.47021484375,11014.58984375,3165.610107421875
2019-02-12,0.87677001953125,1.1279042959213257,28.800649642944336,534.3499755859375,5056.35009765625,11126.080078125,3190.75
2019-02-13,0.8791199922561646,1.1334655284881592,28.800649642944336,536.3300170898438,5074.27001953125,11167.2197265625,3202.3701171875
2019-02-14,0.876230001449585,1.12649405002594,28.710494995117188,534.239990234375,5062.52001953125,11089.7900390625,3182.659912109375
2019-02-15,0.8824899792671204,1.1295350790023804,29.218647003173828,539.6199951171875,5153.18994140625,11299.7998046875,3241.25
2019-02-18,0.8751000165939331,1.1298030614852905,29.218647003173828,539.6300048828125,5168.5400390625,11299.2001953125,3244.7900390625
2019-02-19,0.875249981880188,1.131196141242981,29.341585159301758,538.0700073242188,5160.52001953125,11309.2099609375,3239.409912109375
2019-02-20,0.8682299852371216,1.1343011856079102,29.46451759338379,540.030029296875,5195.9501953125,11401.9697265625,3259.489990234375
2019-02-21,0.8697100281715393,1.1346358060836792,29.439939498901367,540.5700073242188,5196.10986328125,11423.2802734375,3263.699951171875
2019-02-22,0.8695099949836731,1.1343011856079102,29.5546817779541,541.3699951171875,5215.85009765625,11457.7001953125,3270.550048828125
2019-02-25,0.8680400252342224,1.1342240571975708,29.620248794555664,542.52001953125,5231.85009765625,11505.3896484375,3280.010009765625
2019-02-26,0.8657199740409851,1.1367511749267578,29.849735260009766,543.1799926757812,5238.72021484375,11540.7900390625,3289.320068359375
2019-02-27,0.8593299984931946,1.1393154859542847,29.71040153503418,540.2899780273438,5225.35009765625,11487.330078125,3282.77001953125
2019-02-28,0.8544399738311768,1.1380189657211304,29.85793685913086,541.0499877929688,5240.52978515625,11515.6396484375,3298.260009765625
2019-03-01,0.8573799729347229,1.1373459100723267,30.071020126342773,538.5900268554688,5265.18994140625,11601.6796875,3312.10009765625
2019-03-04,0.8592000007629395,1.1375917196273804,29.939884185791016,540.77001953125,5286.56982421875,11592.66015625,3317.1201171875
2019-03-05,0.8602399826049805,1.1337354183197021,29.964487075805664,541.1199951171875,5297.52001953125,11620.740234375,3327.18994140625
2019-03-06,0.8592900037765503,1.1307101249694824,29.898910522460938,538.9500122070312,5288.81005859375,11587.6298828125,3324.669921875
2019-03-07,0.858299970626831,1.1314009428024292,29.398950576782227,536.6799926757812,5267.919921875,11517.7998046875,3308.85009765625
2019-03-08,0.855400025844574,1.1198333501815796,29.513702392578125,530.5499877929688,5231.22021484375,11457.83984375,3283.60009765625
2019-03-11,0.8647599816322327,1.1232421398162842,29.718599319458008,535.3800048828125,5265.9599609375,11543.48046875,3304.43994140625
2019-03-12,0.8499699831008911,1.1259232759475708,29.71040153503418,535.4099731445312,5270.25,11524.169921875,3303.949951171875
2019-03-13,0.8638899922370911,1.1287446022033691,30.046432495117188,539.260009765625,5306.3798828125,11572.41015625,3323.449951171875
2019-03-14,0.8528299927711487,1.133105993270874,30.11200714111328,544.1900024414062,5349.77978515625,11587.4697265625,3342.030029296875
2019-03-15,0.8528599739074707,1.1308379173278809,30.549129486083984,552.1799926757812,5405.31982421875,11685.6904296875,3386.080078125
2019-03-18,0.8511999845504761,1.1319772005081177,30.680587768554688,552.22998046875,5412.830078125,11657.0595703125,3387.93994140625
2019-03-19,0.8546900153160095,1.133619785308838,30.779193878173828,552.6500244140625,5425.89990234375,11788.41015625,3409.0
2019-03-20,0.8554999828338623,1.135486125946045,30.787418365478516,547.4199829101562,5382.66015625,11603.8896484375,3372.3798828125
2019-03-21,0.8653500080108643,1.1427918672561646,30.664154052734375,550.3900146484375,5378.85009765625,11549.9599609375,3367.39990234375
2019-03-22,0.8662999868392944,1.1375011205673218,29.735694885253906,543.9000244140625,5269.919921875,11364.169921875,3305.72998046875
2019-03-25,0.8553000092506409,1.129586100578308,29.79320526123047,541.1599731445312,5260.64013671875,11346.650390625,3300.47998046875
2019-03-26,0.8561999797821045,1.131580114364624,29.85072135925293,545.3699951171875,5307.3798828125,11419.48046875,3319.530029296875
2019-03-27,0.8533400297164917,1.127484679222107,29.932891845703125,545.1400146484375,5301.240234375,11419.0400390625,3322.0400390625
2019-03-28,0.855400025844574,1.1251758337020874,29.842504501342773,543.7100219726562,5296.5400390625,11428.16015625,3320.2900390625
2019-03-29,0.8602100014686584,1.1230024099349976,30.056137084960938,548.97998046875,5350.52978515625,11526.0400390625,3351.7099609375
2019-04-01,0.8618000149726868,1.1223849058151245,30.409448623657227,554.1400146484375,5405.52978515625,11681.990234375,3385.3798828125
2019-04-02,0.8573799729347229,1.1205737590789795,30.50804328918457,555.9400024414062,5423.47021484375,11754.7900390625,3395.699951171875
2019-04-03,0.8533899784088135,1.1203854084014893,30.828487396240234,561.3499755859375,5468.91015625,11954.400390625,3435.56005859375
2019-04-04,0.8533899784088135,1.1246949434280396,30.877790451049805,561.5499877929688,5463.7998046875,11988.009765625,3441.929931640625
2019-04-05,0.8583300113677979,1.1225864887237549,30.902450561523438,562.5800170898438,5476.2001953125,12009.75,3447.469970703125
2019-04-08,0.8604999780654907,1.121956706047058,30.918880462646484,562.3200073242188,5471.77978515625,11963.400390625,3438.06005859375
2019-04-09,0.861739993095398,1.1256444454193115,30.746326446533203,559.6599731445312,5436.419921875,11850.5703125,3417.219970703125
2019-04-10,0.8627899885177612,1.126697063446045,30.88600730895996,561.8499755859375,5449.8798828125,11905.91015625,3424.64990234375
2019-04-11,0.8608499765396118,1.1276500225067139,30.92708969116211,561.8300170898438,5485.72021484375,11935.2001953125,3435.340087890625
2019-04-12,0.8624299764633179,1.1260753870010376,31.1735782623291,561.6099853515625,5502.7001953125,11999.9296875,3447.830078125
2019-04-15,0.8638799786567688,1.1305055618286133,31.181800842285156,562.5700073242188,5508.72998046875,12020.2802734375,3450.4599609375
2019-04-16,0.8628000020980835,1.1304928064346313,31.20644760131836,565.1900024414062,5528.669921875,12101.3203125,3463.360107421875
2019-04-17,0.864799976348877,1.128502607345581,31.46116065979004,566.1900024414062,5563.08984375,12153.0703125,3477.72998046875
2019-04-18,0.866320013999939,1.129713773727417,31.477602005004883,569.6099853515625,5580.3798828125,12222.3896484375,3499.22998046875
2019-04-19,0.8646000027656555,1.1235954761505127,31.477602005004883,569.6099853515625,5580.3798828125,12222.3896484375,3499.22998046875
2019-04-22,0.8654199838638306,1.1244546175003052,31.477602005004883,569.6099853515625,5580.3798828125,12222.3896484375,3499.22998046875
2019-04-23,0.8672999739646912,1.1258978843688965,31.452939987182617,570.6400146484375,5591.68994140625,12235.509765625,3503.85009765625
2019-04-24,0.8674899935722351,1.122435212135315,31.214670181274414,568.4099731445312,5576.06005859375,12313.16015625,3502.6298828125
2019-04-25,0.8641999959945679,1.1153494119644165,31.181800842285156,567.5900268554688,5557.669921875,12282.599609375,3491.919921875
2019-04-26,0.863569974899292,1.113684892654419,31.214670181274414,567.1799926757812,5569.35986328125,12315.1796875,3500.409912109375
2019-04-29,0.8629500269889832,1.1150261163711548,31.39543342590332,568.010009765625,5580.97998046875,12328.01953125,3501.93994140625
2019-04-30,0.8648499846458435,1.1185182332992554,31.67479705810547,571.5999755859375,5586.41015625,12344.080078125,3514.6201171875
2019-05-01,0.8599399924278259,1.121604323387146,31.43651580810547,571.5999755859375,5586.41015625,12344.080078125,3514.6201171875
2019-05-02,0.8579000234603882,1.1200841665267944,31.305049896240234,566.510009765625,5538.85986328125,12345.419921875,3488.929931640625
2019-05-03,0.8571000099182129,1.1173559427261353,31.58440589904785,568.719970703125,5548.83984375,12412.75,3502.47998046875
2019-05-06,0.8505300283432007,1.1185808181762695,31.31327247619629,563.75,5483.52001953125,12286.8798828125,3462.949951171875
2019-05-07,0.8550000190734863,1.1201846599578857,30.557342529296875,556.8599853515625,5395.75,12092.740234375,3401.159912109375
2019-05-08,0.8561999797821045,1.1191065311431885,30.762765884399414,558.9299926757812,5417.58984375,12179.9296875,3417.260009765625
2019-05-09,0.860539972782135,1.1198333501815796,30.631301879882812,549.5900268554688,5313.16015625,11973.919921875,3350.7099609375
2019-05-10,0.8622900247573853,1.1222084760665894,30.828487396240234,550.8699951171875,5327.43994140625,12059.830078125,3361.050048828125
2019-05-13,0.8637999892234802,1.1236460208892822,30.14651107788086,544.27001953125,5262.56982421875,11876.650390625,3320.780029296875
2019-05-14,0.8664299845695496,1.1232547760009766,30.44230842590332,550.6500244140625,5341.35009765625,11991.6201171875,3364.3798828125
2019-05-15,0.8680999875068665,1.1204482316970825,30.65594482421875,553.0800170898438,5374.259765625,12099.5703125,3385.780029296875
2019-05-16,0.8722599744796753,1.1207244396209717,31.00926399230957,559.1500244140625,5448.10986328125,12310.3701171875,3438.56005859375
2019-05-17,0.8730300068855286,1.1173559427261353,30.86136245727539,557.9099731445312,5438.22998046875,12238.9404296875,3425.639892578125
2019-05-20,0.8769199848175049,1.1165324449539185,30.52448272705078,551.3699951171875,5358.58984375,12041.2900390625,3369.780029296875
2019-05-21,0.8773499727249146,1.1168566942214966,30.705249786376953,553.1400146484375,5385.4599609375,12143.4697265625,3386.510009765625
2019-05-22,0.8785099983215332,1.1168566942214966,30.623069763183594,552.969970703125,5378.97998046875,12168.740234375,3386.719970703125
2019-05-23,0.8808000087738037,1.1155484914779663,30.25333023071289,543.7100219726562,5281.3701171875,11952.41015625,3327.199951171875
2019-05-24,0.8833000063896179,1.1184556484222412,30.631301879882812,547.2100219726562,5316.509765625,12011.0400390625,3350.699951171875
2019-05-27,0.8809000253677368,1.1209630966186523,30.631301879882812,549.219970703125,5336.18994140625,12071.1796875,3364.0400390625
2019-05-28,0.8826900124549866,1.1193821430206299,30.277978897094727,549.0999755859375,5312.68994140625,12027.0498046875,3348.860107421875
2019-05-29,0.8822299838066101,1.1170687675476074,29.99040412902832,540.8699951171875,5222.1201171875,11837.8095703125,3297.81005859375
2019-05-30,0.8817800283432007,1.1137346029281616,30.1383113861084,545.4299926757812,5248.91015625,11902.080078125,3297.81005859375
2019-05-31,0.8827099800109863,1.1131147146224976,29.817861557006836,540.489990234375,5207.6298828125,11726.83984375,3280.429931640625
2019-06-03,0.8840000033378601,1.1174057722091675,30.064350128173828,540.719970703125,5241.4599609375,11792.8095703125,3300.219970703125
2019-06-04,0.8879899978637695,1.124631643295288,30.606643676757812,541.1500244140625,5268.259765625,11971.169921875,3333.489990234375
2019-06-05,0.8858299851417542,1.1254037618637085,30.557342529296875,543.6400146484375,5292.0,11980.8095703125,3339.949951171875
2019-06-06,0.8849999904632568,1.1229015588760376,30.664154052734375,544.3200073242188,5278.43017578125,11953.1396484375,3338.409912109375
2019-06-07,0.8881000280380249,1.1276500225067139,31.15714454650879,550.239990234375,5364.0498046875,12045.3798828125,3378.3798828125
2019-06-10,0.8895000219345093,1.1320157051086426,31.165369033813477,553.4000244140625,5382.5,12045.3798828125,3378.3798828125
2019-06-11,0.8917700052261353,1.1318106651306152,31.354352951049805,557.219970703125,5408.4501953125,12155.8095703125,3401.10009765625
2019-06-12,0.8903099894523621,1.1329518556594849,31.107845306396484,556.1300048828125,5374.919921875,12115.6796875,3386.6298828125
2019-06-13,0.8895999789237976,1.1295605897903442,31.14072036743164,555.8499755859375,5375.6298828125,12169.0498046875,3390.5
2019-06-14,0.8895699977874756,1.1280443668365479,30.902450561523438,553.239990234375,5367.6201171875,12096.400390625,3379.18994140625
2019-06-17,0.890529990196228,1.1217050552368164,30.9106502532959,552.280029296875,5390.9501953125,12085.8203125,3383.2099609375
2019-06-18,0.8949300050735474,1.1224603652954102,31.502246856689453,560.2100219726562,5509.72998046875,12331.75,3452.889892578125
2019-06-19,0.8910899758338928,1.1198208332061768,31.641923904418945,561.4500122070312,5518.4501953125,12308.5302734375,3454.699951171875
2019-06-20,0.8878999948501587,1.1238480806350708,31.95415496826172,563.7100219726562,5535.56982421875,12355.3896484375,3468.080078125
2019-06-21,0.8887900114059448,1.1295605897903442,31.951644897460938,562.3900146484375,5528.330078125,12339.919921875,3466.919921875
2019-06-24,0.892799973487854,1.1384724378585815,32.00199890136719,560.0700073242188,5521.7099609375,12274.5703125,3455.570068359375
2019-06-25,0.8948400020599365,1.140029788017273,31.77538299560547,558.3200073242188,5514.56982421875,12228.4404296875,3444.360107421875
2019-06-26,0.8956999778747559,1.1369967460632324,31.834136962890625,558.239990234375,5500.72021484375,12245.3203125,3442.949951171875
2019-06-27,0.8959100246429443,1.1374752521514893,31.89289093017578,557.530029296875,5493.60986328125,12271.0302734375,3442.3798828125
2019-06-28,0.8970999717712402,1.1372941732406616,32.14468002319336,561.760009765625,5538.97021484375,12398.7998046875,3473.68994140625
2019-07-01,0.8949000239372253,1.1364928483963013,32.178245544433594,568.27001953125,5567.91015625,12521.3798828125,3497.590087890625
2019-07-02,0.8926100134849548,1.1287446022033691,32.287357330322266,570.0599975585938,5576.81982421875,12526.7197265625,3507.97998046875
2019-07-03,0.8962000012397766,1.1293054819107056,32.55593490600586,572.9299926757812,5618.81005859375,12616.240234375,3540.6298828125
2019-07-04,0.8969900012016296,1.1287955045700073,32.55593490600586,573.530029296875,5620.72998046875,12629.900390625,3544.14990234375
2019-07-05,0.8967000246047974,1.128579020500183,32.3209228515625,570.4600219726562,5593.72021484375,12568.5302734375,3527.97998046875
2019-07-08,0.8963099718093872,1.1227376461029053,32.153072357177734,569.3599853515625,5589.18994140625,12543.509765625,3523.760009765625
2019-07-09,0.8960800170898438,1.121604323387146,32.08592224121094,566.280029296875,5572.10009765625,12436.5498046875,3509.75
2019-07-10,0.899399995803833,1.120824933052063,32.14468002319336,565.5700073242188,5567.58984375,12373.41015625,3501.52001953125
2019-07-11,0.9000999927520752,1.125885248184204,32.11949157714844,566.989990234375,5551.9501953125,12332.1201171875,3496.72998046875
2019-07-12,0.8982999920845032,1.1252391338348389,32.12788391113281,567.4099731445312,5572.85986328125,12323.3203125,3497.6298828125
2019-07-15,0.8965200185775757,1.1272051334381104,32.16146469116211,569.260009765625,5578.2099609375,12387.33984375,3502.219970703125
2019-07-16,0.8995800018310547,1.1261768341064453,32.10271072387695,571.2100219726562,5614.3798828125,12430.9697265625,3521.360107421875
2019-07-17,0.9034000039100647,1.1212271451950073,31.985218048095703,572.3400268554688,5571.7099609375,12341.0302734375,3501.580078125
2019-07-18,0.902899980545044,1.12296462059021,32.04396438598633,571.5700073242188,5550.5498046875,12227.849609375,3482.830078125
2019-07-19,0.897849977016449,1.1261515617370605,31.792179107666016,571.8400268554688,5552.33984375,12260.0703125,3480.179931640625
2019-07-22,0.8966000080108643,1.1218308210372925,31.90127182006836,576.0,5567.02001953125,12289.400390625,3489.919921875
2019-07-23,0.8982899785041809,1.1206114292144775,32.18663787841797,582.0800170898438,5618.16015625,12490.740234375,3532.8701171875
2019-07-24,0.8966000080108643,1.1151255369186401,32.195030212402344,583.260009765625,5605.8701171875,12522.8896484375,3532.89990234375
2019-07-25,0.8924000263214111,1.1142433881759644,31.85932159423828,578.8200073242188,5578.0498046875,12362.099609375,3510.14990234375
2019-07-26,0.8949000239372253,1.1146159172058105,31.968425750732422,580.0800170898438,5610.0498046875,12419.900390625,3524.469970703125
2019-07-29,0.8992000222206116,1.1132138967514038,32.02717590332031,579.5499877929688,5601.10009765625,12417.4697265625,3523.580078125
2019-07-30,0.9119899868965149,1.1143054962158203,31.43967628479004,574.3400268554688,5511.06982421875,12147.240234375,3462.85009765625
2019-07-31,0.9174100160598755,1.1157974004745483,31.17949867248535,572.0900268554688,5518.89990234375,12189.0400390625,3466.85009765625
2019-08-01,0.9107999801635742,1.1071745157241821,31.045215606689453,572.4600219726562,5557.41015625,12253.150390625,3466.85009765625
2019-08-02,0.9136899709701538,1.1078859567642212,30.675920486450195,554.3200073242188,5359.0,11872.4404296875,3376.1201171875
2019-08-05,0.9141499996185303,1.1108025312423706,30.096820831298828,540.9400024414062,5241.5498046875,11658.509765625,3310.929931640625
2019-08-06,0.9247000217437744,1.1243788003921509,30.239498138427734,537.280029296875,5234.64990234375,11567.9599609375,3291.659912109375
2019-08-07,0.9206100106239319,1.1206992864608765,30.449317932128906,539.5700073242188,5266.509765625,11650.150390625,3309.989990234375
2019-08-08,0.9225599765777588,1.1204355955123901,30.726274490356445,548.8800048828125,5387.9599609375,11845.41015625,3375.3798828125
2019-08-09,0.9211000204086304,1.1187183856964111,30.566816329956055,542.219970703125,5327.919921875,11693.7998046875,3333.739990234375
2019-08-12,0.9322500228881836,1.1208499670028687,30.32341766357422,542.1400146484375,5310.31005859375,11679.6796875,3326.550048828125
2019-08-13,0.9284999966621399,1.1218308210372925,30.684324264526367,545.6900024414062,5363.06982421875,11750.1298828125,3357.159912109375
2019-08-14,0.9264500141143799,1.1177055835723877,29.761098861694336,536.6599731445312,5251.2998046875,11492.66015625,3288.699951171875
2019-08-15,0.9240000247955322,1.1143302917480469,29.761098861694336,534.8400268554688,5236.93017578125,11412.669921875,3282.780029296875
2019-08-16,0.9188500046730042,1.1113580465316772,30.113603591918945,541.9400024414062,5300.7900390625,11562.740234375,3329.080078125
2019-08-19,0.9121999740600586,1.109385371208191,30.36538314819336,547.9099731445312,5371.56005859375,11715.3701171875,3369.18994140625
2019-08-20,0.9136000275611877,1.1083157062530518,30.239498138427734,545.22998046875,5344.64013671875,11651.1796875,3350.22998046875
2019-08-21,0.9124199748039246,1.1097793579101562,30.642353057861328,550.4199829101562,5435.47998046875,11802.849609375,3394.889892578125
2019-08-22,0.9140899777412415,1.10907781124115,30.533241271972656,546.9000244140625,5388.25,11747.0400390625,3373.669921875
2019-08-23,0.904699981212616,1.1084016561508179,30.07163429260254,542.0900268554688,5326.8701171875,11611.509765625,3334.25
2019-08-26,0.9086599946022034,1.1143054962158203,30.3737850189209,543.3200073242188,5351.02001953125,11658.0400390625,3348.840087890625
2019-08-27,0.9082499742507935,1.1103708744049072,30.382173538208008,547.280029296875,5387.08984375,11730.01953125,3370.469970703125
2019-08-28,0.9027900099754333,1.109004020690918,30.3737850189209,548.3800048828125,5368.7998046875,11701.01953125,3365.3798828125
2019-08-29,0.9072399735450745,1.1085859537124634,30.776641845703125,554.280029296875,5449.97021484375,11838.8798828125,3411.330078125
2019-08-30,0.9074900150299072,1.1061947345733643,30.768239974975586,558.3499755859375,5480.47998046875,11939.2802734375,3426.760009765625
2019-09-02,0.9039099812507629,1.0991789102554321,30.768239974975586,559.7100219726562,5493.0400390625,11953.7802734375,3432.5400390625
2019-09-03,0.9085599780082703,1.0968520641326904,30.633960723876953,559.010009765625,5466.06982421875,11910.8603515625,3420.739990234375
2019-09-04,0.9072999954223633,1.0974539518356323,31.078777313232422,563.4600219726562,5532.06982421875,12025.0400390625,3450.830078125
2019-09-05,0.9010000228881836,1.10349702835083,31.338956832885742,569.0999755859375,5593.3701171875,12126.7802734375,3484.699951171875
2019-09-06,0.8952000141143799,1.1036310195922852,31.35574722290039,569.8400268554688,5603.990234375,12191.73046875,3495.18994140625
2019-09-09,0.8970900177955627,1.1020619869232178,31.46485710144043,568.1300048828125,5588.9501953125,12226.099609375,3495.02001953125
2019-09-10,0.8948900103569031,1.1048381328582764,31.498414993286133,568.489990234375,5593.2099609375,12268.7099609375,3498.989990234375
2019-09-11,0.8944200277328491,1.1050333976745605,31.62431526184082,573.1699829101562,5618.06005859375,12359.0703125,3516.820068359375
2019-09-12,0.8928200006484985,1.1013457775115967,31.92646026611328,574.7899780273438,5642.85986328125,12410.25,3538.860107421875
2019-09-13,0.8966900110244751,1.1058276891708374,32.0103874206543,576.8300170898438,5655.4599609375,12468.5302734375,3550.110107421875
2019-09-16,0.8867899775505066,1.1083402633666992,31.61592674255371,573.4600219726562,5602.22998046875,12380.3095703125,3518.449951171875
2019-09-17,0.8853999972343445,1.100594401359558,31.82573699951172,574.9299926757812,5615.509765625,12372.6103515625,3521.260009765625
2019-09-18,0.8857799768447876,1.1074687242507935,31.817363739013672,576.6900024414062,5620.64990234375,12389.6201171875,3528.0400390625
2019-09-19,0.8843799829483032,1.1031439304351807,31.92646026611328,579.0800170898438,5659.080078125,12457.7001953125,3552.64990234375
2019-09-20,0.8818699717521667,1.1048502922058105,31.90377426147461,577.4400024414062,5690.77978515625,12468.009765625,3571.389892578125
2019-09-23,0.8835600018501282,1.1019041538238525,31.74407958984375,574.6699829101562,5630.759765625,12342.330078125,3536.969970703125
2019-09-24,0.8841999769210815,1.0993722677230835,31.618017196655273,574.8400268554688,5628.330078125,12307.150390625,3532.050048828125
2019-09-25,0.882099986076355,1.1016855239868164,31.41630744934082,573.4199829101562,5583.7998046875,12234.1796875,3513.030029296875
2019-09-26,0.8860999941825867,1.0952903032302856,31.575990676879883,577.719970703125,5620.56982421875,12288.5400390625,3532.179931640625
2019-09-27,0.8858799934387207,1.0922753810882568,31.517147064208984,578.3099975585938,5640.580078125,12380.9404296875,3545.8798828125
2019-09-30,0.8899999856948853,1.0942714214324951,31.718875885009766,580.22998046875,5677.7900390625,12428.080078125,3569.449951171875
2019-10-01,0.8870000243186951,1.0899657011032104,31.37428092956543,573.8900146484375,5597.6298828125,12263.830078125,3518.25
2019-10-02,0.889519989490509,1.0934937000274658,30.575836181640625,558.010009765625,5422.77001953125,11925.25,3413.31005859375
2019-10-03,0.890749990940094,1.0963709354400635,30.802764892578125,558.5,5438.77001953125,11925.25,3417.3701171875
2019-10-04,0.8892199993133545,1.0975382328033447,31.046499252319336,564.5900268554688,5488.31982421875,12012.8095703125,3446.7099609375
2019-10-07,0.8904299736022949,1.098659634590149,31.054912567138672,569.5999755859375,5521.60986328125,12097.4296875,3471.239990234375
2019-10-08,0.892799973487854,1.0972130298614502,30.718717575073242,562.719970703125,5456.6201171875,11970.2001953125,3432.760009765625
2019-10-09,0.8968600034713745,1.0960105657577515,31.080121994018555,565.75,5499.14013671875,12094.259765625,3462.110107421875
2019-10-10,0.8994699716567993,1.0987803936004639,31.391098022460938,568.3699951171875,5569.0498046875,12164.2001953125,3493.9599609375
2019-10-11,0.8855000138282776,1.1011033058166504,32.02983856201172,577.4199829101562,5665.47998046875,12511.650390625,3569.919921875
2019-10-14,0.8737999796867371,1.1030004024505615,32.02142333984375,575.2100219726562,5643.080078125,12486.5595703125,3556.260009765625
2019-10-15,0.8742300271987915,1.1029006242752075,32.45006561279297,579.8699951171875,5702.0498046875,12629.7900390625,3598.64990234375
2019-10-16,0.8646900057792664,1.1034727096557617,32.50889205932617,576.8599853515625,5696.89990234375,12670.1103515625,3599.25
2019-10-17,0.8636999726295471,1.107493281364441,32.584537506103516,576.27001953125,5673.06982421875,12654.9501953125,3588.6201171875
2019-10-18,0.8645099997520447,1.1127183437347412,32.63498306274414,572.719970703125,5636.25,12633.599609375,3579.409912109375
2019-10-21,0.8647099733352661,1.1155734062194824,32.77784729003906,575.9199829101562,5648.35009765625,12747.9599609375,3600.080078125
2019-10-22,0.8596199750900269,1.1151753664016724,32.592952728271484,576.4099731445312,5657.68994140625,12754.6904296875,3604.820068359375
2019-10-23,0.863610029220581,1.112928867340088,32.80305099487305,575.969970703125,5653.43994140625,12798.1904296875,3606.889892578125
2019-10-24,0.8615400195121765,1.1132385730743408,32.81145477294922,582.3699951171875,5684.330078125,12872.099609375,3621.3701171875
2019-10-25,0.8648099899291992,1.1103955507278442,32.77784729003906,583.8099975585938,5722.14990234375,12894.509765625,3624.679931640625
2019-10-28,0.8639799952507019,1.1084262132644653,32.86189270019531,583.6799926757812,5730.56982421875,12941.7099609375,3625.68994140625
2019-10-29,0.863099992275238,1.1099148988723755,32.836673736572266,581.8200073242188,5740.14013671875,12939.6201171875,3622.090087890625
2019-10-30,0.8637199997901917,1.1114816665649414,33.00476837158203,581.6099853515625,5765.8701171875,12910.23046875,3620.2900390625
2019-10-31,0.8643800020217896,1.1154489517211914,32.92072296142578,576.6300048828125,5729.85986328125,12866.7900390625,3604.409912109375
2019-11-01,0.8621799945831299,1.1157102584838867,33.13084030151367,580.780029296875,5761.89013671875,12961.0498046875,3623.739990234375
2019-11-04,0.8630499839782715,1.1166571378707886,33.32413864135742,585.5499877929688,5824.2998046875,13136.2802734375,3665.2099609375
2019-11-05,0.8631500005722046,1.1128545999526978,33.290531158447266,590.6500244140625,5846.89013671875,13148.5,3676.52001953125
2019-11-06,0.8597000241279602,1.107419729232788,33.3409538269043,594.9299926757812,5866.740234375,13179.8896484375,3688.739990234375
2019-11-07,0.8609799742698669,1.1070396900177002,33.424991607666016,597.1099853515625,5890.990234375,13289.4599609375,3706.679931640625
2019-11-08,0.862060010433197,1.1019697189331055,33.424991607666016,596.5,5889.7001953125,13228.5595703125,3699.64990234375
2019-11-11,0.8613200187683105,1.102244257926941,33.41657638549805,596.3900146484375,5893.81982421875,13198.3701171875,3696.820068359375
2019-11-12,0.858299970626831,1.1035456657409668,33.4081916809082,599.030029296875,5919.75,13283.509765625,3712.199951171875
2019-11-13,0.8567900061607361,1.1012367010116577,33.315738677978516,597.5599975585938,5907.08984375,13230.0703125,3699.5
2019-11-14,0.8565000295639038,1.1013215780258179,33.307334899902344,595.260009765625,5901.080078125,13180.23046875,3688.81005859375
2019-11-15,0.8554400205612183,1.1020498275756836,33.55105972290039,598.9600219726562,5939.27001953125,13241.75,3711.610107421875
2019-11-18,0.8555200099945068,1.105509877204895,33.542659759521484,598.1699829101562,5929.7900390625,13207.009765625,3704.919921875
2019-11-19,0.854889988899231,1.1072357892990112,33.50904846191406,596.6699829101562,5909.0498046875,13221.1201171875,3696.56005859375
2019-11-20,0.8568000197410583,1.1080001592636108,33.307334899902344,594.1599731445312,5894.02978515625,13158.1396484375,3683.8798828125
2019-11-21,0.8571000099182129,1.1078859567642212,33.35776138305664,589.8499755859375,5881.2099609375,13137.7001953125,3679.659912109375
2019-11-22,0.8565000295639038,1.1065863370895386,33.315738677978516,592.7100219726562,5893.1298828125,13163.8798828125,3687.320068359375
2019-11-25,0.8576599955558777,1.1022562980651855,33.424991607666016,596.6599731445312,5924.85986328125,13246.4501953125,3707.679931640625
2019-11-26,0.8536800146102905,1.1014429330825806,33.4502067565918,597.5900268554688,5929.6201171875,13236.419921875,3705.550048828125
2019-11-27,0.8571000099182129,1.1022562980651855,33.4502067565918,598.3699951171875,5926.83984375,13287.0703125,3712.85009765625
2019-11-28,0.851069986820221,1.1004853248596191,33.4502067565918,597.8699951171875,5912.72021484375,13245.580078125,3704.47998046875
2019-11-29,0.8526999950408936,1.101176142692566,33.382972717285156,597.2899780273438,5905.169921875,13236.3798828125,3703.580078125
2019-12-02,0.8532800078392029,1.1019041538238525,32.979557037353516,587.1199951171875,5786.740234375,12964.6796875,3626.659912109375
2019-12-03,0.8558300137519836,1.1079105138778687,32.94594192504883,582.9299926757812,5727.22021484375,12989.2900390625,3610.989990234375
2019-12-04,0.8525500297546387,1.1085245609283447,33.26531219482422,590.989990234375,5799.68017578125,13140.5703125,3660.02001953125
2019-12-05,0.8453599810600281,1.108303427696228,33.23168182373047,591.4400024414062,5801.5498046875,13054.7998046875,3648.1298828125
2019-12-06,0.8438799977302551,1.1105434894561768,33.433406829833984,602.2999877929688,5871.91015625,13166.580078125,3692.340087890625
2019-12-09,0.8415399789810181,1.105888843536377,33.198081970214844,602.260009765625,5837.25,13105.6103515625,3672.179931640625
2019-12-10,0.8416299819946289,1.106499433517456,33.28212356567383,599.9299926757812,5848.02978515625,13070.7197265625,3671.780029296875
2019-12-11,0.8446999788284302,1.1092746257781982,33.55947494506836,598.9600219726562,5860.8798828125,13146.740234375,3687.449951171875
2019-12-12,0.8433600068092346,1.1135857105255127,33.86203384399414,599.7100219726562,5884.259765625,13221.6396484375,3706.35009765625
2019-12-13,0.8300399780273438,1.1186057329177856,34.03852081298828,602.8599853515625,5919.02001953125,13282.7197265625,3731.070068359375
2019-12-16,0.8330299854278564,1.1124460697174072,34.38311767578125,610.6699829101562,5991.66015625,13407.66015625,3772.739990234375
2019-12-17,0.8390499949455261,1.1136974096298218,34.18141174316406,606.22998046875,5968.259765625,13287.830078125,3745.280029296875
2019-12-18,0.8497899770736694,1.115138053894043,34.05533981323242,606.0399780273438,5959.60009765625,13222.16015625,3739.0
2019-12-19,0.8493000268936157,1.1115927696228027,34.04693603515625,605.77001953125,5972.27978515625,13211.9599609375,3739.169921875
2019-12-20,0.8544999957084656,1.1125946044921875,34.21798324584961,609.260009765625,6021.52978515625,13318.900390625,3776.56005859375
2019-12-23,0.8519499897956848,1.1079840660095215,34.226417541503906,609.219970703125,6029.3701171875,13300.98046875,3776.659912109375
2019-12-24,0.8569899797439575,1.109385371208191,34.16741943359375,609.3300170898438,6029.5498046875,13300.98046875,3776.659912109375
2019-12-25,0.8569999933242798,1.1090162992477417,34.16741943359375,609.3300170898438,6029.5498046875,13300.98046875,3776.659912109375
2019-12-26,0.8553000092506409,1.1095454692840576,34.36965560913086,609.3300170898438,6029.5498046875,13300.98046875,3776.659912109375
2019-12-27,0.8537999987602234,1.110111951828003,34.487613677978516,611.010009765625,6037.39013671875,13337.1103515625,3782.27001953125
2019-12-30,0.8540599942207336,1.1182304620742798,34.20112991333008,605.8300170898438,5982.22021484375,13249.009765625,3748.469970703125
2019-12-31,0.8542600274085999,1.120229721069336,34.36965560913086,604.5800170898438,5978.06005859375,13249.009765625,3748.469970703125
2020-01-01,0.8461999893188477,1.1220825910568237,34.36965560913086,604.5800170898438,5978.06005859375,13249.009765625,3748.469970703125
2020-01-02,0.8465700149536133,1.1220825910568237,34.76567840576172,612.8699951171875,6041.5,13385.9296875,3748.469970703125
2020-01-03,0.8495000004768372,1.1171437501907349,34.3191032409668,611.0599975585938,6044.16015625,13219.1396484375,3773.3701171875
2020-01-06,0.8532900214195251,1.1161960363388062,34.378074645996094,607.239990234375,6013.58984375,13126.990234375,3752.52001953125
2020-01-07,0.8499799966812134,1.1197994947433472,34.18427276611328,609.7100219726562,6012.35009765625,13226.830078125,3759.25
2020-01-08,0.8505300283432007,1.1154738664627075,34.35280227661133,610.47998046875,6031.0,13320.1796875,3772.56005859375
2020-01-09,0.8478999733924866,1.1113210916519165,34.496028900146484,612.5499877929688,6042.5498046875,13495.0595703125,3795.8798828125
2020-01-10,0.8499500155448914,1.1111111640930176,34.38651657104492,610.4299926757812,6037.10986328125,13483.3095703125,3789.52001953125
2020-01-13,0.8521299958229065,1.1116669178009033,34.470760345458984,608.9000244140625,6036.14013671875,13451.51953125,3779.679931640625
2020-01-14,0.8573200106620789,1.1135733127593994,34.35280227661133,611.1500244140625,6040.89013671875,13456.490234375,3774.8798828125
2020-01-15,0.8545200228691101,1.113089919090271,34.293819427490234,611.5599975585938,6032.60986328125,13432.2998046875,3768.9599609375
2020-01-16,0.8550999760627747,1.1154004335403442,34.46233367919922,612.0599975585938,6039.02978515625,13429.4296875,3774.139892578125
2020-01-17,0.8514000177383423,1.1139578819274902,34.61400604248047,615.5700073242188,6100.72021484375,13526.1298828125,3808.260009765625
2020-01-20,0.8529000282287598,1.1094592809677124,34.61400604248047,614.22998046875,6078.5400390625,13548.9404296875,3799.030029296875
2020-01-21,0.8532000184059143,1.109693169593811,34.26853942871094,611.8900146484375,6045.990234375,13555.8701171875,3789.1201171875
2020-01-22,0.8496900200843811,1.108561396598816,34.142147064208984,611.5599975585938,6010.97998046875,13515.75,3769.7900390625
2020-01-23,0.8440999984741211,1.1096439361572266,34.041046142578125,605.6199951171875,5971.7900390625,13388.419921875,3736.85009765625
2020-01-24,0.8425899744033813,1.1055220365524292,33.982059478759766,614.239990234375,6024.259765625,13576.6796875,3779.159912109375
2020-01-27,0.8440200090408325,1.1025358438491821,33.15629577636719,598.6900024414062,5863.02001953125,13204.76953125,3677.840087890625
2020-01-28,0.8437100052833557,1.101976990699768,33.52705001831055,602.9600219726562,5925.81982421875,13323.6904296875,3719.219970703125
2020-01-29,0.8462399840354919,1.1022562980651855,33.57761001586914,605.219970703125,5954.89013671875,13345.0,3736.360107421875
2020-01-30,0.8457499742507935,1.1016855239868164,33.54390335083008,598.9500122070312,5871.77001953125,13157.1201171875,3690.780029296875
2020-01-31,0.8427299857139587,1.1029127836227417,32.94565963745117,589.5,5806.33984375,12981.9697265625,3640.909912109375
2020-02-03,0.8412500023841858,1.1089794635772705,33.08890151977539,592.3599853515625,5832.509765625,13045.1904296875,3661.27001953125
2020-02-04,0.8508999943733215,1.1062926054000854,33.661869049072266,605.4000244140625,5935.0498046875,13281.740234375,3732.280029296875
2020-02-05,0.8475800156593323,1.1047282218933105,34.02418518066406,613.4099731445312,5985.39990234375,13478.330078125,3777.840087890625
2020-02-06,0.8464000225067139,1.1002310514450073,34.20954513549805,618.75,6038.18017578125,13574.8203125,3805.52001953125
2020-02-07,0.8492000102996826,1.0982975959777832,33.9736213684082,616.4600219726562,6029.75,13513.8095703125,3798.489990234375
2020-02-10,0.8493099808692932,1.0949305295944214,34.02418518066406,617.0999755859375,6015.669921875,13494.0302734375,3793.179931640625
2020-02-11,0.8446599841117859,1.0913456678390503,34.18427276611328,623.8499755859375,6054.759765625,13627.83984375,3825.840087890625
2020-02-12,0.8426799774169922,1.091941475868225,34.36965560913086,629.030029296875,6104.72998046875,13749.7802734375,3854.429931640625
2020-02-13,0.8392900228500366,1.0875948667526245,34.11686706542969,629.1400146484375,6093.14013671875,13745.4296875,3846.739990234375
2020-02-14,0.8309000134468079,1.0845986604690552,34.11686706542969,629.22998046875,6069.35009765625,13744.2099609375,3840.969970703125
2020-02-17,0.8305000066757202,1.0841753482818604,34.11686706542969,629.1699829101562,6085.9501953125,13783.8896484375,3853.27001953125
2020-02-18,0.8331300020217896,1.0840108394622803,33.96521759033203,625.4299926757812,6056.81982421875,13681.1904296875,3836.5400390625
2020-02-19,0.830299973487854,1.079540491104126,34.142147064208984,628.760009765625,6111.240234375,13789.0,3865.179931640625
2020-02-20,0.8363000154495239,1.081009864807129,33.9399299621582,622.1199951171875,6062.2998046875,13664.0,3822.97998046875
2020-02-21,0.8373900055885315,1.078799843788147,33.72084045410156,617.3300170898438,6029.72021484375,13579.330078125,3800.3798828125
2020-02-24,0.836679995059967,1.0839051008224487,32.263153076171875,593.2999877929688,5791.8701171875,13035.240234375,3647.97998046875
2020-02-25,0.8391000032424927,1.0849199295043945,31.437395095825195,582.7100219726562,5679.68017578125,12790.490234375,3572.510009765625
2020-02-26,0.8366199731826782,1.0881996154785156,31.445833206176758,581.780029296875,5684.5498046875,12774.8798828125,3577.679931640625
2020-02-27,0.8433200120925903,1.0885894298553467,30.55267333984375,559.97998046875,5495.60009765625,12367.4599609375,3455.919921875
2020-02-28,0.8531500101089478,1.0997228622436523,30.30830955505371,539.3800048828125,5309.89990234375,11890.349609375,3329.489990234375
2020-03-02,0.8628399968147278,1.1051311492919922,30.965545654296875,542.1699829101562,5333.52001953125,11857.8701171875,3338.830078125
2020-03-03,0.8727499842643738,1.1144047975540161,30.54424476623535,550.219970703125,5393.169921875,11985.3896484375,3371.969970703125
2020-03-04,0.8716999888420105,1.118067979812622,31.65648078918457,557.72998046875,5464.89013671875,12127.6904296875,3420.56005859375
2020-03-05,0.8652700185775757,1.113908290863037,30.58637046813965,552.5399780273438,5361.10009765625,11944.7197265625,3363.580078125
2020-03-06,0.8666200041770935,1.1223849058151245,30.0302677154541,531.2899780273438,5139.10986328125,11541.8701171875,3232.070068359375
2020-03-09,0.869159996509552,1.1386020183563232,27.224401473999023,490.6600036621094,4707.91015625,10625.01953125,2959.070068359375
2020-03-10,0.871749997138977,1.1397960186004639,28.083850860595703,484.70001220703125,4636.60986328125,10475.490234375,2910.02001953125
2020-03-11,0.8766599893569946,1.1316505670547485,26.56717872619629,484.1600036621094,4610.25,10438.6796875,2905.56005859375
2020-03-12,0.8784499764442444,1.1261515617370605,23.25575828552246,432.1000061035156,4044.260009765625,9161.1298828125,2545.22998046875
2020-03-13,0.8897299766540527,1.1184931993484497,24.69659996032715,432.8500061035156,4118.35986328125,9232.080078125,2586.02001953125
2020-03-16,0.8993200063705444,1.115536093711853,21.86547088623047,416.7699890136719,3881.4599609375,8742.25,2450.3701171875
2020-03-17,0.9099000096321106,1.1163206100463867,22.994550704956055,424.260009765625,3991.780029296875,8939.099609375,2530.5
2020-03-18,0.9086099863052368,1.101552128791809,21.225093841552734,404.1000061035156,3754.840087890625,8441.7099609375,2385.820068359375
2020-03-19,0.9424999952316284,1.0961546897888184,21.536855697631836,422.75,3855.5,8610.4296875,2454.080078125
2020-03-20,0.9269700050354004,1.0657345056533813,21.5958309173584,431.9800109863281,4048.800048828125,8928.9501953125,2548.5
2020-03-23,0.919920027256012,1.0694386959075928,21.8478946685791,423.7200012207031,3914.31005859375,8741.150390625,2485.5400390625
2020-03-24,0.9282600283622742,1.0764610767364502,23.903270721435547,461.7300109863281,4242.7001953125,9700.5703125,2715.110107421875
2020-03-25,0.916159987449646,1.080263614654541,24.791391372680664,475.3999938964844,4432.2998046875,9874.259765625,2800.139892578125
2020-03-26,0.9187600016593933,1.0889569520950317,25.831769943237305,482.989990234375,4543.580078125,10000.9599609375,2847.780029296875
2020-03-27,0.905460000038147,1.1048258543014526,24.80831527709961,464.92999267578125,4351.490234375,9632.51953125,2728.64990234375
2020-03-30,0.8943600058555603,1.113908290863037,25.21431541442871,475.9800109863281,4378.509765625,9815.9697265625,2765.6201171875
2020-03-31,0.8914200067520142,1.1030466556549072,24.960559844970703,483.44000244140625,4396.1201171875,9935.83984375,2786.89990234375
2020-04-01,0.8886100053787231,1.102657437324524,23.691810607910156,471.29998779296875,4207.240234375,9544.75,2680.300048828125
2020-04-02,0.8845000267028809,1.0953621864318848,24.038602828979492,478.2799987792969,4220.9599609375,9570.8203125,2688.489990234375
2020-04-03,0.875029981136322,1.0847399234771729,23.632604598999023,471.4599914550781,4154.580078125,9525.76953125,2662.989990234375
2020-04-06,0.8842700123786926,1.0806955099105835,25.07052230834961,489.82000732421875,4346.14013671875,10075.169921875,2795.969970703125
2020-04-07,0.8823599815368652,1.0803803205490112,25.20585060119629,499.8500061035156,4438.27001953125,10356.7001953125,2857.669921875
2020-04-08,0.8829200267791748,1.0895144939422607,25.49344253540039,500.7099914550781,4442.75,10332.8896484375,2851.27001953125
2020-04-09,0.8765000104904175,1.0863661766052246,26.136272430419922,508.0400085449219,4506.85009765625,10564.740234375,2892.7900390625
2020-04-10,0.8768699765205383,1.0927408933639526,26.136272430419922,508.0400085449219,4506.85009765625,10564.740234375,2892.7900390625
2020-04-13,0.8772500157356262,1.0932666063308716,25.82331657409668,508.0400085449219,4506.85009765625,10564.740234375,2892.7900390625
2020-04-14,0.871999979019165,1.0922993421554565,26.330810546875,507.739990234375,4523.91015625,10696.5595703125,2917.739990234375
2020-04-15,0.869949996471405,1.098538875579834,25.17201805114746,491.1300048828125,4353.72021484375,10279.759765625,2808.199951171875
2020-04-16,0.8708000183105469,1.0905101299285889,25.06205940246582,496.0799865722656,4350.16015625,10301.5400390625,2812.35009765625
2020-04-17,0.8695999979972839,1.0858471393585205,25.967105865478516,505.82000732421875,4499.009765625,10625.7802734375,2888.300048828125
2020-04-20,0.8701599836349487,1.0866966247558594,25.628768920898438,512.760009765625,4528.2998046875,10675.900390625,2909.5
2020-04-21,0.873199999332428,1.0864840745925903,24.977479934692383,495.760009765625,4357.4599609375,10249.849609375,2791.340087890625
2020-04-22,0.8826000094413757,1.0856467485427856,25.256603240966797,509.6199951171875,4411.7998046875,10415.0302734375,2834.89990234375
2020-04-23,0.8769000172615051,1.080964207649231,24.98594093322754,512.72998046875,4451.0,10513.7900390625,2852.4599609375
2020-04-24,0.8722000122070312,1.077702283859253,25.265064239501953,504.94000244140625,4393.31982421875,10336.08984375,2809.070068359375
2020-04-27,0.8749899864196777,1.08236825466156,25.76410675048828,512.1900024414062,4505.259765625,10659.990234375,2882.090087890625
2020-04-28,0.8713099956512451,1.0824854373931885,25.90789794921875,519.969970703125,4569.7900390625,10795.6298828125,2932.06005859375
2020-04-29,0.8711100220680237,1.0836584568023682,26.804481506347656,526.9600219726562,4671.10986328125,11107.740234375,2996.080078125
2020-04-30,0.8720800280570984,1.087725043296814,26.280061721801758,512.9199829101562,4572.18017578125,10861.6396484375,2927.929931640625
2020-05-01,0.8698700070381165,1.094546914100647,25.696441650390625,512.9199829101562,4572.18017578125,10861.6396484375,2927.929931640625
2020-05-04,0.8799300193786621,1.0959625244140625,25.57802391052246,496.30999755859375,4378.22998046875,10466.7998046875,2816.47998046875
2020-05-05,0.8760600090026855,1.0904293060302734,25.52727508544922,509.8299865722656,4483.1298828125,10729.4599609375,2875.909912109375
2020-05-06,0.8710100054740906,1.0838581323623657,25.18048095703125,505.54998779296875,4433.3798828125,10606.2001953125,2843.760009765625
2020-05-07,0.8760200142860413,1.0798553228378296,25.637229919433594,516.260009765625,4501.43994140625,10759.26953125,2880.60009765625
2020-05-08,0.8755900263786316,1.0837171077728271,26.068607330322266,520.5700073242188,4549.64013671875,10904.48046875,2908.110107421875
2020-05-11,0.8727999925613403,1.0839520692825317,25.90789794921875,520.3300170898438,4490.22021484375,10824.990234375,2883.75
2020-05-12,0.8766000270843506,1.080940842628479,25.52727508544922,520.4400024414062,4472.5,10819.5,2884.199951171875
2020-05-13,0.8851400017738342,1.0846810340881348,25.053604125976562,512.1900024414062,4344.9501953125,10542.66015625,2810.550048828125
2020-05-14,0.8839700222015381,1.08236825466156,24.89289665222168,499.0299987792969,4273.1298828125,10337.01953125,2760.22998046875
2020-05-15,0.883400022983551,1.0806955099105835,24.952106475830078,500.30999755859375,4277.6298828125,10465.169921875,2770.699951171875
2020-05-18,0.8951500058174133,1.0821340084075928,26.36465072631836,519.8900146484375,4498.33984375,11058.8701171875,2911.8798828125
2020-05-19,0.8946099877357483,1.0915124416351318,26.000940322875977,520.4500122070312,4458.16015625,11075.2900390625,2902.580078125
2020-05-20,0.891480028629303,1.0927767753601074,26.669147491455078,531.0599975585938,4496.97998046875,11223.7099609375,2942.389892578125
2020-05-21,0.8970999717712402,1.0982975959777832,26.415395736694336,522.8099975585938,4445.4501953125,11065.9296875,2942.389892578125
2020-05-22,0.8957700133323669,1.0952903032302856,26.37310791015625,524.3800048828125,4444.56005859375,11073.8701171875,2905.469970703125
2020-05-25,0.895110011100769,1.0907801389694214,26.37310791015625,532.8200073242188,4539.91015625,11391.2802734375,2971.35009765625
2020-05-26,0.8933799862861633,1.0902997255325317,27.14281463623047,531.2999877929688,4606.240234375,11504.650390625,2999.219970703125
2020-05-27,0.8901000022888184,1.0981770753860474,27.878690719604492,528.9600219726562,4688.740234375,11657.6904296875,3051.080078125
2020-05-28,0.8981900215148926,1.1016855239868164,28.140905380249023,538.6199951171875,4771.39013671875,11781.1298828125,3094.469970703125
2020-05-29,0.8991100192070007,1.1079105138778687,28.217025756835938,532.5700073242188,4695.43994140625,11586.849609375,3050.199951171875
2020-06-01,0.9003700017929077,1.1118524074554443,28.78373146057129,539.5399780273438,4762.77978515625,11586.849609375,3050.199951171875
2020-06-02,0.8909500241279602,1.1125946044921875,29.333528518676758,546.1199951171875,4858.97021484375,12021.2802734375,3159.02001953125
2020-06-03,0.8890500068664551,1.118943691253662,30.50078010559082,561.2999877929688,5022.3798828125,12487.3603515625,3269.590087890625
2020-06-04,0.8933600187301636,1.1235954761505127,30.551530838012695,559.1300048828125,5011.97998046875,12430.5595703125,3261.669921875
2020-06-05,0.8989899754524231,1.1337867975234985,31.456562042236328,572.7999877929688,5197.7900390625,12847.6796875,3384.2900390625
2020-06-08,0.8894400000572205,1.1319515705108643,31.811824798583984,566.2000122070312,5175.52001953125,12819.58984375,3366.2900390625
2020-06-09,0.8876799941062927,1.1305567026138306,31.194360733032227,561.75,5095.10986328125,12617.990234375,3320.7099609375
2020-06-10,0.891480028629303,1.1332215070724487,31.008277893066406,559.280029296875,5053.419921875,12530.16015625,3293.7099609375
2020-06-11,0.8941400051116943,1.1365444660186768,29.03748321533203,540.260009765625,4815.60009765625,11970.2900390625,3144.570068359375
2020-06-12,0.8977000117301941,1.1288082599639893,29.544981002807617,545.1599731445312,4839.259765625,11949.2802734375,3153.739990234375
2020-06-15,0.8994500041007996,1.1252011060714722,29.82411003112793,541.9199829101562,4815.72021484375,11911.349609375,3136.39990234375
2020-06-16,0.8970000147819519,1.1337740421295166,30.23011016845703,560.010009765625,4952.4599609375,12315.66015625,3242.64990234375
2020-06-17,0.895110011100769,1.1265701055526733,30.3485164642334,566.47998046875,4995.97021484375,12382.1396484375,3267.260009765625
2020-06-18,0.895579993724823,1.1242902278900146,30.196279525756836,562.6099853515625,4958.75,12281.5302734375,3249.89990234375
2020-06-19,0.9018999934196472,1.1211000680923462,30.001737594604492,567.8300170898438,4979.4501953125,12330.759765625,3269.10009765625
2020-06-22,0.9051399827003479,1.1177555322647095,30.466508865356445,565.0700073242188,4948.7001953125,12262.9697265625,3241.68994140625
2020-06-23,0.902209997177124,1.1279679536819458,30.799707412719727,574.1900024414062,5017.68017578125,12523.759765625,3298.830078125
2020-06-24,0.9031400084495544,1.1312345266342163,29.936805725097656,557.3300170898438,4871.35986328125,12093.9404296875,3196.1201171875
2020-06-25,0.9062899947166443,1.1250872611999512,30.398164749145508,560.4099731445312,4918.580078125,12177.8701171875,3218.909912109375
2020-06-26,0.9029399752616882,1.1222084760665894,29.851364135742188,559.8200073242188,4909.64013671875,12089.3896484375,3204.169921875
2020-06-29,0.9093000292778015,1.1225864887237549,30.312715530395508,560.1599731445312,4945.4599609375,12232.1201171875,3232.02001953125
2020-06-30,0.9135599732398987,1.1247202157974243,30.35544204711914,559.72998046875,4935.990234375,12310.9296875,3234.070068359375
2020-07-01,0.9065999984741211,1.1235954761505127,30.36398696899414,562.6699829101562,4926.93994140625,12260.5703125,3228.449951171875
2020-07-02,0.9025999903678894,1.1251378059387207,30.91931915283203,570.75,5049.3798828125,12608.4599609375,3320.090087890625
2020-07-03,0.901390016078949,1.1237848997116089,30.91931915283203,568.6300048828125,5007.14013671875,12528.1796875,3294.3798828125
2020-07-06,0.9014899730682373,1.1247202157974243,31.551544189453125,578.52001953125,5081.509765625,12733.4501953125,3350.030029296875
2020-07-07,0.9052900075912476,1.1312856674194336,30.996212005615234,575.52001953125,5043.72998046875,12616.7998046875,3321.56005859375
2020-07-08,0.8988999724388123,1.1275228261947632,31.278141021728516,572.1799926757812,4981.1298828125,12494.8095703125,3286.090087890625
2020-07-09,0.8987799882888794,1.1339154243469238,30.842424392700195,567.3800048828125,4921.009765625,12489.4599609375,3261.169921875
2020-07-10,0.8954300284385681,1.1287955045700073,31.209794998168945,570.52001953125,4970.47998046875,12633.7099609375,3296.219970703125
2020-07-13,0.8956000208854675,1.1310042142868042,31.158538818359375,578.8499755859375,5056.22998046875,12799.9697265625,3350.0
2020-07-14,0.9038199782371521,1.134549617767334,31.696788787841797,572.510009765625,5007.4599609375,12697.3603515625,3321.389892578125
2020-07-15,0.9077699780464172,1.1410704851150513,32.12397003173828,577.5599975585938,5108.97998046875,12930.98046875,3378.2099609375
2020-07-16,0.9066900014877319,1.1417193412780762,32.02998733520508,573.9400024414062,5085.27978515625,12874.9697265625,3365.35009765625
2020-07-17,0.9067000150680542,1.139211654663086,32.17522048950195,573.7999877929688,5069.419921875,12919.6103515625,3365.60009765625
2020-07-20,0.9101499915122986,1.1442956924438477,32.40589904785156,579.1400146484375,5093.18017578125,13046.919921875,3388.340087890625
2020-07-21,0.9047999978065491,1.1458691358566284,32.53406524658203,581.2899780273438,5104.27978515625,13171.830078125,3405.35009765625
2020-07-22,0.9059500098228455,1.15340256690979,32.64512252807617,572.9000244140625,5037.1201171875,13104.25,3370.760009765625
2020-07-23,0.9085100293159485,1.1568717956542969,32.32048416137695,576.6699829101562,5033.759765625,13103.3896484375,3371.739990234375
2020-07-24,0.9108099937438965,1.1596084833145142,32.08124923706055,563.9500122070312,4956.43017578125,12838.0595703125,3310.889892578125
2020-07-27,0.910610020160675,1.1652567386627197,32.4144401550293,564.3699951171875,4939.6201171875,12838.66015625,3302.840087890625
2020-07-28,0.9130300283432007,1.1769275665283203,32.183773040771484,566.3300170898438,4928.93994140625,12835.2802734375,3303.56005859375
2020-07-29,0.9066799879074097,1.171879529953003,32.55970001220703,564.1099853515625,4958.740234375,12822.259765625,3300.159912109375
2020-07-30,0.9075700044631958,1.1782865524291992,31.936010360717773,549.2000122070312,4852.93994140625,12379.650390625,3208.199951171875
2020-07-31,0.904990017414093,1.1872254610061646,31.226886749267578,545.2899780273438,4783.68994140625,12313.3603515625,3174.320068359375
2020-08-03,0.8992300033569336,1.1782310009002686,31.88475227355957,557.72998046875,4875.93017578125,12646.98046875,3248.280029296875
2020-08-04,0.8992999792098999,1.1763322353363037,32.05561065673828,557.9400024414062,4889.52001953125,12600.8701171875,3254.2900390625
2020-08-05,0.9028400182723999,1.181544303894043,32.23502731323242,563.0499877929688,4933.33984375,12660.25,3268.3798828125
2020-08-06,0.904420018196106,1.187281847000122,32.269203186035156,558.4600219726562,4885.1298828125,12591.6796875,3240.389892578125
2020-08-07,0.9037500023841858,1.1876484155654907,32.09833908081055,559.5700073242188,4889.52001953125,12674.8798828125,3252.64990234375
2020-08-10,0.9026399850845337,1.1782727241516113,32.08124923706055,557.0800170898438,4909.509765625,12687.5302734375,3259.7099609375
2020-08-11,0.8975399732589722,1.1737778186798096,32.31193161010742,565.5599975585938,5027.990234375,12946.8896484375,3332.1201171875
2020-08-12,0.8992499709129333,1.1736538410186768,33.089393615722656,575.0599975585938,5073.31005859375,13058.6298828125,3363.179931640625
2020-08-13,0.9039300084114075,1.179380178451538,32.84162902832031,569.9500122070312,5042.3798828125,12993.7099609375,3342.85009765625
2020-08-14,0.9039999842643738,1.1816558837890625,32.568233489990234,560.8400268554688,4962.93017578125,12901.33984375,3305.050048828125
2020-08-17,0.9043999910354614,1.1852554082870483,32.73910903930664,562.9400024414062,4971.93994140625,12920.66015625,3305.85009765625
2020-08-18,0.9059000015258789,1.1876484155654907,32.6878547668457,559.4400024414062,4938.06005859375,12881.759765625,3289.639892578125
2020-08-19,0.9014000296592712,1.1947859525680542,32.64512252807617,560.22998046875,4977.22998046875,12977.330078125,3317.6201171875
2020-08-20,0.9034000039100647,1.1843500137329102,32.45716094970703,552.4400024414062,4911.240234375,12830.0,3273.97998046875
2020-08-21,0.8977000117301941,1.1873664855957031,32.12397003173828,551.3699951171875,4896.330078125,12764.7998046875,3259.75
2020-08-24,0.9009600281715393,1.1798018217086792,32.764732360839844,560.989990234375,5007.89013671875,13066.5400390625,3331.739990234375
2020-08-25,0.902239978313446,1.1794538497924805,32.92707443237305,559.8099975585938,5008.27001953125,13061.6201171875,3329.7099609375
2020-08-26,0.8998000025749207,1.183501958847046,33.19191360473633,566.22998046875,5048.43017578125,13190.150390625,3356.760009765625
2020-08-27,0.8955000042915344,1.1842728853225708,32.74764633178711,562.4099731445312,5015.97021484375,13096.3603515625,3331.0400390625
2020-08-28,0.8950999975204468,1.1819632053375244,32.995418548583984,556.7999877929688,5002.93994140625,13033.2001953125,3315.5400390625
2020-08-31,0.8922899961471558,1.1918240785598755,32.55113983154297,549.2000122070312,4947.22021484375,12945.3798828125,3272.510009765625
2020-09-01,0.8932899832725525,1.193901538848877,32.5853157043457,552.219970703125,4938.10009765625,12974.25,3277.580078125
2020-09-02,0.889769971370697,1.1923214197158813,33.24317932128906,561.27001953125,5031.740234375,13243.4296875,3337.77001953125
2020-09-03,0.8873400092124939,1.184735894203186,32.474246978759766,549.5999755859375,5009.52001953125,13057.76953125,3304.219970703125
2020-09-04,0.8926500082015991,1.1839784383773804,32.5084342956543,540.27001953125,4965.06982421875,12842.66015625,3260.590087890625
2020-09-07,0.8933799862861633,1.183445930480957,32.5084342956543,547.1400146484375,5053.72021484375,13100.2802734375,3314.070068359375
2020-09-08,0.8979600071907043,1.1821727752685547,31.936010360717773,540.7899780273438,4973.52001953125,12968.330078125,3267.3701171875
2020-09-09,0.9074000120162964,1.177024483680725,32.773277282714844,552.0499877929688,5042.97998046875,13237.2099609375,3324.830078125
2020-09-10,0.9080100059509277,1.1806375980377197,32.37173843383789,550.5,5023.93017578125,13208.8896484375,3312.77001953125
2020-09-11,0.9231500029563904,1.1824384927749634,32.66221237182617,552.010009765625,5034.14013671875,13202.83984375,3315.81005859375
2020-09-14,0.9244800209999084,1.1842728853225708,32.71347427368164,552.4400024414062,5051.8798828125,13193.66015625,3316.7900390625
2020-09-15,0.9235600233078003,1.187000036239624,32.901432037353516,555.9500122070312,5067.93017578125,13217.669921875,3332.260009765625
2020-09-16,0.919189989566803,1.1844412088394165,32.67930221557617,558.4299926757812,5074.419921875,13255.3701171875,3338.840087890625
2020-09-17,0.9107199907302856,1.1803449392318726,32.78182601928711,552.47998046875,5039.5,13208.1201171875,3316.570068359375
2020-09-18,0.913100004196167,1.1848200559616089,32.42299270629883,550.8499755859375,4978.18017578125,13116.25,3283.68994140625
2020-09-21,0.915880024433136,1.1845533847808838,31.25882911682129,536.010009765625,4792.0400390625,12542.4404296875,3160.949951171875
2020-09-22,0.9175999760627747,1.176800012588501,31.15580940246582,540.780029296875,4772.83984375,12594.3896484375,3164.1298828125
2020-09-23,0.9186000227928162,1.1708368062973022,30.666452407836914,545.6799926757812,4802.259765625,12642.9697265625,3180.110107421875
2020-09-24,0.9162999987602234,1.1658544540405273,30.778057098388672,541.1099853515625,4762.6201171875,12606.5703125,3159.639892578125
2020-09-25,0.9150500297546387,1.1673243045806885,30.700796127319336,540.9099731445312,4729.66015625,12469.2001953125,3137.06005859375
2020-09-28,0.9113699793815613,1.1635348796844482,31.370441436767578,551.6699829101562,4843.27001953125,12870.8701171875,3223.18994140625
2020-09-29,0.9071400165557861,1.167883276939392,31.43053436279297,548.9199829101562,4832.06982421875,12825.8203125,3214.300048828125
2020-09-30,0.9126399755477905,1.1742050647735596,31.207317352294922,547.7000122070312,4803.43994140625,12760.73046875,3193.610107421875
2020-10-01,0.9071900248527527,1.1726078987121582,31.327524185180664,550.5399780273438,4824.0400390625,12730.76953125,3194.090087890625
2020-10-02,0.9113699793815613,1.1744946241378784,31.233076095581055,553.1199951171875,4824.8798828125,12689.0400390625,3190.929931640625
2020-10-05,0.9063100218772888,1.1720443964004517,31.81687355041504,557.9199829101562,4871.8701171875,12828.3095703125,3220.219970703125
2020-10-06,0.9074000120162964,1.1792453527450562,31.42194366455078,555.3800048828125,4895.4599609375,12906.01953125,3233.300048828125
2020-10-07,0.9109200239181519,1.1737639904022217,31.74818229675293,554.5999755859375,4882.0,12928.5703125,3233.429931640625
2020-10-08,0.9108999967575073,1.176747441291809,32.00574493408203,559.9400024414062,4911.93994140625,13042.2099609375,3255.760009765625
2020-10-09,0.909250020980835,1.1767003536224365,32.2890625,567.1699829101562,4946.81005859375,13051.23046875,3273.1201171875
2020-10-12,0.9067000150680542,1.181683897972107,32.52944564819336,572.3099975585938,4979.2900390625,13138.41015625,3298.1201171875
2020-10-13,0.9041299819946289,1.1816140413284302,32.06583786010742,572.469970703125,4947.60986328125,13018.990234375,3279.18994140625
2020-10-14,0.9076200127601624,1.1742188930511475,31.902732849121094,571.97998046875,4941.66015625,13028.0595703125,3273.280029296875
2020-10-15,0.902459979057312,1.1743981838226318,31.370441436767578,560.469970703125,4837.419921875,12703.75,3192.68994140625
2020-10-16,0.9073299765586853,1.1707134246826172,31.696680068969727,568.1799926757812,4935.85986328125,12908.990234375,3245.469970703125
2020-10-19,0.9061800241470337,1.1715501546859741,31.5335693359375,565.25,4942.6201171875,12854.66015625,3242.510009765625
2020-10-20,0.9087899923324585,1.176885962486267,31.78253173828125,564.0,4929.27978515625,12736.9501953125,3227.8701171875
2020-10-21,0.9131699800491333,1.1829839944839478,31.370441436767578,557.4000244140625,4853.9501953125,12557.6396484375,3180.699951171875
2020-10-22,0.9025800228118896,1.1853959560394287,31.353271484375,554.2000122070312,4851.3798828125,12543.0595703125,3171.409912109375
2020-10-23,0.9033700227737427,1.1815024614334106,31.688095092773438,554.3400268554688,4909.64013671875,12645.75,3198.860107421875
2020-10-26,0.9075999855995178,1.1848480701446533,30.640695571899414,545.9500122070312,4816.1201171875,12177.1796875,3105.25
2020-10-27,0.9072499871253967,1.1809443235397339,30.108413696289062,545.6500244140625,4730.66015625,12063.5703125,3070.60009765625
2020-10-28,0.9040899872779846,1.1784114837646484,28.854976654052734,534.0900268554688,4571.1201171875,11560.509765625,2963.5400390625
2020-10-29,0.90420001745224,1.1748672723770142,28.93223762512207,534.4299926757812,4569.669921875,11598.0703125,2960.030029296875
2020-10-30,0.9030500054359436,1.1678695678710938,28.837800979614258,533.8800048828125,4594.240234375,11556.48046875,2958.2099609375
2020-11-02,0.9005699753761292,1.1642121076583862,29.37007713317871,543.9099731445312,4691.14013671875,11788.2802734375,3019.5400390625
2020-11-03,0.900600016117096,1.1642799377441406,30.33163070678711,554.47998046875,4805.60986328125,12088.98046875,3098.719970703125
2020-11-04,0.8963000178337097,1.176221489906311,30.70937728881836,565.260009765625,4922.85009765625,12324.2197265625,3161.070068359375
2020-11-05,0.9047300219535828,1.17326819896698,31.62799644470215,571.5999755859375,4983.990234375,12568.08984375,3215.56005859375
2020-11-06,0.8993499875068665,1.1817537546157837,31.722444534301758,572.9000244140625,4960.8798828125,12480.01953125,3204.050048828125
2020-11-09,0.9022499918937683,1.1893010139465332,33.31070327758789,593.9299926757812,5336.31982421875,13095.9697265625,3407.909912109375
2020-11-10,0.8978300094604492,1.182732105255127,33.92025375366211,591.8699951171875,5418.97021484375,13163.1103515625,3442.6201171875
2020-11-11,0.8911600112915039,1.1818794012069702,34.100547790527344,599.2100219726562,5445.2099609375,13216.1796875,3467.300048828125
2020-11-12,0.8907300233840942,1.1780297756195068,33.53392791748047,600.0499877929688,5362.56982421875,13052.9501953125,3428.199951171875
2020-11-13,0.8998000025749207,1.1803393363952637,34.0318717956543,596.8699951171875,5380.16015625,13076.7197265625,3432.070068359375
2020-11-16,0.8959199786186218,1.1845253705978394,34.30658721923828,601.6699829101562,5471.47998046875,13138.6103515625,3466.2099609375
2020-11-17,0.8967999815940857,1.1859441995620728,34.36669158935547,600.9400024414062,5483.0,13133.4697265625,3468.47998046875
2020-11-18,0.8949000239372253,1.186366319656372,34.152061462402344,600.8800048828125,5511.4501953125,13201.8896484375,3482.169921875
2020-11-19,0.8936600089073181,1.1847639083862305,34.3409309387207,596.010009765625,5474.66015625,13086.16015625,3451.969970703125
2020-11-20,0.8956000208854675,1.1866477727890015,34.298011779785156,601.6199951171875,5495.89013671875,13137.25,3467.60009765625
2020-11-23,0.8918099999427795,1.1866477727890015,34.33235168457031,601.3699951171875,5492.14990234375,13126.9697265625,3463.0400390625
2020-11-24,0.8884900212287903,1.1842728853225708,34.87322235107422,607.4600219726562,5558.419921875,13292.4404296875,3507.97998046875
2020-11-25,0.8903099894523621,1.1900511980056763,34.93331527709961,606.3900146484375,5571.2900390625,13289.7998046875,3511.89990234375
2020-11-26,0.8901000022888184,1.1920002698898315,34.93331527709961,607.3900146484375,5566.7900390625,13286.5703125,3510.93994140625
2020-11-27,0.8920000195503235,1.191599726676941,35.19087219238281,611.6699829101562,5598.18017578125,13335.6796875,3527.7900390625
2020-11-30,0.8978899717330933,1.1971460580825806,34.62424850463867,606.02001953125,5518.5498046875,13291.16015625,3492.5400390625
2020-12-01,0.8950499892234802,1.193816065788269,35.49993896484375,611.4099731445312,5581.64013671875,13382.2998046875,3525.239990234375
2020-12-02,0.8993099927902222,1.2074378728866577,35.517112731933594,610.9400024414062,5583.009765625,13313.240234375,3521.320068359375
2020-12-03,0.9060199856758118,1.2114603519439697,35.491355895996094,610.47998046875,5574.35986328125,13252.8603515625,3517.10009765625
2020-12-04,0.9026600122451782,1.2145650386810303,35.817596435546875,615.6699829101562,5609.14990234375,13298.9599609375,3539.27001953125
2020-12-07,0.9033499956130981,1.212135910987854,35.62013626098633,616.2000122070312,5573.3798828125,13271.0,3530.080078125
2020-12-08,0.9068199992179871,1.2113136053085327,35.6973991394043,616.5900268554688,5560.669921875,13278.490234375,3525.8701171875
2020-12-09,0.9057999849319458,1.2110936641693115,35.56003189086914,619.719970703125,5546.81982421875,13340.259765625,3529.02001953125
2020-12-10,0.9035500288009644,1.207875370979309,35.62013626098633,618.0999755859375,5549.64990234375,13295.73046875,3522.31005859375
2020-12-11,0.9126600027084351,1.2144293785095215,35.345401763916016,614.4600219726562,5507.5498046875,13114.2998046875,3485.840087890625
2020-12-14,0.9109799861907959,1.213340401649475,35.388328552246094,612.8800048828125,5527.83984375,13223.16015625,3503.9599609375
2020-12-15,0.9113399982452393,1.214889645576477,35.894866943359375,617.3400268554688,5530.31005859375,13362.8701171875,3521.5
2020-12-16,0.9039499759674072,1.2154301404953003,36.04939651489258,621.8599853515625,5547.68017578125,13565.98046875,3543.0
2020-12-17,0.9031500220298767,1.2199585437774658,36.40139389038086,624.75,5549.4599609375,13667.25,3560.8701171875
2020-12-18,0.9035900235176086,1.226271629333496,36.14382553100586,625.25,5527.83984375,13630.509765625,3545.739990234375
2020-12-21,0.9114800095558167,1.221612811088562,35.522003173828125,609.3900146484375,5393.33984375,13246.2998046875,3448.679931640625
2020-12-22,0.9099000096321106,1.2236906290054321,35.496097564697266,617.5,5466.85986328125,13418.1103515625,3497.489990234375
2020-12-23,0.9093599915504456,1.2186651229858398,36.005645751953125,622.4199829101562,5527.58984375,13587.23046875,3539.260009765625
2020-12-24,0.9026700258255005,1.2191405296325684,36.117919921875,626.3699951171875,5522.009765625,13587.23046875,3539.260009765625
2020-12-25,0.8974300026893616,1.2184720039367676,36.117919921875,626.3699951171875,5522.009765625,13587.23046875,3539.260009765625
2020-12-28,0.8992000222206116,1.2205095291137695,36.368385314941406,627.5900268554688,5588.3798828125,13790.2900390625,3575.409912109375
2020-12-29,0.907260000705719,1.2223445177078247,36.428836822509766,629.1400146484375,5611.7900390625,13761.3798828125,3581.3701171875
2020-12-30,0.9075899720191956,1.225295066833496,36.44611740112305,628.0599975585938,5599.41015625,13718.7802734375,3571.590087890625
2020-12-31,0.9023600220680237,1.2299896478652954,36.03155517578125,624.6099853515625,5551.41015625,13718.7802734375,3571.590087890625
2021-01-01,0.8849200010299683,1.218026876449585,36.03155517578125,624.6099853515625,5551.41015625,13718.7802734375,3571.590087890625
2021-01-04,0.8951699733734131,1.2250697612762451,36.29928970336914,631.030029296875,5588.9599609375,13726.740234375,3564.389892578125
2021-01-05,0.9025999903678894,1.2251598834991455,36.532474517822266,633.6199951171875,5564.60009765625,13651.2197265625,3547.85009765625
2021-01-06,0.9024099707603455,1.230027437210083,37.1197509765625,639.1599731445312,5630.60009765625,13891.9697265625,3611.080078125
2021-01-07,0.9055799841880798,1.2341108322143555,37.13702392578125,637.4099731445312,5669.85009765625,13968.240234375,3622.419921875
2021-01-08,0.9041600227355957,1.227144479751587,37.309757232666016,645.5999755859375,5706.8798828125,14049.5302734375,3645.050048828125
2021-01-11,0.9015300273895264,1.2186205387115479,36.739749908447266,642.4199829101562,5662.43017578125,13936.66015625,3620.6201171875
2021-01-12,0.8991000056266785,1.2160701751708984,36.80020523071289,643.5800170898438,5650.97021484375,13925.0595703125,3612.1298828125
2021-01-13,0.8930799961090088,1.2208894491195679,36.72248077392578,644.3800048828125,5662.669921875,13939.7099609375,3616.510009765625
2021-01-14,0.890999972820282,1.2162491083145142,36.955665588378906,656.6599731445312,5681.14013671875,13988.7001953125,3641.3701171875
2021-01-15,0.8879600167274475,1.2151259183883667,36.238826751708984,651.72998046875,5611.68994140625,13787.73046875,3599.550048828125
2021-01-18,0.8889200091362,1.2068113088607788,36.238826751708984,650.2999877929688,5617.27001953125,13848.349609375,3602.669921875
2021-01-19,0.889270007610321,1.207729458808899,36.52384567260742,651.280029296875,5598.60986328125,13815.0595703125,3595.419921875
2021-01-20,0.8895999789237976,1.2138868570327759,36.74838638305664,659.2999877929688,5628.43994140625,13921.3701171875,3624.0400390625
2021-01-21,0.8863499760627747,1.2115631103515625,36.83475875854492,663.8800048828125,5590.7900390625,13906.669921875,3618.35009765625
2021-01-22,0.8860099911689758,1.2166293859481812,36.61021041870117,660.530029296875,5559.56982421875,13873.9697265625,3602.409912109375
2021-01-25,0.8889399766921997,1.216944694519043,36.25611114501953,658.239990234375,5472.35986328125,13643.9501953125,3553.139892578125
2021-01-26,0.8880000114440918,1.214624047279358,36.567020416259766,658.5399780273438,5523.52001953125,13870.990234375,3592.830078125
2021-01-27,0.8850899934768677,1.216299295425415,35.547908782958984,647.9199829101562,5459.6201171875,13620.4599609375,3536.3798828125
2021-01-28,0.8853800296783447,1.2105072736740112,35.979732513427734,649.0,5510.52001953125,13665.9296875,3557.0400390625
2021-01-29,0.8830999732017517,1.2120037078857422,35.20246124267578,637.1099853515625,5399.2099609375,13432.8701171875,3481.43994140625
2021-02-01,0.8850399851799011,1.2123857736587524,35.68609619140625,647.3400268554688,5461.68017578125,13622.01953125,3530.85009765625
2021-02-02,0.8823300004005432,1.2068694829940796,36.221561431884766,652.8699951171875,5563.10986328125,13835.16015625,3590.4599609375
2021-02-03,0.8812299966812134,1.203905463218689,36.31656265258789,654.8900146484375,5563.0498046875,13933.6298828125,3609.75
2021-02-04,0.8823000192642212,1.2042388916015625,36.43747329711914,654.3800048828125,5608.5400390625,14060.2900390625,3642.1201171875
2021-02-05,0.8749499917030334,1.1966731548309326,36.80020523071289,653.239990234375,5659.259765625,14056.7197265625,3655.77001953125
2021-02-08,0.8769500255584717,1.2048773765563965,37.0161247253418,656.3900146484375,5686.02978515625,14059.91015625,3665.510009765625
2021-02-09,0.8767600059509277,1.2053595781326294,37.085208892822266,657.0700073242188,5691.5400390625,14011.7998046875,3661.1298828125
2021-02-10,0.8769099712371826,1.2119992971420288,36.89520263671875,657.22998046875,5670.7998046875,13932.9697265625,3648.3701171875
2021-02-11,0.8760700225830078,1.2121212482452393,37.214759826660156,664.3400268554688,5669.81982421875,14040.91015625,3671.679931640625
2021-02-12,0.8781700134277344,1.2131506204605103,37.456573486328125,676.8300170898438,5703.669921875,14049.8896484375,3695.610107421875
2021-02-15,0.8738800287246704,1.2122093439102173,37.456573486328125,685.1799926757812,5786.25,14109.48046875,3734.199951171875
2021-02-16,0.8719000220298767,1.2132196426391602,37.689762115478516,687.4299926757812,5786.52978515625,14064.599609375,3726.39990234375
2021-02-17,0.8705000281333923,1.2092483043670654,37.35295104980469,681.0399780273438,5765.83984375,13909.26953125,3699.85009765625
2021-02-18,0.8686699867248535,1.2048004865646362,37.30113220214844,672.8099975585938,5728.330078125,13886.9296875,3681.0400390625
2021-02-19,0.8656499981880188,1.209189772605896,37.50840759277344,678.47998046875,5773.5498046875,13993.23046875,3713.4599609375
2021-02-22,0.8641999959945679,1.2126356363296509,37.43930435180664,671.75,5767.43994140625,13950.0400390625,3699.85009765625
2021-02-23,0.864579975605011,1.2166796922683716,37.48249053955078,664.0599975585938,5779.83984375,13864.8095703125,3689.10009765625
2021-02-24,0.8607000112533569,1.215214490890503,37.767494201660156,664.5399780273438,5797.97998046875,13976.0,3705.989990234375
2021-02-25,0.8601999878883362,1.2171372175216675,37.050662994384766,664.47998046875,5783.89013671875,13879.330078125,3685.280029296875
2021-02-26,0.867900013923645,1.2160420417785645,36.68793487548828,651.260009765625,5703.22021484375,13786.2900390625,3636.43994140625
2021-03-01,0.8651700019836426,1.208956003189087,37.37885284423828,664.5800170898438,5792.7900390625,14012.8203125,3706.6201171875
2021-03-02,0.8647699952125549,1.2051095962524414,37.42204284667969,663.260009765625,5809.72998046875,14039.7998046875,3707.719970703125
2021-03-03,0.8659899830818176,1.208546757698059,37.19749450683594,663.3499755859375,5830.06005859375,14080.0302734375,3712.780029296875
2021-03-04,0.8652300238609314,1.2050660848617554,36.808841705322266,657.6699829101562,5830.64990234375,14056.33984375,3704.85009765625
2021-03-05,0.8613100051879883,1.1967735290527344,36.97294616699219,653.8699951171875,5782.64990234375,13920.6904296875,3669.5400390625
2021-03-08,0.8607900142669678,1.1925631761550903,37.16294479370117,665.6500244140625,5902.990234375,14380.91015625,3763.239990234375
2021-03-09,0.8573099970817566,1.185171127319336,37.689762115478516,675.0999755859375,5924.97021484375,14437.9404296875,3786.050048828125
2021-03-10,0.8565999865531921,1.1897906064987183,38.11296463012695,678.030029296875,5990.5498046875,14540.25,3819.919921875
2021-03-11,0.8557999730110168,1.1926058530807495,38.484336853027344,683.7100219726562,6033.759765625,14569.3896484375,3845.639892578125
2021-03-12,0.8565499782562256,1.1986095905303955,38.484336853027344,677.4099731445312,6046.5498046875,14502.3896484375,3833.360107421875
2021-03-15,0.8578199744224548,1.1950000524520874,38.31159973144531,678.7999877929688,6035.97021484375,14461.419921875,3829.840087890625
2021-03-16,0.8579999804496765,1.1925773620605469,38.25114822387695,683.6500244140625,6055.43017578125,14557.580078125,3850.9599609375
2021-03-17,0.8561000227928162,1.190164566040039,38.63978576660156,680.7100219726562,6054.81982421875,14596.6103515625,3849.739990234375
2021-03-18,0.8573899865150452,1.1982792615890503,38.17341613769531,682.3900146484375,6062.7900390625,14775.51953125,3867.5400390625
2021-03-19,0.8558599948883057,1.1918240785598755,38.19068908691406,681.7000122070312,5997.9599609375,14621.0,3837.02001953125
2021-03-22,0.8590199947357178,1.1883116960525513,38.207969665527344,684.2100219726562,5968.47998046875,14657.2099609375,3833.840087890625
2021-03-23,0.8608300089836121,1.193303108215332,37.75002670288086,681.739990234375,5945.2998046875,14662.01953125,3827.02001953125
2021-03-24,0.8622900247573853,1.1840205192565918,37.65497970581055,686.1300048828125,5947.2900390625,14610.3896484375,3832.550048828125
2021-03-25,0.8624100089073181,1.1813069581985474,37.89691162109375,685.3300170898438,5952.41015625,14621.3603515625,3832.570068359375
2021-03-26,0.8564900159835815,1.1776621341705322,38.380775451660156,696.6199951171875,5988.81005859375,14748.9404296875,3866.679931640625
2021-03-29,0.8547000288963318,1.1788004636764526,38.31166076660156,697.9400024414062,6015.509765625,14817.7197265625,3882.8701171875
2021-03-30,0.8543400168418884,1.177100658416748,38.44990158081055,701.1199951171875,6088.0400390625,15008.6103515625,3926.199951171875
2021-03-31,0.8527899980545044,1.1723604202270508,38.458534240722656,699.8499755859375,6067.22998046875,15008.33984375,3919.2099609375
2021-04-01,0.8506500124931335,1.1728830337524414,39.12385177612305,708.4299926757812,6102.9599609375,15107.169921875,3945.9599609375
2021-04-02,0.8511999845504761,1.177994966506958,39.12385177612305,708.4299926757812,6102.9599609375,15107.169921875,3945.9599609375
2021-04-05,0.8507000207901001,1.176816701889038,39.815086364746094,708.4299926757812,6102.9599609375,15107.169921875,3945.9599609375
2021-04-06,0.8493099808692932,1.1818934679031372,39.40898895263672,713.280029296875,6131.33984375,15212.6796875,3970.419921875
2021-04-07,0.8586999773979187,1.1874228715896606,39.46946334838867,710.0800170898438,6130.66015625,15176.3603515625,3956.77001953125
2021-04-08,0.8640000224113464,1.1873664855957031,39.65956115722656,713.3800048828125,6165.72021484375,15202.6796875,3977.830078125
2021-04-09,0.867389976978302,1.1915684938430786,39.72867965698242,713.3599853515625,6169.41015625,15234.16015625,3978.840087890625
2021-04-12,0.8677399754524231,1.1900511980056763,39.58180236816406,707.3499755859375,6161.68017578125,15215.0,3961.89990234375
2021-04-13,0.8659999966621399,1.1914690732955933,39.823734283447266,708.5999755859375,6184.10009765625,15234.3603515625,3966.989990234375
2021-04-14,0.8687199950218201,1.1954143047332764,39.80643844604492,712.5499877929688,6208.580078125,15209.150390625,3976.280029296875
2021-04-15,0.869700014591217,1.1986095905303955,40.108856201171875,713.7999877929688,6234.14013671875,15255.330078125,3993.429931640625
2021-04-16,0.8682600259780884,1.1971746683120728,40.67049026489258,716.7999877929688,6287.06982421875,15459.75,4032.989990234375
2021-04-19,0.866129994392395,1.1969454288482666,40.57544708251953,711.9400024414062,6296.68994140625,15368.3896484375,4019.909912109375
2021-04-20,0.8605999946594238,1.204529047012329,39.80643844604492,700.1900024414062,6165.10986328125,15129.509765625,3940.4599609375
2021-04-21,0.8632199764251709,1.2032392024993896,40.376712799072266,709.3599853515625,6210.5498046875,15195.9697265625,3976.409912109375
2021-04-22,0.8639900088310242,1.2037750482559204,40.26439666748047,712.9400024414062,6267.27978515625,15320.51953125,4014.800048828125
2021-04-23,0.8681100010871887,1.2014753818511963,40.6964111328125,715.77001953125,6257.93994140625,15279.6201171875,4013.340087890625
2021-04-26,0.8717899918556213,1.2089852094650269,40.75688934326172,715.4600219726562,6275.52001953125,15296.33984375,4020.830078125
2021-04-27,0.8692700266838074,1.2081671953201294,40.71369171142578,712.219970703125,6273.759765625,15249.26953125,4011.909912109375
2021-04-28,0.8694000244140625,1.2090305089950562,40.86922073364258,711.8400268554688,6306.97998046875,15292.1796875,4015.030029296875
2021-04-29,0.8694000244140625,1.213592290878296,40.86058044433594,710.469970703125,6302.56982421875,15154.2001953125,3996.89990234375
2021-04-30,0.8690999746322632,1.2127091884613037,40.152061462402344,707.5599975585938,6269.47998046875,15135.91015625,3974.739990234375
2021-05-03,0.8702899813652039,1.2027760744094849,40.65321350097656,712.1300048828125,6307.89990234375,15236.4697265625,4000.25
2021-05-04,0.8672199845314026,1.2061271667480469,39.832366943359375,696.97998046875,6251.75,14856.48046875,3924.800048828125
2021-05-05,0.8650000095367432,1.2015043497085571,40.48904037475586,714.1400146484375,6339.47021484375,15170.7802734375,4002.7900390625
2021-05-06,0.8632299900054932,1.2007973194122314,40.86922073364258,712.4600219726562,6357.08984375,15196.740234375,3999.43994140625
2021-05-07,0.8682199716567993,1.2068549394607544,41.48268508911133,718.4099731445312,6385.509765625,15399.650390625,4034.25
2021-05-10,0.8667399883270264,1.2171076536178589,41.01610565185547,711.9099731445312,6385.990234375,15400.41015625,4023.35009765625
2021-05-11,0.8591200113296509,1.2140932083129883,40.497676849365234,695.9400024414062,6267.39013671875,15119.75,3946.06005859375
2021-05-12,0.8589000105857849,1.2144500017166138,40.082942962646484,694.760009765625,6279.35009765625,15150.2197265625,3947.429931640625
2021-05-13,0.8587899804115295,1.2078505754470825,40.52360916137695,694.219970703125,6288.330078125,15199.6796875,3947.429931640625
2021-05-14,0.8597300052642822,1.207729458808899,41.474056243896484,703.3300170898438,6385.14013671875,15416.6396484375,4017.43994140625
2021-05-17,0.861549973487854,1.2150373458862305,41.309879302978516,703.219970703125,6367.35009765625,15396.6201171875,4006.840087890625
2021-05-18,0.8591899871826172,1.2156872749328613,41.24939727783203,705.010009765625,6353.669921875,15386.580078125,4005.340087890625
2021-05-19,0.8614400029182434,1.2223997116088867,40.68776321411133,693.719970703125,6262.5498046875,15113.5595703125,3936.739990234375
2021-05-20,0.8626000285148621,1.217285394668579,41.42220687866211,704.0900268554688,6343.580078125,15370.259765625,3999.909912109375
2021-05-21,0.8615999817848206,1.222538709640503,41.55181884765625,706.9600219726562,6386.41015625,15437.509765625,4025.780029296875
2021-05-24,0.8613200187683105,1.2183235883712769,41.880149841308594,710.4600219726562,6408.490234375,15437.509765625,4025.780029296875
2021-05-25,0.8628100156784058,1.2214635610580444,41.93199920654297,712.25,6390.27001953125,15465.08984375,4036.0400390625
2021-05-26,0.8659999966621399,1.2249093055725098,41.681427001953125,711.1699829101562,6391.60009765625,15450.7197265625,4031.669921875
2021-05-27,0.8634999990463257,1.21925950050354,41.776466369628906,708.3599853515625,6435.7099609375,15406.73046875,4039.2099609375
2021-05-28,0.8583999872207642,1.2193188667297363,42.0011100769043,713.280029296875,6484.10986328125,15519.98046875,4070.56005859375
2021-05-31,0.8583999872207642,1.2190067768096924,42.0011100769043,709.3599853515625,6447.169921875,15421.1298828125,4039.4599609375
2021-06-01,0.8597699999809265,1.223286509513855,42.18256759643555,715.9400024414062,6489.39990234375,15567.3603515625,4071.75
2021-06-02,0.8629699945449829,1.2217769622802734,42.26032638549805,718.9299926757812,6521.52001953125,15602.7099609375,4088.5
2021-06-03,0.8615300059318542,1.220986247062683,41.949275970458984,717.0800170898438,6507.919921875,15632.669921875,4079.239990234375
2021-06-04,0.8598999977111816,1.2133007049560547,42.234405517578125,720.1799926757812,6515.66015625,15692.900390625,4089.3798828125
2021-06-07,0.859000027179718,1.2168411016464233,42.41585159301758,718.6099853515625,6543.56005859375,15677.150390625,4097.64990234375
2021-06-08,0.8598799705505371,1.2193634510040283,42.364017486572266,719.4299926757812,6551.009765625,15640.599609375,4096.009765625
2021-06-09,0.860230028629303,1.217285394668579,42.27761459350586,722.7100219726562,6563.4501953125,15581.1396484375,4096.85009765625
2021-06-10,0.8629999756813049,1.218200445175171,42.303531646728516,725.4500122070312,6546.490234375,15571.2197265625,4096.06982421875
2021-06-11,0.859000027179718,1.2172558307647705,42.49361801147461,728.47998046875,6600.66015625,15693.26953125,4126.7001953125
2021-06-14,0.857699990272522,1.2110203504562378,42.59730529785156,730.0999755859375,6616.35009765625,15673.6396484375,4132.669921875
2021-06-15,0.8590800166130066,1.212224006652832,42.640499114990234,730.97998046875,6639.52001953125,15729.51953125,4143.52001953125
2021-06-16,0.8610100150108337,1.2127091884613037,42.21711349487305,733.5,6652.64990234375,15710.5703125,4151.759765625
2021-06-17,0.857200026512146,1.1995586156845093,41.949275970458984,734.8900146484375,6666.259765625,15727.669921875,4158.14013671875
2021-06-18,0.854640007019043,1.1913414001464844,41.05066680908203,719.6300048828125,6569.16015625,15448.0400390625,4083.3701171875
2021-06-21,0.8590899705886841,1.1873664855957031,41.63039779663086,723.77001953125,6602.5400390625,15603.240234375,4112.330078125
2021-06-22,0.8554199934005737,1.1912561655044556,41.647884368896484,728.5900268554688,6611.5,15636.330078125,4123.1298828125
2021-06-23,0.8555999994277954,1.1936734914779663,41.23692321777344,725.0499877929688,6551.06982421875,15456.3896484375,4075.93994140625
2021-06-24,0.8539999723434448,1.1933174133300781,41.73533248901367,732.7000122070312,6631.14990234375,15589.23046875,4122.43017578125
2021-06-25,0.8570700287818909,1.1930327415466309,41.71784210205078,733.1400146484375,6622.8701171875,15607.9697265625,4120.66015625
2021-06-28,0.8593699932098389,1.1942152976989746,41.41180419921875,730.8599853515625,6558.02001953125,15554.1796875,4089.909912109375
2021-06-29,0.8593999743461609,1.1928904056549072,41.40304946899414,734.1900024414062,6567.43017578125,15690.58984375,4107.509765625
2021-06-30,0.8597699999809265,1.1901928186416626,40.948360443115234,729.52001953125,6507.830078125,15531.0400390625,4064.300048828125
2021-07-01,0.8572900295257568,1.1856770515441895,41.05329513549805,731.3300170898438,6553.81982421875,15603.8095703125,4078.889892578125
2021-07-02,0.8608899712562561,1.1846235990524292,41.097007751464844,733.5499877929688,6552.85986328125,15650.08984375,4084.31005859375
2021-07-05,0.8571000099182129,1.1856207847595215,41.097007751464844,733.989990234375,6567.5400390625,15661.9697265625,4087.3701171875
2021-07-06,0.8562399744987488,1.186380386352539,40.57237243652344,731.47998046875,6507.47998046875,15511.3798828125,4052.669921875
2021-07-07,0.8563600182533264,1.1824523210525513,40.84342956542969,737.6400146484375,6527.72021484375,15692.7099609375,4078.530029296875
2021-07-08,0.8544999957084656,1.17933988571167,40.11767578125,723.1099853515625,6396.72998046875,15420.6396484375,3991.659912109375
2021-07-09,0.8589800000190735,1.184800386428833,41.00082015991211,732.1500244140625,6529.419921875,15687.9296875,4068.090087890625
2021-07-12,0.8541300296783447,1.187295913696289,41.21943283081055,738.4400024414062,6559.25,15790.509765625,4093.3798828125
2021-07-13,0.854200005531311,1.186521053314209,40.86091613769531,742.8599853515625,6558.47021484375,15789.6396484375,4094.56005859375
2021-07-14,0.8527100086212158,1.1775373220443726,41.0882682800293,744.9500122070312,6558.3798828125,15788.98046875,4099.5
2021-07-15,0.8536999821662903,1.1833338737487793,40.6160888671875,739.4199829101562,6493.35986328125,15629.66015625,4056.389892578125
2021-07-16,0.8540899753570557,1.1811814308166504,40.266326904296875,736.52001953125,6460.080078125,15540.3095703125,4035.77001953125
2021-07-19,0.8580999970436096,1.1814005374908447,39.28699493408203,721.0900268554688,6295.97021484375,15133.2001953125,3928.530029296875
2021-07-20,0.8626000285148621,1.1793843507766724,39.63676452636719,722.030029296875,6346.85009765625,15216.26953125,3956.340087890625
2021-07-21,0.8640300035476685,1.1784114837646484,40.39748764038086,733.739990234375,6464.47998046875,15422.5,4026.679931640625
2021-07-22,0.8598099946975708,1.179273009300232,40.51115798950195,739.030029296875,6481.58984375,15514.5400390625,4059.050048828125
2021-07-23,0.8546900153160095,1.1772738695144653,40.93087387084961,749.4199829101562,6568.81982421875,15669.2900390625,4109.10009765625
2021-07-26,0.8557999730110168,1.1773432493209839,41.018314361572266,745.0999755859375,6578.60009765625,15618.98046875,4102.58984375
2021-07-27,0.8537399768829346,1.1807769536972046,40.85218048095703,737.239990234375,6531.919921875,15519.1298828125,4064.830078125
2021-07-28,0.8514400124549866,1.1823126077651978,41.097007751464844,747.6599731445312,6609.31005859375,15570.3603515625,4103.02978515625
2021-07-29,0.8515999913215637,1.1845955848693848,41.41180419921875,758.0800170898438,6633.77001953125,15640.4697265625,4116.77001953125
2021-07-30,0.8514999747276306,1.1892997026443481,41.12324142456055,754.3099975585938,6612.759765625,15544.3896484375,4089.300048828125
2021-08-02,0.8538699746131897,1.186704158782959,41.22817611694336,758.219970703125,6675.89990234375,15568.73046875,4116.6201171875
2021-08-03,0.8547000288963318,1.1874650716781616,41.49049377441406,760.0800170898438,6723.81005859375,15555.080078125,4117.9501953125
2021-08-04,0.8527899980545044,1.1869436502456665,41.50798034667969,766.239990234375,6746.22998046875,15692.1298828125,4144.89990234375
2021-08-05,0.8521599769592285,1.1837401390075684,41.700347900390625,768.22998046875,6781.18994140625,15744.669921875,4161.080078125
2021-08-06,0.8495699763298035,1.1835720539093018,41.63039779663086,767.8200073242188,6816.9599609375,15761.4501953125,4174.5400390625
2021-08-09,0.8471999764442444,1.1749500036239624,41.551700592041016,771.7999877929688,6813.18017578125,15745.41015625,4177.14990234375
2021-08-10,0.8474000096321106,1.17384672164917,41.6129035949707,775.1199951171875,6820.2099609375,15770.7099609375,4187.81982421875
2021-08-11,0.8470199704170227,1.172333002090454,41.87522506713867,775.8400268554688,6857.990234375,15826.08984375,4206.330078125
2021-08-12,0.8465499877929688,1.1741899251937866,41.99763870239258,775.239990234375,6882.47021484375,15937.509765625,4226.330078125
2021-08-13,0.8496800065040588,1.173626184463501,42.251224517822266,774.8300170898438,6896.0400390625,15977.4404296875,4229.7001953125
2021-08-16,0.850629985332489,1.179467797279358,42.00640106201172,769.780029296875,6838.77001953125,15925.73046875,4202.43994140625
2021-08-17,0.8508300185203552,1.177994966506958,41.57793045043945,770.7899780273438,6819.83984375,15921.9501953125,4196.39990234375
2021-08-18,0.8519999980926514,1.1709738969802856,41.34183883666992,771.47998046875,6770.10986328125,15965.9697265625,4189.419921875
2021-08-19,0.8514800071716309,1.1703298091888428,40.9046516418457,765.8300170898438,6605.89013671875,15765.8095703125,4124.7099609375
2021-08-20,0.8565800189971924,1.1676595211029053,41.13198471069336,771.4099731445312,6626.10986328125,15808.0400390625,4147.5
2021-08-23,0.8585000038146973,1.1697548627853394,41.58667755126953,780.280029296875,6683.10009765625,15852.7900390625,4176.419921875
2021-08-24,0.8555999994277954,1.1744533777236938,41.569183349609375,783.1500244140625,6664.31005859375,15905.849609375,4178.080078125
2021-08-25,0.8562399744987488,1.175309181213379,41.6129035949707,781.9299926757812,6676.47998046875,15860.66015625,4181.1201171875
2021-08-26,0.8551499843597412,1.1774401664733887,41.41180419921875,780.3099975585938,6666.02978515625,15793.6201171875,4169.8701171875
2021-08-27,0.8578900098800659,1.1756407022476196,41.85774612426758,787.0399780273438,6681.919921875,15851.75,4190.97998046875
2021-08-30,0.857200026512146,1.1799006462097168,41.92769241333008,789.1400146484375,6687.2998046875,15887.3095703125,4198.7998046875
2021-08-31,0.857200026512146,1.1796904802322388,41.918949127197266,787.6199951171875,6680.18017578125,15835.08984375,4196.41015625
2021-09-01,0.8586999773979187,1.1810280084609985,42.3211784362793,790.0,6758.68994140625,15824.2900390625,4227.27001953125
2021-09-02,0.8597000241279602,1.1840906143188477,42.47856521606445,793.3200073242188,6763.080078125,15840.58984375,4232.10009765625
2021-09-03,0.8581100106239319,1.1876484155654907,42.2075080871582,789.5499877929688,6689.990234375,15781.2001953125,4201.97998046875
2021-09-06,0.8574000000953674,1.1885942220687866,42.2075080871582,798.5499877929688,6743.5,15932.1201171875,4246.1298828125
2021-09-07,0.8578000068664551,1.1875073909759521,42.259971618652344,794.72998046875,6726.06982421875,15843.08984375,4225.009765625
2021-09-08,0.8594300150871277,1.184356927871704,41.78778839111328,789.0,6668.89013671875,15610.2802734375,4177.14990234375
2021-09-09,0.8584399819374084,1.1819101572036743,41.682865142822266,787.1699829101562,6684.72021484375,15623.150390625,4177.10986328125
2021-09-10,0.8542299866676331,1.1825922727584839,41.54295349121094,788.489990234375,6663.77001953125,15609.8095703125,4170.35009765625
2021-09-13,0.8534299731254578,1.1811953783035278,41.92769241333008,791.4500122070312,6676.93017578125,15701.419921875,4189.52978515625
2021-09-14,0.8533999919891357,1.1811953783035278,41.796539306640625,797.7100219726562,6652.97021484375,15722.990234375,4191.669921875
2021-09-15,0.8546299934387207,1.1804981231689453,41.726585388183594,794.1900024414062,6583.6201171875,15616.0,4145.93994140625
2021-09-16,0.8533899784088135,1.1819995641708374,41.75281524658203,798.1500244140625,6622.58984375,15651.75,4169.8701171875
2021-09-17,0.8525699973106384,1.176747441291809,41.05329513549805,789.489990234375,6570.18994140625,15490.169921875,4130.83984375
2021-09-20,0.8542699813842773,1.1729930639266968,40.129520416259766,778.280029296875,6455.81005859375,15132.0595703125,4043.6298828125
2021-09-21,0.8582900166511536,1.1730204820632935,40.65488815307617,786.3099975585938,6552.72998046875,15348.5302734375,4097.509765625
2021-09-22,0.858299970626831,1.17229163646698,41.16274642944336,792.4000244140625,6637.0,15506.740234375,4150.18994140625
2021-09-23,0.8582599759101868,1.168770432472229,41.7494010925293,800.6099853515625,6701.97998046875,15643.9697265625,4194.919921875
2021-09-24,0.8555999994277954,1.1740258932113647,41.320350646972656,791.4500122070312,6638.4599609375,15531.75,4158.509765625
2021-09-27,0.8575699925422668,1.1723054647445679,41.33786392211914,788.6699829101562,6650.91015625,15573.8798828125,4165.47998046875
2021-09-28,0.8535900115966797,1.1696795225143433,40.27837371826172,773.7100219726562,6506.5,15248.5595703125,4058.820068359375
2021-09-29,0.863099992275238,1.1686338186264038,40.05947494506836,775.8400268554688,6560.7998046875,15365.26953125,4080.219970703125
2021-09-30,0.8637999892234802,1.1601601839065552,39.656681060791016,771.9400024414062,6520.009765625,15260.6904296875,4048.080078125
2021-10-01,0.8592699766159058,1.1574475765228271,39.86683654785156,766.6900024414062,6517.68994140625,15156.4404296875,4035.300048828125
2021-10-04,0.8550999760627747,1.160725712776184,39.51658248901367,757.2000122070312,6477.66015625,15036.5498046875,3996.409912109375
2021-10-05,0.8536499738693237,1.1618449687957764,39.89309310913086,771.1900024414062,6576.27978515625,15194.490234375,4065.429931640625
2021-10-06,0.8509200215339661,1.1596084833145142,39.6129035949707,761.219970703125,6493.1201171875,14973.330078125,4012.64990234375
2021-10-07,0.8500999808311462,1.1555349826812744,40.05947494506836,777.1799926757812,6600.18994140625,15250.8603515625,4098.33984375
2021-10-08,0.8485999703407288,1.1559758186340332,39.95439529418945,772.0499877929688,6559.990234375,15206.1298828125,4073.2900390625
2021-10-11,0.8493300080299377,1.1566041707992554,39.700462341308594,773.7899780273438,6570.5400390625,15199.1396484375,4072.52001953125
2021-10-12,0.8497999906539917,1.1553747653961182,39.674198150634766,771.469970703125,6548.10986328125,15146.8701171875,4055.090087890625
2021-10-13,0.8492000102996826,1.15340256690979,40.26960754394531,777.52001953125,6597.3798828125,15249.3798828125,4083.280029296875
2021-10-14,0.8483499884605408,1.1599582433700562,40.90005874633789,790.8400268554688,6685.2099609375,15462.7197265625,4149.06005859375
2021-10-15,0.8479200005531311,1.159151554107666,41.21528244018555,800.4099731445312,6727.52001953125,15587.3603515625,4182.91015625
2021-10-18,0.8426499962806702,1.1597026586532593,40.952598571777344,796.739990234375,6673.10009765625,15474.4697265625,4151.39990234375
2021-10-19,0.8453999757766724,1.161386251449585,41.11895751953125,802.489990234375,6669.85009765625,15515.830078125,4166.830078125
2021-10-20,0.8432000279426575,1.1631964445114136,41.276573181152344,805.469970703125,6705.60986328125,15522.919921875,4172.169921875
2021-10-21,0.8429800271987915,1.1655012369155884,41.15398025512695,807.6400146484375,6686.169921875,15472.5595703125,4155.72998046875
2021-10-22,0.8428999781608582,1.1625338792800903,41.46921157836914,812.969970703125,6733.68994140625,15542.98046875,4188.81005859375
2021-10-25,0.8456000089645386,1.1640088558197021,41.28533172607422,813.02001953125,6712.8701171875,15599.23046875,4188.31005859375
2021-10-26,0.8433799743652344,1.161170482635498,41.53926086425781,816.9099731445312,6766.509765625,15757.0595703125,4223.97021484375
2021-10-27,0.8423500061035156,1.1598236560821533,41.44295120239258,815.2899780273438,6753.52001953125,15705.8095703125,4220.8798828125
2021-10-28,0.8446099758148193,1.1600120067596436,41.95079803466797,812.22998046875,6804.22021484375,15696.330078125,4233.8701171875
2021-10-29,0.8463799953460693,1.1683608293533325,41.810699462890625,810.9099731445312,6830.33984375,15688.76953125,4250.56005859375
2021-11-01,0.8445299863815308,1.1556684970855713,42.22223663330078,811.739990234375,6893.2900390625,15806.2900390625,4280.47021484375
2021-11-02,0.849399983882904,1.1599582433700562,42.257259368896484,812.2899780273438,6927.02978515625,15954.4501953125,4296.22021484375
2021-11-03,0.8503000140190125,1.1579434871673584,42.67756652832031,816.010009765625,6950.64990234375,15959.98046875,4309.60986328125
2021-11-04,0.8481500148773193,1.1615750789642334,42.5987548828125,820.3800048828125,6987.7900390625,16029.650390625,4333.33984375
2021-11-05,0.8553799986839294,1.1555349826812744,42.90521240234375,819.719970703125,7040.7900390625,16054.3603515625,4363.0400390625
2021-11-08,0.8574299812316895,1.1568851470947266,42.87019729614258,817.5900268554688,7047.47998046875,16046.51953125,4352.52978515625
2021-11-09,0.854200005531311,1.159151554107666,42.8614387512207,815.1699829101562,7043.27001953125,16040.4697265625,4344.6298828125
2021-11-10,0.8550000190734863,1.1595547199249268,42.24850845336914,814.6300048828125,7045.16015625,16067.830078125,4348.81982421875
2021-11-11,0.8560900092124939,1.148593544960022,42.379852294921875,816.3499755859375,7059.5498046875,16083.1103515625,4358.0
2021-11-12,0.8564299941062927,1.145081877708435,42.49367904663086,820.2999877929688,7091.39990234375,16094.0703125,4370.330078125
2021-11-15,0.8527200222015381,1.144164800643921,42.274776458740234,823.2100219726562,7128.6298828125,16148.6396484375,4386.18994140625
2021-11-16,0.8475499749183655,1.1366478204727173,42.274776458740234,826.5,7152.60009765625,16247.8603515625,4401.490234375
2021-11-17,0.8428999781608582,1.1321182250976562,42.28353500366211,827.5700073242188,7156.85009765625,16251.1298828125,4400.81005859375
2021-11-18,0.8389999866485596,1.1321182250976562,42.39735794067383,825.0599975585938,7141.97998046875,16221.73046875,4383.7001953125
2021-11-19,0.8420600295066833,1.1368415355682373,41.71438217163086,821.7999877929688,7112.2900390625,16159.9697265625,4356.47021484375
2021-11-22,0.8391000032424927,1.1275737285614014,41.250308990478516,815.3400268554688,7105.0,16115.6904296875,4338.68994140625
2021-11-23,0.8390399813652039,1.12421452999115,41.14523696899414,802.239990234375,7044.6201171875,15937.0,4283.81982421875
2021-11-24,0.8406299948692322,1.1244926452636719,40.78622817993164,802.9600219726562,7042.22998046875,15878.3896484375,4276.25
2021-11-25,0.8403400182723999,1.1202975511550903,40.78622817993164,807.5499877929688,7075.8701171875,15917.98046875,4293.240234375
2021-11-26,0.8417999744415283,1.1209630966186523,39.38523864746094,781.6300048828125,6739.72998046875,15257.0400390625,4089.580078125
2021-11-29,0.8464099764823914,1.1293182373046875,39.51658248901367,787.010009765625,6776.25,15280.8603515625,4109.509765625
2021-11-30,0.8480600118637085,1.1293437480926514,39.20136642456055,777.3900146484375,6721.16015625,15100.1298828125,4063.06005859375
2021-12-01,0.8521000146865845,1.1330289840698242,39.22762680053711,790.7000122070312,6881.8701171875,15472.669921875,4179.14990234375
2021-12-02,0.8522999882698059,1.1319515705108643,39.639163970947266,778.7999877929688,6795.75,15263.1103515625,4108.02001953125
2021-12-03,0.8500199913978577,1.1306205987930298,39.236385345458984,772.219970703125,6765.52001953125,15169.98046875,4080.14990234375
2021-12-06,0.8539999723434448,1.1304799318313599,39.75299835205078,778.4299926757812,6865.77978515625,15380.7900390625,4137.10986328125
2021-12-07,0.8506900072097778,1.128668189048767,40.908809661865234,805.780029296875,7065.39013671875,15813.9404296875,4276.2001953125
2021-12-08,0.8510000109672546,1.1276500225067139,40.87379455566406,797.719970703125,7014.56982421875,15687.08984375,4233.08984375
2021-12-09,0.858739972114563,1.1345586776733398,40.26960754394531,791.9099731445312,7008.22998046875,15639.259765625,4208.2998046875
2021-12-10,0.8539299964904785,1.1293309926986694,40.4534912109375,788.010009765625,6991.68017578125,15623.3095703125,4199.16015625
2021-12-13,0.8531200289726257,1.131183385848999,40.05947494506836,783.0,6942.91015625,15621.7197265625,4183.0400390625
2021-12-14,0.8538699746131897,1.1285407543182373,39.82304763793945,775.75,6895.31005859375,15453.5595703125,4144.509765625
2021-12-15,0.8508599996566772,1.1261261701583862,40.409706115722656,775.4600219726562,6927.6298828125,15476.349609375,4159.68017578125
2021-12-16,0.8512300252914429,1.1290758848190308,40.29587936401367,781.5900268554688,7005.06982421875,15636.400390625,4201.8701171875
2021-12-17,0.850570023059845,1.1334141492843628,39.577880859375,771.7000122070312,6926.6298828125,15531.6904296875,4161.35009765625
2021-12-20,0.849810004234314,1.1243535280227661,39.62399673461914,763.030029296875,6870.10009765625,15239.669921875,4107.1298828125
2021-12-21,0.853600025177002,1.1277517080307007,40.20930862426758,774.9500122070312,6964.990234375,15447.4404296875,4174.990234375
2021-12-22,0.8505899906158447,1.128757357597351,40.75027847290039,782.0800170898438,7051.669921875,15593.4697265625,4217.06005859375
2021-12-23,0.8482400178909302,1.1328877210617065,41.060672760009766,792.2999877929688,7106.14990234375,15756.3095703125,4265.85986328125
2021-12-24,0.8443899750709534,1.132733702659607,41.060672760009766,790.47998046875,7086.580078125,15756.3095703125,4265.85986328125
2021-12-27,0.8446499705314636,1.1324259042739868,41.44200897216797,797.2999877929688,7140.39013671875,15835.25,4287.97998046875
2021-12-28,0.8427799940109253,1.1330032348632812,41.39767837524414,800.9500122070312,7181.10986328125,15963.7001953125,4311.93017578125
2021-12-29,0.8418800234794617,1.1314777135849,41.371070861816406,796.1199951171875,7161.52001953125,15852.25,4284.830078125
2021-12-30,0.8414000272750854,1.1360150575637817,41.30012512207031,800.25,7173.22998046875,15884.8603515625,4306.06982421875
2021-12-31,0.8385499715805054,1.132502794265747,41.379940032958984,797.9299926757812,7153.02978515625,15884.8603515625,4306.06982421875
2022-01-03,0.8410000205039978,1.1373459100723267,41.74353790283203,803.3099975585938,7217.22021484375,16020.73046875,4331.81982421875
2022-01-04,0.8381800055503845,1.1302244663238525,41.8942985534668,804.280029296875,7317.41015625,16152.6103515625,4367.6201171875
2022-01-05,0.833899974822998,1.1283625364303589,41.6903190612793,800.75,7376.3701171875,16271.75,4392.14990234375
2022-01-06,0.83433997631073,1.1313496828079224,41.51295852661133,785.9000244140625,7249.66015625,16052.0302734375,4324.81005859375
2022-01-07,0.8345500230789185,1.1296881437301636,41.61051559448242,788.4299926757812,7219.47998046875,15947.740234375,4305.830078125
2022-01-10,0.8352699875831604,1.1353960037231445,41.19369888305664,773.1300048828125,7115.77001953125,15768.26953125,4239.52001953125
2022-01-11,0.8342400193214417,1.1330417394638062,41.58390426635742,782.3499755859375,7183.3798828125,15941.8095703125,4281.5400390625
2022-01-12,0.8335999846458435,1.1366478204727173,42.01845932006836,790.4400024414062,7237.18994140625,16010.3203125,4316.39013671875
2022-01-13,0.8344299793243408,1.144164800643921,41.67259216308594,791.3300170898438,7201.14013671875,16031.58984375,4315.89990234375
2022-01-14,0.8353999853134155,1.1457115411758423,41.681461334228516,783.530029296875,7143.0,15883.240234375,4272.18994140625
2022-01-17,0.8344299793243408,1.1410704851150513,41.681461334228516,781.3200073242188,7201.64013671875,15933.7197265625,4302.14013671875
2022-01-18,0.8359500169754028,1.1410574913024902,41.042930603027344,769.7000122070312,7133.830078125,15772.5595703125,4257.81982421875
2022-01-19,0.8329700231552124,1.1329647302627563,41.09614181518555,772.5599975585938,7172.97998046875,15809.7197265625,4268.27978515625
2022-01-20,0.8335000276565552,1.1343399286270142,40.909908294677734,778.260009765625,7194.16015625,15912.330078125,4299.60986328125
2022-01-21,0.8319900035858154,1.1313753128051758,40.39554214477539,763.7000122070312,7068.58984375,15603.8798828125,4229.56005859375
2022-01-24,0.8366000056266785,1.1341469287872314,39.87230682373047,738.6599731445312,6787.7900390625,15011.1298828125,4054.360107421875
2022-01-25,0.8394399881362915,1.1324130296707153,39.42888259887695,739.8599853515625,6837.9599609375,15123.8701171875,4078.260009765625
2022-01-26,0.8363900184631348,1.130454421043396,39.60625076293945,752.4299926757812,6981.9599609375,15459.3896484375,4164.60009765625
2022-01-27,0.8346999883651733,1.1243535280227661,39.46436309814453,753.7899780273438,7023.7998046875,15524.26953125,4184.97021484375
2022-01-28,0.8322100043296814,1.1147029399871826,39.63286209106445,744.260009765625,6965.8798828125,15318.9501953125,4136.91015625
2022-01-31,0.8320099711418152,1.1152374744415283,40.200435638427734,755.2000122070312,6999.2001953125,15471.2001953125,4174.60009765625
2022-02-01,0.8351399898529053,1.12296462059021,40.67045974731445,765.219970703125,7099.490234375,15619.3896484375,4224.4501953125
2022-02-02,0.8334500193595886,1.1273956298828125,40.79462432861328,765.5599975585938,7115.27001953125,15613.76953125,4222.0498046875
2022-02-03,0.832889974117279,1.1299946308135986,40.13835144042969,748.8099975585938,7005.6298828125,15368.4697265625,4141.02001953125
2022-02-04,0.8409299850463867,1.14357590675354,40.07627868652344,747.1699829101562,6951.3798828125,15099.5595703125,4086.580078125
2022-02-07,0.846340000629425,1.145514726638794,40.10289001464844,755.6900024414062,7009.25,15206.6396484375,4120.56005859375
2022-02-08,0.8451099991798401,1.1442956924438477,40.32460021972656,755.7899780273438,7028.41015625,15242.3798828125,4129.25
2022-02-09,0.8429999947547913,1.142126202583313,41.016334533691406,769.9400024414062,7130.8798828125,15482.009765625,4204.08984375
2022-02-10,0.8439099788665771,1.142152190208435,40.555171966552734,762.6500244140625,7101.5498046875,15490.4404296875,4197.06982421875
2022-02-11,0.8421300053596497,1.1415525674819946,39.45549011230469,761.5,7011.60009765625,15425.1201171875,4155.22998046875
2022-02-14,0.8374500274658203,1.1365057229995728,39.029808044433594,747.8900146484375,6852.2001953125,15113.9697265625,4064.449951171875
2022-02-15,0.8353700041770935,1.1306334733963013,40.11174774169922,755.219970703125,6979.97021484375,15412.7099609375,4143.7099609375
2022-02-16,0.8386300206184387,1.1356796026229858,40.27137756347656,758.9199829101562,6964.97998046875,15396.0703125,4137.22021484375
2022-02-17,0.8371899724006653,1.1375269889831543,39.499839782714844,751.2000122070312,6946.81982421875,15267.6298828125,4113.18994140625
2022-02-18,0.8343999981880188,1.1366478204727173,39.32246017456055,744.8900146484375,6929.6298828125,15042.509765625,4074.280029296875
2022-02-21,0.8325499892234802,1.131721019744873,39.32246017456055,729.72998046875,6788.33984375,14731.1201171875,3985.7099609375
2022-02-22,0.8317400217056274,1.1309658288955688,38.3735466003418,731.9600219726562,6787.60009765625,14693.0,3985.469970703125
2022-02-23,0.8336300253868103,1.13291335105896,38.001075744628906,727.9099731445312,6780.669921875,14631.3603515625,3973.409912109375
2022-02-24,0.8345800042152405,1.1305694580078125,37.300472259521484,708.5499877929688,6521.0498046875,14052.099609375,3829.2900390625
2022-02-25,0.8367300033569336,1.11906898021698,38.30259704589844,727.8499755859375,6752.43017578125,14567.23046875,3970.68994140625
2022-02-28,0.8359900116920471,1.118105411529541,37.01668167114258,729.719970703125,6658.830078125,14461.01953125,3924.22998046875
2022-03-01,0.8352699875831604,1.1215918064117432,35.49131393432617,713.4600219726562,6396.490234375,13904.849609375,3765.85009765625
2022-03-02,0.8346999883651733,1.1132758855819702,36.20966720581055,721.0,6498.02001953125,14000.1103515625,3820.590087890625
2022-03-03,0.8294199705123901,1.1112345457077026,35.1809196472168,705.4199829101562,6378.3701171875,13698.400390625,3741.780029296875
2022-03-04,0.8289999961853027,1.1066844463348389,33.34517288208008,671.72998046875,6061.66015625,13094.5400390625,3556.010009765625
2022-03-07,0.822920024394989,1.087453007698059,32.10358810424805,669.0399780273438,5982.27001953125,12834.650390625,3512.219970703125
2022-03-08,0.828499972820282,1.0865312814712524,33.043643951416016,656.739990234375,5962.9599609375,12831.509765625,3505.2900390625
2022-03-09,0.8319100141525269,1.0898232460021973,35.35829544067383,688.3300170898438,6387.830078125,13847.9296875,3766.02001953125
2022-03-10,0.8396999835968018,1.107382893562317,34.302955627441406,671.8499755859375,6207.2001953125,13442.099609375,3651.389892578125
2022-03-11,0.8404600024223328,1.1013944149017334,34.01029968261719,674.7999877929688,6260.25,13628.1103515625,3686.780029296875
2022-03-14,0.8376399874687195,1.093206763267517,34.73750305175781,674.2999877929688,6369.93994140625,13929.1103515625,3741.10009765625
2022-03-15,0.8409000039100647,1.0943193435668945,35.074501037597656,676.3800048828125,6355.0,13917.26953125,3738.110107421875
2022-03-16,0.8406699895858765,1.0969363451004028,36.75062561035156,703.52001953125,6588.64013671875,14440.740234375,3889.68994140625
2022-03-17,0.8386399745941162,1.1021955013275146,36.794979095458984,707.4500122070312,6612.52001953125,14388.0595703125,3885.320068359375
2022-03-18,0.8434299826622009,1.1099518537521362,36.91912841796875,716.3599853515625,6620.240234375,14413.08984375,3902.43994140625
2022-03-21,0.8390700221061707,1.1043134927749634,36.41065216064453,718.3699951171875,6582.330078125,14326.9697265625,3881.800048828125
2022-03-22,0.8365100026130676,1.101722002029419,36.94401931762695,728.27001953125,6659.41015625,14473.2001953125,3926.1201171875
2022-03-23,0.8312000036239624,1.1029735803604126,36.09065246582031,721.8099975585938,6581.43017578125,14283.650390625,3869.219970703125
2022-03-24,0.833329975605011,1.1006306409835815,36.41065216064453,720.8499755859375,6555.77001953125,14273.7900390625,3863.389892578125
2022-03-25,0.8342900276184082,1.1009578704833984,36.44621658325195,723.9000244140625,6553.68017578125,14305.759765625,3867.72998046875
2022-03-28,0.8335999846458435,1.098189115524292,36.730682373046875,720.3599853515625,6589.10986328125,14417.3701171875,3887.10009765625
2022-03-29,0.8389400243759155,1.0993843078613281,37.93962860107422,735.1500244140625,6792.16015625,14820.330078125,4002.179931640625
2022-03-30,0.8469899892807007,1.1091516017913818,37.548492431640625,733.8800048828125,6741.58984375,14606.0498046875,3959.139892578125
2022-03-31,0.8492699861526489,1.1161835193634033,36.57955551147461,724.2000122070312,6659.8701171875,14414.75,3902.52001953125
2022-04-01,0.8418800234794617,1.1072357892990112,37.006248474121094,728.0,6684.31005859375,14446.48046875,3918.679931640625
2022-04-04,0.8427799940109253,1.1047282218933105,37.06847381591797,737.7999877929688,6731.3701171875,14518.16015625,3951.1201171875
2022-04-05,0.836870014667511,1.0975863933563232,36.28622055053711,736.02001953125,6645.509765625,14424.3603515625,3917.85009765625
2022-04-06,0.8339400291442871,1.090643286705017,35.55728530883789,719.6699829101562,6498.830078125,14151.6904296875,3824.68994140625
2022-04-07,0.8338000178337097,1.0898232460021973,35.583946228027344,716.530029296875,6461.68017578125,14078.150390625,3802.010009765625
2022-04-08,0.831250011920929,1.0864840745925903,35.59284591674805,724.75,6548.22021484375,14283.669921875,3858.3701171875
2022-04-11,0.8351899981498718,1.0884946584701538,35.35282897949219,714.739990234375,6555.81005859375,14192.7802734375,3839.6201171875
2022-04-12,0.8352199792861938,1.0877959728240967,35.12171173095703,716.3800048828125,6537.41015625,14124.9501953125,3831.469970703125
2022-04-13,0.8325700163841248,1.0826143026351929,35.530616760253906,718.0700073242188,6542.14013671875,14076.4404296875,3827.9599609375
2022-04-14,0.8304700255393982,1.089656949043274,35.326168060302734,719.7000122070312,6589.35009765625,14163.849609375,3848.679931640625
2022-04-15,0.8274999856948853,1.0820988416671753,35.326168060302734,719.7000122070312,6589.35009765625,14163.849609375,3848.679931640625
2022-04-18,0.8282099962234497,1.081525444984436,35.28172302246094,719.7000122070312,6589.35009765625,14163.849609375,3848.679931640625
2022-04-19,0.828499972820282,1.0781787633895874,35.530616760253906,716.5700073242188,6534.7900390625,14153.4599609375,3830.760009765625
2022-04-20,0.8293700218200684,1.0794472694396973,36.04620361328125,725.6099853515625,6624.91015625,14362.0302734375,3896.81005859375
2022-04-21,0.8299499750137329,1.0849870443344116,35.70840835571289,729.0499877929688,6715.10009765625,14502.41015625,3928.030029296875
2022-04-22,0.8317499756813049,1.0835175514221191,35.148380279541016,717.260009765625,6581.419921875,14142.08984375,3840.010009765625
2022-04-25,0.8425999879837036,1.0811045169830322,34.80169677734375,699.1699829101562,6449.3798828125,13924.169921875,3757.590087890625
2022-04-26,0.8408700227737427,1.0714209079742432,33.60164260864258,695.5700073242188,6414.56982421875,13756.400390625,3721.360107421875
2022-04-27,0.845740020275116,1.0643619298934937,33.61052703857422,696.3499755859375,6445.259765625,13793.9404296875,3734.639892578125
2022-04-28,0.841509997844696,1.0555092096328735,34.25944900512695,705.9299926757812,6508.14013671875,13979.83984375,3777.02001953125
2022-04-29,0.8425999879837036,1.0504201650619507,33.74386978149414,710.97998046875,6533.77001953125,14097.8798828125,3802.860107421875
2022-05-02,0.8379499912261963,1.0535964965820312,33.73497772216797,694.4400024414062,6425.60986328125,13939.0703125,3732.43994140625
2022-05-03,0.8407899737358093,1.0509058237075806,34.00165939331055,705.9500122070312,6476.18017578125,14039.4697265625,3761.18994140625
2022-05-04,0.84197998046875,1.0528532266616821,34.739471435546875,698.6799926757812,6395.68017578125,13970.8203125,3724.989990234375
2022-05-05,0.8417199850082397,1.0622477531433105,33.548309326171875,696.1900024414062,6368.39990234375,13902.51953125,3696.6298828125
2022-05-06,0.8523899912834167,1.0539740324020386,33.059383392333984,682.1900024414062,6258.35986328125,13674.2900390625,3629.169921875
2022-05-09,0.8546000123023987,1.053219199180603,32.14378356933594,666.1699829101562,6086.02001953125,13380.669921875,3526.860107421875
2022-05-10,0.8562300205230713,1.056579828262329,32.4904670715332,669.739990234375,6116.91015625,13534.740234375,3554.800048828125
2022-05-11,0.8553000092506409,1.0532968044281006,32.446022033691406,682.7000122070312,6269.72998046875,13828.6396484375,3647.8701171875
2022-05-12,0.8591300249099731,1.05124831199646,32.3838005065918,675.0900268554688,6206.259765625,13739.6396484375,3613.429931640625
2022-05-13,0.8500499725341797,1.0379581451416016,33.37940216064453,694.1300048828125,6362.68017578125,14027.9296875,3703.419921875
2022-05-16,0.8483800292015076,1.0400632619857788,33.34384536743164,694.6199951171875,6347.77001953125,13964.3798828125,3685.340087890625
2022-05-17,0.8467000126838684,1.0438958406448364,34.30389404296875,702.5800170898438,6430.18994140625,14185.9404296875,3741.510009765625
2022-05-18,0.8447700142860413,1.0547856092453003,33.121612548828125,693.030029296875,6352.93994140625,14007.759765625,3690.739990234375
2022-05-19,0.8482000231742859,1.0472739934921265,33.46830368041992,678.3499755859375,6272.7099609375,13882.2998046875,3633.330078125
2022-05-20,0.8487200140953064,1.057898759841919,33.521629333496094,682.9600219726562,6285.240234375,13981.91015625,3657.030029296875
2022-05-23,0.8452500104904175,1.0569819211959839,34.3838996887207,694.02001953125,6358.740234375,14175.400390625,3708.389892578125
2022-05-24,0.8498899936676025,1.0682048797607422,34.20611572265625,679.8800048828125,6253.14013671875,13919.75,3647.56005859375
2022-05-25,0.8557500243186951,1.0736525058746338,34.29500198364258,684.1099853515625,6298.64013671875,14007.9296875,3677.10009765625
2022-05-26,0.8490300178527832,1.0686614513397217,34.94392013549805,692.7999877929688,6410.580078125,14231.2900390625,3677.10009765625
2022-05-27,0.8505899906158447,1.0732953548431396,35.610626220703125,702.280029296875,6515.75,14462.1904296875,3808.860107421875
2022-05-30,0.8497400283813477,1.0731456279754639,35.610626220703125,708.3400268554688,6562.39013671875,14575.98046875,3841.6201171875
2022-05-31,0.8518199920654297,1.0773539543151855,35.423946380615234,712.8800048828125,6468.7998046875,14388.349609375,3789.2099609375
2022-06-01,0.8513100147247314,1.0734105110168457,34.837249755859375,701.1900024414062,6418.89013671875,14340.4697265625,3759.5400390625
2022-06-02,0.8529899716377258,1.0654165744781494,35.78841018676758,703.4400024414062,6500.43994140625,14485.169921875,3795.1298828125
2022-06-03,0.8547000288963318,1.0751069784164429,35.28172302246094,700.6900024414062,6485.2998046875,14460.08984375,3783.659912109375
2022-06-06,0.8585500121116638,1.0726046562194824,35.5661735534668,711.8200073242188,6548.77978515625,14653.8095703125,3783.659912109375
2022-06-07,0.8535400032997131,1.0691413879394531,35.60172653198242,709.1400146484375,6500.35009765625,14556.6201171875,3806.739990234375
2022-06-08,0.8499000072479248,1.0698620080947876,35.086151123046875,710.989990234375,6448.6298828125,14445.990234375,3788.929931640625
2022-06-09,0.8546000123023987,1.071765422821045,34.054996490478516,699.5800170898438,6358.4599609375,14198.7998046875,3724.449951171875
2022-06-10,0.8499900102615356,1.0619205236434937,32.95271301269531,681.969970703125,6187.22998046875,13761.830078125,3599.199951171875
2022-06-13,0.8545100092887878,1.0489987134933472,31.7437686920166,661.5399780273438,6022.31982421875,13427.0302734375,3502.5
2022-06-14,0.857450008392334,1.0415147542953491,31.450424194335938,652.8699951171875,5949.83984375,13304.3896484375,3475.179931640625
2022-06-15,0.8689000010490417,1.0440592765808105,32.22379684448242,663.2100219726562,6030.1298828125,13485.2900390625,3532.320068359375
2022-06-16,0.8587999939918518,1.0456204414367676,31.308191299438477,638.3400268554688,5886.240234375,13038.490234375,3427.909912109375
2022-06-17,0.853600025177002,1.0546854734420776,31.46820068359375,635.75,5882.64990234375,13126.259765625,3438.4599609375
2022-06-20,0.853600025177002,1.049141764640808,31.46820068359375,641.4299926757812,5920.08984375,13265.599609375,3469.830078125
2022-06-21,0.8585000038146973,1.0520778894424438,31.941368103027344,648.030029296875,5964.66015625,13292.400390625,3494.0
2022-06-22,0.8585799932479858,1.053263545036316,31.759729385375977,641.8699951171875,5916.6298828125,13144.2802734375,3464.639892578125
2022-06-23,0.8622000217437744,1.0564124584197998,31.632585525512695,635.9299926757812,5883.330078125,12912.58984375,3436.2900390625
2022-06-24,0.8579199910163879,1.052011489868164,32.69517135620117,660.3200073242188,6073.35009765625,13118.1298828125,3533.169921875
2022-06-27,0.8601999878883362,1.0566133260726929,32.41363525390625,670.530029296875,6047.31005859375,13186.0703125,3538.8798828125
2022-06-28,0.8626000285148621,1.0580891370773315,32.11392593383789,669.010009765625,6086.02001953125,13231.8203125,3549.2900390625
2022-06-29,0.8632400035858154,1.0523545742034912,31.84146499633789,666.5700073242188,6031.47998046875,13003.349609375,3514.320068359375
2022-06-30,0.8611999750137329,1.04465913772583,31.59625244140625,659.22998046875,5922.85986328125,12783.76953125,3454.860107421875
2022-07-01,0.8615400195121765,1.0477677583694458,31.550844192504883,655.6799926757812,5931.06005859375,12813.0302734375,3448.31005859375
2022-07-04,0.8622000217437744,1.0433948040008545,31.550844192504883,659.6099853515625,5954.64990234375,12773.3798828125,3452.419921875
2022-07-05,0.8611699938774109,1.0433186292648315,30.451923370361328,644.219970703125,5794.9599609375,12401.2001953125,3359.830078125
2022-07-06,0.8583300113677979,1.0257673263549805,30.47008514404297,656.7100219726562,5912.3798828125,12594.51953125,3421.840087890625
2022-07-07,0.8540599942207336,1.0186411142349243,30.933273315429688,671.4199829101562,6006.7001953125,12843.2197265625,3488.5
2022-07-08,0.8452399969100952,1.0169836282730103,30.933273315429688,674.219970703125,6033.1298828125,13015.23046875,3506.550048828125
2022-07-11,0.8459500074386597,1.0166114568710327,30.31569480895996,669.1699829101562,5996.2998046875,12832.4404296875,3471.68994140625
2022-07-12,0.8442000150680542,1.004752516746521,30.243040084838867,670.6799926757812,6044.2001953125,12905.48046875,3487.050048828125
2022-07-13,0.8444300293922424,1.0033109188079834,30.31569480895996,665.9099731445312,6000.240234375,12756.3203125,3453.969970703125
2022-07-14,0.8456500172615051,1.0032706260681152,29.83434295654297,659.7100219726562,5915.41015625,12519.66015625,3396.610107421875
2022-07-15,0.8466600179672241,1.0025665760040283,30.50641441345215,671.9199829101562,6036.0,12864.7197265625,3477.199951171875
2022-07-18,0.8490999937057495,1.009631872177124,30.68805694580078,681.0999755859375,6091.91015625,12959.8095703125,3511.860107421875
2022-07-19,0.8489000201225281,1.0145177841186523,31.950458526611328,689.469970703125,6201.22021484375,13308.41015625,3587.43994140625
2022-07-20,0.8522999882698059,1.0231330394744873,31.578088760375977,694.4099731445312,6184.66015625,13281.98046875,3585.239990234375
2022-07-21,0.8505799770355225,1.0182781219482422,31.968616485595703,704.6099853515625,6201.10986328125,13246.6396484375,3596.510009765625
2022-07-22,0.8518999814987183,1.0221081972122192,31.777894973754883,705.0399780273438,6216.81982421875,13253.6796875,3596.489990234375
2022-07-25,0.8508800268173218,1.0200231075286865,32.068519592285156,707.010009765625,6237.5498046875,13210.3203125,3604.159912109375
2022-07-26,0.8479999899864197,1.022494912147522,31.314716339111328,706.260009765625,6211.4501953125,13096.9296875,3575.360107421875
2022-07-27,0.8414899706840515,1.0129557847976685,32.25924301147461,713.530029296875,6257.93994140625,13166.3798828125,3607.780029296875
2022-07-28,0.8390499949455261,1.0209290981292725,32.549861907958984,722.3800048828125,6339.2099609375,13282.1103515625,3652.199951171875
2022-07-29,0.8371999859809875,1.0192328691482544,33.14019775390625,729.4400024414062,6448.5,13484.0498046875,3708.10009765625
2022-08-01,0.8381999731063843,1.0208247900009155,33.09477996826172,728.1799926757812,6436.85986328125,13479.6298828125,3708.10009765625
2022-08-02,0.8373200297355652,1.0261356830596924,32.49537658691406,725.75,6409.7998046875,13449.2001953125,3684.6298828125
2022-08-03,0.8362799882888794,1.015568733215332,33.08570098876953,734.530029296875,6472.06005859375,13587.5595703125,3732.5400390625
2022-08-04,0.8366000056266785,1.015764594078064,33.42173385620117,731.5800170898438,6513.39013671875,13662.6796875,3754.60009765625
2022-08-05,0.8427900075912476,1.024779200553894,33.131107330322266,722.739990234375,6472.35009765625,13573.9296875,3725.389892578125
2022-08-08,0.8434000015258789,1.0170871019363403,33.2219352722168,727.8699951171875,6524.43994140625,13687.6904296875,3757.219970703125
2022-08-09,0.8437700271606445,1.0197629928588867,32.95854949951172,716.9299926757812,6490.0,13534.9697265625,3715.3701171875
2022-08-10,0.8454999923706055,1.0208144187927246,33.69419860839844,724.27001953125,6523.43994140625,13700.9296875,3749.35009765625
2022-08-11,0.8432999849319458,1.0300782918930054,33.639705657958984,725.7899780273438,6544.669921875,13694.509765625,3757.050048828125
2022-08-12,0.8459799885749817,1.0316723585128784,33.975730895996094,725.760009765625,6553.85986328125,13795.849609375,3776.81005859375
2022-08-15,0.8453999757766724,1.0256409645080566,33.66694259643555,728.8800048828125,6569.9501953125,13816.6103515625,3789.6201171875
2022-08-16,0.8427000045776367,1.0161981582641602,33.857662200927734,728.1099853515625,6592.580078125,13910.1201171875,3805.219970703125
2022-08-17,0.8406000137329102,1.0170663595199585,33.45806884765625,723.0900268554688,6528.31982421875,13626.7099609375,3756.06005859375
2022-08-18,0.8450000286102295,1.0180189609527588,33.285499572753906,725.8599853515625,6557.39990234375,13697.41015625,3777.3798828125
2022-08-19,0.8454800248146057,1.0089900493621826,32.64067840576172,719.52001953125,6495.830078125,13544.51953125,3730.320068359375
2022-08-22,0.8490800261497498,1.0035223960876465,31.64166259765625,711.0399780273438,6378.740234375,13230.5703125,3658.219970703125
2022-08-23,0.8446699976921082,0.9939467906951904,31.732481002807617,710.8699951171875,6362.02001953125,13194.23046875,3652.52001953125
2022-08-24,0.8424100279808044,0.9966909885406494,31.814212799072266,713.8099975585938,6386.759765625,13220.0595703125,3667.4599609375
2022-08-25,0.8452000021934509,0.9969095587730408,32.1956672668457,718.25,6381.56005859375,13271.9599609375,3674.5400390625
2022-08-26,0.8432899713516235,0.9971283078193665,31.042253494262695,705.0800170898438,6274.259765625,12971.4697265625,3603.679931640625
2022-08-29,0.8497999906539917,0.993867814540863,31.151235580444336,698.3300170898438,6222.27978515625,12892.990234375,3570.510009765625
2022-08-30,0.8539999723434448,1.0014019012451172,30.996843338012695,690.3099975585938,6210.22021484375,12961.1396484375,3561.919921875
2022-08-31,0.8597400188446045,1.0025062561035156,30.733461380004883,680.3099975585938,6125.10009765625,12834.9599609375,3517.25
2022-09-01,0.8654900193214417,1.003905177116394,30.270282745361328,666.9400024414062,6034.31005859375,12630.23046875,3456.699951171875
2022-09-02,0.8616300225257874,0.995232880115509,30.02507209777832,678.5700073242188,6167.509765625,13050.26953125,3544.3798828125
2022-09-05,0.86353999376297,0.9909427762031555,30.02507209777832,674.1199951171875,6093.22021484375,12760.7802734375,3490.010009765625
2022-09-06,0.8603000044822693,0.9952229857444763,30.02507209777832,675.27001953125,6104.60986328125,12871.4404296875,3500.139892578125
2022-09-07,0.859749972820282,0.9897951483726501,30.724388122558594,671.27001953125,6105.919921875,12915.9697265625,3502.090087890625
2022-09-08,0.8675900101661682,0.9995701909065247,30.542743682861328,674.4000244140625,6125.89990234375,12904.3203125,3512.3798828125
2022-09-09,0.8689000010490417,1.0012015104293823,31.414621353149414,685.969970703125,6212.330078125,13088.2099609375,3570.0400390625
2022-09-12,0.8667100071907043,1.0071406364440918,32.168418884277344,696.8699951171875,6333.58984375,13402.26953125,3646.510009765625
2022-09-13,0.8662599921226501,1.0129557847976685,30.942352294921875,684.22998046875,6245.68994140625,13188.9501953125,3586.179931640625
2022-09-14,0.8670899868011475,0.9982032775878906,31.160322189331055,680.8599853515625,6222.41015625,13028.0,3567.56005859375
2022-09-15,0.8645899891853333,0.9984025359153748,30.82428741455078,674.739990234375,6157.83984375,12956.66015625,3541.7900390625
2022-09-16,0.8721299767494202,0.9988313317298889,30.68805694580078,664.8300170898438,6077.2998046875,12741.259765625,3500.409912109375
2022-09-19,0.8765599727630615,1.002234935760498,30.794843673706055,665.4299926757812,6061.58984375,12803.240234375,3499.489990234375
2022-09-20,0.8763499855995178,1.0029587745666504,30.155954360961914,661.6099853515625,5979.47021484375,12670.830078125,3467.090087890625
2022-09-21,0.876010000705719,0.997078537940979,29.70871353149414,669.7899780273438,6031.330078125,12767.150390625,3491.8701171875
2022-09-22,0.8732799887657166,0.983071506023407,29.59918975830078,657.4000244140625,5918.5,12531.6298828125,3427.139892578125
2022-09-23,0.8733999729156494,0.9841550588607788,28.45830726623535,639.280029296875,5783.41015625,12284.1904296875,3348.60009765625
2022-09-26,0.8970999717712402,0.968992292881012,28.074960708618164,640.4099731445312,5769.39013671875,12227.919921875,3342.56005859375
2022-09-27,0.8932099938392639,0.9623712301254272,27.86504364013672,642.719970703125,5753.81982421875,12139.6796875,3328.64990234375
2022-09-28,0.8944799900054932,0.9596191644668579,28.57695770263672,641.0900268554688,5765.009765625,12183.2802734375,3335.300048828125
2022-09-29,0.8958500027656555,0.9708172082901001,28.193614959716797,633.5499877929688,5676.8701171875,11975.5498046875,3279.0400390625
2022-09-30,0.880020022392273,0.9829555749893188,28.074960708618164,640.6199951171875,5762.33984375,12114.3603515625,3318.199951171875
2022-10-03,0.8789499998092651,0.9792688488960266,28.74124526977539,645.7999877929688,5794.14990234375,12209.48046875,3342.169921875
2022-10-04,0.8673999905586243,0.9832068681716919,30.41150665283203,669.5900268554688,6039.68994140625,12670.48046875,3484.47998046875
2022-10-05,0.8718299865722656,0.998432457447052,29.991655349731445,664.4500122070312,5985.4599609375,12517.1796875,3447.719970703125
2022-10-06,0.8725200295448303,0.9910998940467834,29.316251754760742,661.3800048828125,5936.419921875,12470.7802734375,3433.449951171875
2022-10-07,0.8769199848175049,0.9789045453071594,28.631723403930664,647.1099853515625,5866.93994140625,12273.0,3375.4599609375
2022-10-10,0.9789999723434448,0.9735012650489807,28.50394058227539,641.2100219726562,5840.5498046875,12272.9404296875,3356.8798828125
2022-10-11,0.876579999923706,0.9710057377815247,28.202747344970703,636.3099975585938,5833.2001953125,12220.25,3340.35009765625
2022-10-12,0.8843600153923035,0.9700167775154114,28.193614959716797,631.1799926757812,5818.47021484375,12172.259765625,3331.530029296875
2022-10-13,0.8741000294685364,0.9707984328269958,29.05156898498535,633.010009765625,5879.18994140625,12355.580078125,3362.39990234375
2022-10-14,0.8642699718475342,0.975134015083313,28.56783103942871,630.5800170898438,5931.919921875,12437.8095703125,3381.72998046875
2022-10-17,0.8662999868392944,0.973937451839447,29.544424057006836,640.9500122070312,6040.66015625,12649.0302734375,3441.639892578125
2022-10-18,0.8669999837875366,0.9846396446228027,29.95514488220215,642.47998046875,6067.0,12765.6103515625,3463.830078125
2022-10-19,0.86940997838974,0.9863878488540649,29.63570213317871,645.3900146484375,6040.72021484375,12741.41015625,3471.239990234375
2022-10-20,0.8710899949073792,0.9766482710838318,29.67220687866211,652.0399780273438,6086.89990234375,12767.41015625,3492.85009765625
2022-10-21,0.8711400032043457,0.9778899550437927,30.27459716796875,652.4600219726562,6035.39013671875,12730.900390625,3476.6298828125
2022-10-24,0.8690299987792969,0.9860085844993591,30.511903762817383,653.5399780273438,6131.35986328125,12931.4501953125,3527.7900390625
2022-10-25,0.8740900158882141,0.9886503219604492,31.29683494567871,666.2100219726562,6250.5498046875,13052.9599609375,3585.580078125
2022-10-26,0.8691999912261963,0.9963731169700623,31.5980224609375,665.6300048828125,6276.31005859375,13195.8095703125,3605.31005859375
2022-10-27,0.8670799732208252,1.009193778038025,31.29683494567871,669.4000244140625,6244.02978515625,13211.23046875,3604.510009765625
2022-10-28,0.86176997423172,0.9967803955078125,31.762311935424805,667.52001953125,6273.0498046875,13243.330078125,3613.02001953125
2022-10-31,0.858430027961731,0.9955002665519714,31.278583526611328,670.6199951171875,6266.77001953125,13253.740234375,3617.5400390625
2022-11-01,0.8621000051498413,0.9886307716369629,31.55239486694336,673.3200073242188,6328.25,13338.740234375,3651.02001953125
2022-11-02,0.8596699833869934,0.9877909421920776,30.803970336914062,667.239990234375,6276.8798828125,13256.740234375,3622.010009765625
2022-11-03,0.8617600202560425,0.9814409017562866,30.53015899658203,661.1799926757812,6243.27978515625,13130.1904296875,3593.179931640625
2022-11-04,0.8726800084114075,0.9749630093574524,32.17303466796875,671.8800048828125,6416.43994140625,13459.849609375,3688.330078125
2022-11-07,0.8761399984359741,0.9928810596466064,32.48334884643555,676.0599975585938,6416.60986328125,13533.51953125,3708.800048828125
2022-11-08,0.8697900176048279,1.0018634796142578,32.784549713134766,683.9600219726562,6441.5,13688.75,3739.280029296875
2022-11-09,0.8725299835205078,1.008084774017334,32.401206970214844,677.260009765625,6430.56982421875,13666.3203125,3728.030029296875
2022-11-10,0.8812999725341797,1.0019538402557373,34.418304443359375,700.6500244140625,6556.830078125,14146.08984375,3846.56005859375
2022-11-11,0.8713099956512451,1.0192224979400635,35.267120361328125,702.9099731445312,6594.6201171875,14224.8603515625,3868.5
2022-11-14,0.8752999901771545,1.0328551530838013,34.96592712402344,706.6699829101562,6609.169921875,14313.2998046875,3887.510009765625
2022-11-15,0.8780199885368347,1.0319278240203857,35.19410705566406,716.4299926757812,6641.66015625,14378.509765625,3915.090087890625
2022-11-16,0.8718000054359436,1.0357863903045654,35.303627014160156,709.1099853515625,6607.22021484375,14234.0302734375,3882.780029296875
2022-11-17,0.8722100257873535,1.0395010709762573,35.349266052246094,708.3800048828125,6576.1201171875,14266.3798828125,3878.419921875
2022-11-18,0.8733299970626831,1.036172866821289,35.522682189941406,712.5499877929688,6644.4599609375,14431.8603515625,3924.840087890625
2022-11-21,0.8690800070762634,1.0330898761749268,35.19410705566406,710.3800048828125,6634.4501953125,14379.9296875,3909.280029296875
2022-11-22,0.8661699891090393,1.0245691537857056,35.6322135925293,716.3300170898438,6657.52978515625,14422.349609375,3929.89990234375
2022-11-23,0.8668100237846375,1.0311086177825928,35.96990966796875,721.4500122070312,6679.08984375,14427.58984375,3946.43994140625
2022-11-24,0.8626199960708618,1.0416233539581299,35.96990966796875,722.739990234375,6707.31982421875,14539.5595703125,3961.989990234375
2022-11-25,0.8591700196266174,1.040810227394104,36.08855438232422,722.9299926757812,6712.47998046875,14541.3798828125,3962.409912109375
2022-11-28,0.859969973564148,1.0367528200149536,35.53181076049805,720.510009765625,6665.2001953125,14383.3603515625,3935.510009765625
2022-11-29,0.8647900223731995,1.034554123878479,35.732601165771484,717.739990234375,6668.97021484375,14355.4501953125,3934.43994140625
2022-11-30,0.864109992980957,1.0324499607086182,36.554039001464844,724.0999755859375,6738.5498046875,14397.0400390625,3964.719970703125
2022-12-01,0.8630200028419495,1.042535424232483,36.73658752441406,731.739990234375,6753.97021484375,14490.2998046875,3984.5
2022-12-02,0.8587499856948853,1.052842140197754,36.77309799194336,731.0399780273438,6742.25,14529.3896484375,3977.89990234375
2022-12-05,0.8573700189590454,1.0544185638427734,36.280235290527344,727.0900268554688,6696.9599609375,14447.6103515625,3956.530029296875
2022-12-06,0.8608700037002563,1.0496923923492432,36.1433219909668,723.6799926757812,6687.7900390625,14343.1904296875,3939.18994140625
2022-12-07,0.8626000285148621,1.0469011068344116,36.2254638671875,718.3400268554688,6660.58984375,14261.1904296875,3920.89990234375
2022-12-08,0.8607199788093567,1.051325798034668,36.36238098144531,719.8300170898438,6647.31005859375,14264.5595703125,3921.27001953125
2022-12-09,0.8627700209617615,1.0559661388397217,36.2254638671875,724.1699829101562,6677.64013671875,14370.7197265625,3942.6201171875
2022-12-12,0.859000027179718,1.0522217750549316,36.3897590637207,720.6900024414062,6650.5498046875,14306.6298828125,3921.820068359375
2022-12-13,0.8589900135993958,1.0541739463806152,37.046905517578125,732.9500122070312,6744.97998046875,14497.8896484375,3986.830078125
2022-12-14,0.8600000143051147,1.062665343284607,36.95563888549805,730.8699951171875,6730.7900390625,14460.2001953125,3975.260009765625
2022-12-15,0.8595399856567383,1.0676347017288208,35.705223083496094,707.5999755859375,6522.77001953125,13986.23046875,3835.699951171875
2022-12-16,0.8725000023841858,1.064056158065796,35.37664031982422,700.0,6452.6298828125,13893.0703125,3804.02001953125
2022-12-19,0.870389997959137,1.05850350856781,35.308815002441406,700.7100219726562,6473.2900390625,13942.8701171875,3811.239990234375
2022-12-20,0.8728700280189514,1.0614584684371948,35.40047836303711,697.25,6450.43017578125,13884.66015625,3802.489990234375
2022-12-21,0.8714500069618225,1.062699317932129,35.98712921142578,709.5800170898438,6580.240234375,14097.8203125,3872.14990234375
2022-12-22,0.8782899975776672,1.0610079765319824,35.583805084228516,700.4000244140625,6517.97021484375,13914.0703125,3823.2900390625
2022-12-23,0.880299985408783,1.060333013534546,35.62047576904297,701.0599975585938,6504.89990234375,13940.9296875,3817.010009765625
2022-12-26,0.879069983959198,1.0667804479599,35.62047576904297,701.0599975585938,6504.89990234375,13940.9296875,3817.010009765625
2022-12-27,0.8801900148391724,1.064022183418274,35.70296859741211,701.0599975585938,6550.66015625,13995.099609375,3832.889892578125
2022-12-28,0.8843600153923035,1.0637166500091553,35.272151947021484,694.8400268554688,6510.490234375,13925.599609375,3808.820068359375
2022-12-29,0.8836100101470947,1.062925100326538,35.98712921142578,701.010009765625,6573.47021484375,14071.7197265625,3850.070068359375
2022-12-30,0.8840699791908264,1.066075325012207,35.473812103271484,689.010009765625,6473.759765625,13923.58984375,3793.6201171875
2023-01-02,0.8841400146484375,1.0709733963012695,35.473812103271484,701.1599731445312,6594.56982421875,14069.259765625,3793.6201171875
2023-01-03,0.8851100206375122,1.0677714347839355,35.99629592895508,707.6300048828125,6623.89013671875,14181.669921875,3882.2900390625
2023-01-04,0.8808900117874146,1.0546854734420776,36.98625946044922,717.510009765625,6776.43017578125,14490.7802734375,3973.969970703125
2023-01-05,0.8794699907302856,1.0606365203857422,36.57377243041992,714.3200073242188,6761.5,14436.3095703125,3959.47998046875
2023-01-06,0.8832399845123291,1.0522217750549316,37.673736572265625,724.260009765625,6860.9501953125,14610.01953125,4017.830078125
2023-01-09,0.8794400095939636,1.0656323432922363,38.086219787597656,736.1799926757812,6907.35986328125,14792.830078125,4068.6201171875
2023-01-10,0.880649983882904,1.073318362236023,38.40705108642578,733.030029296875,6869.14013671875,14774.599609375,4057.4599609375
2023-01-11,0.8834800124168396,1.0738946199417114,38.84702682495117,738.8300170898438,6924.18994140625,14947.91015625,4099.759765625
2023-01-12,0.8852900266647339,1.0766000747680664,39.387840270996094,741.9000244140625,6975.68017578125,15058.2998046875,4126.68017578125
2023-01-13,0.8888300061225891,1.0860239267349243,39.644500732421875,748.0399780273438,7023.5,15086.51953125,4150.7998046875
2023-01-16,0.8852699995040894,1.082461953163147,39.644500732421875,748.3499755859375,7043.31005859375,15134.0400390625,4157.0
2023-01-17,0.8870900273323059,1.0830129384994507,39.5620002746582,748.8099975585938,7077.16015625,15187.0703125,4174.330078125
2023-01-18,0.8781999945640564,1.0793308019638062,39.31451416015625,749.1199951171875,7083.39013671875,15181.7998046875,4174.33984375
2023-01-19,0.8744300007820129,1.0797853469848633,39.030357360839844,735.6799926757812,6951.8701171875,14920.3603515625,4094.280029296875
2023-01-20,0.8741199970245361,1.083388328552246,39.41534423828125,738.6400146484375,6995.990234375,15033.5595703125,4119.89990234375
2023-01-23,0.8756899833679199,1.086507797241211,39.68117141723633,747.8699951171875,7032.02001953125,15102.9501953125,4150.81982421875
2023-01-24,0.8781300187110901,1.0874292850494385,39.69950485229492,746.4000244140625,7050.47998046875,15093.1103515625,4153.02001953125
2023-01-25,0.882860004901886,1.088814616203308,39.92865753173828,741.3400268554688,7043.8798828125,15081.6396484375,4148.10986328125
2023-01-26,0.879859983921051,1.0922038555145264,40.047821044921875,747.2100219726562,7095.990234375,15132.849609375,4173.97998046875
2023-01-27,0.8773900270462036,1.0894432067871094,39.82783126831055,750.6699829101562,7097.2099609375,15150.0302734375,4178.009765625
2023-01-30,0.8766599893569946,1.0871455669403076,39.45200729370117,744.8300170898438,7082.009765625,15126.080078125,4158.6298828125
2023-01-31,0.8785099983215332,1.0850694179534912,39.919490814208984,745.1900024414062,7082.419921875,15128.26953125,4163.4501953125
2023-02-01,0.882319986820221,1.0860947370529175,40.48781204223633,747.6799926757812,7077.10986328125,15180.740234375,4171.43994140625
2023-02-02,0.8889999985694885,1.1012852191925049,40.67113494873047,758.6099853515625,7166.27001953125,15509.1904296875,4241.1201171875
2023-02-03,0.8920599818229675,1.0905125141143799,40.1761589050293,763.8599853515625,7233.93994140625,15476.4296875,4257.97998046875
2023-02-06,0.8958200216293335,1.079086184501648,39.68117141723633,752.4000244140625,7137.10009765625,15345.91015625,4205.4501953125
2023-02-07,0.8920199871063232,1.0730764865875244,39.9744987487793,753.0900268554688,7132.35009765625,15320.8798828125,4209.31005859375
2023-02-08,0.890030026435852,1.0729728937149048,39.68117141723633,748.4000244140625,7119.830078125,15412.0498046875,4209.14990234375
2023-02-09,0.8875600099563599,1.0715816020965576,39.82783126831055,757.0499877929688,7188.35986328125,15523.419921875,4250.14013671875
2023-02-10,0.8866000175476074,1.0742292404174805,39.47034454345703,752.219970703125,7129.72998046875,15307.98046875,4197.93994140625
2023-02-13,0.885890007019043,1.0677714347839355,40.06615447998047,762.6400146484375,7208.58984375,15397.33984375,4241.35986328125
2023-02-14,0.8829399943351746,1.0730419158935547,40.23114776611328,762.969970703125,7213.81005859375,15380.5595703125,4238.759765625
2023-02-15,0.8817700147628784,1.0735719203948975,40.377811431884766,769.72998046875,7300.85986328125,15506.33984375,4280.0400390625
2023-02-16,0.8881199955940247,1.0691757202148438,40.1669921875,771.6900024414062,7366.16015625,15533.6396484375,4297.240234375
2023-02-17,0.8905900120735168,1.0665756464004517,40.267826080322266,765.0399780273438,7347.72021484375,15482.0,4274.919921875
2023-02-20,0.8881099820137024,1.0684444904327393,40.267826080322266,762.6300048828125,7335.60986328125,15477.5498046875,4271.18017578125
2023-02-21,0.887179970741272,1.068261981010437,39.63534164428711,757.6599731445312,7308.64990234375,15397.6201171875,4250.39990234375
2023-02-22,0.8795999884605408,1.065200924873352,39.47034454345703,756.6300048828125,7299.259765625,15399.8896484375,4242.8798828125
2023-02-23,0.8802700042724609,1.0605803728103638,39.88283157348633,755.719970703125,7317.43017578125,15475.6904296875,4258.16015625
2023-02-24,0.8817999958992004,1.0598047971725464,38.892852783203125,746.4099731445312,7187.27001953125,15209.740234375,4178.81982421875
2023-02-27,0.8829900026321411,1.0554758310317993,39.5620002746582,756.989990234375,7295.5498046875,15381.4296875,4248.009765625
2023-02-28,0.8795400261878967,1.0611205101013184,39.27784729003906,752.9299926757812,7267.93017578125,15365.1396484375,4238.3798828125
2023-03-01,0.8788300156593323,1.0577309131622314,39.50700759887695,749.3800048828125,7234.25,15305.01953125,4215.75
2023-03-02,0.8869900107383728,1.066894292831421,39.68117141723633,755.1699829101562,7284.22021484375,15327.6396484375,4240.58984375
2023-03-03,0.8868499994277954,1.0599732398986816,40.31364822387695,760.5700073242188,7348.1201171875,15578.3896484375,4294.7998046875
2023-03-06,0.8833500146865845,1.0626201629638672,40.33198165893555,759.8300170898438,7373.2099609375,15653.580078125,4313.77978515625
2023-03-07,0.8882899880409241,1.0688328742980957,39.54367446899414,751.52001953125,7339.27001953125,15559.5302734375,4278.9599609375
2023-03-08,0.8917199969291687,1.05507493019104,39.76366424560547,753.3499755859375,7324.759765625,15631.8701171875,4288.4501953125
2023-03-09,0.8901799917221069,1.0549525022506714,39.31451416015625,753.2000122070312,7315.8798828125,15633.2099609375,4286.1201171875
2023-03-10,0.8877300024032593,1.0584698915481567,39.057861328125,743.030029296875,7220.669921875,15427.9697265625,4229.52978515625
2023-03-13,0.88441002368927,1.0683646202087402,38.57203674316406,727.25,7011.5,14959.4697265625,4096.5400390625
2023-03-14,0.8811299800872803,1.0725010633468628,39.369510650634766,737.52001953125,7141.56982421875,15232.830078125,4179.47021484375
2023-03-15,0.8827499747276306,1.0727657079696655,37.93956756591797,716.469970703125,6885.7099609375,14735.259765625,4034.919921875
2023-03-16,0.8766099810600281,1.0583354234695435,38.6637077331543,727.0599975585938,7025.72021484375,14967.099609375,4116.97998046875
2023-03-17,0.8762800097465515,1.0614134073257446,38.095394134521484,722.4299926757812,6925.39990234375,14768.2001953125,4064.989990234375
2023-03-20,0.8761299848556519,1.0678855180740356,38.853145599365234,729.0499877929688,7013.14013671875,14933.3798828125,4119.419921875
2023-03-21,0.8732200264930725,1.071914792060852,39.662391662597656,736.1799926757812,7112.91015625,15195.33984375,4181.60009765625
2023-03-22,0.8810099959373474,1.0774236917495728,39.598018646240234,741.7999877929688,7131.1201171875,15216.1904296875,4195.7001953125
2023-03-23,0.8850700259208679,1.0870392322540283,39.699180603027344,743.5900268554688,7139.25,15210.3896484375,4207.14013671875
2023-03-24,0.8819199800491333,1.0835057497024536,39.32213592529297,731.8099975585938,7015.10009765625,14957.23046875,4130.6201171875
2023-03-27,0.8794999718666077,1.077818512916565,39.644004821777344,735.9099731445312,7078.27001953125,15127.6796875,4164.6201171875
2023-03-28,0.8787400126457214,1.0807071924209595,39.7359619140625,733.8099975585938,7088.33984375,15142.01953125,4168.2099609375
2023-03-29,0.879010021686554,1.0839520692825317,40.43486022949219,745.5399780273438,7186.990234375,15328.7802734375,4231.27001953125
2023-03-30,0.8806399703025818,1.0843634605407715,41.14295196533203,752.4600219726562,7263.3701171875,15522.400390625,4285.419921875
2023-03-31,0.8802400231361389,1.0904649496078491,41.29008102416992,756.1799926757812,7322.39013671875,15628.83984375,4315.0498046875
2023-04-03,0.8791599869728088,1.0803335905075073,41.51078796386719,758.4099731445312,7345.9599609375,15580.919921875,4311.0498046875
2023-04-04,0.8780500292778015,1.091226577758789,41.630332946777344,758.3599853515625,7344.9599609375,15603.4697265625,4315.31982421875
2023-04-05,0.8766099810600281,1.0960105657577515,41.34526062011719,755.760009765625,7316.2998046875,15520.169921875,4298.35986328125
2023-04-06,0.8748300075531006,1.090334177017212,41.56596374511719,759.8400268554688,7324.75,15597.8896484375,4309.4501953125
2023-04-07,0.8778700232505798,1.0920130014419556,41.56596374511719,759.8400268554688,7324.75,15597.8896484375,4309.4501953125
2023-04-10,0.877810001373291,1.0913575887680054,41.57515335083008,759.8400268554688,7324.75,15597.8896484375,4309.4501953125
2023-04-11,0.8770300149917603,1.086932897567749,41.6671257019043,763.3200073242188,7390.27978515625,15655.169921875,4333.2900390625
2023-04-12,0.8781300187110901,1.0917507410049438,42.03495788574219,759.5399780273438,7396.93994140625,15703.599609375,4334.02978515625
2023-04-13,0.8802499771118164,1.0999890565872192,42.623512268066406,760.5700073242188,7480.830078125,15729.4599609375,4363.240234375
2023-04-14,0.8822299838066101,1.1054610013961792,42.5499382019043,761.4000244140625,7519.60986328125,15807.5,4390.75
2023-04-17,0.8857499957084656,1.098659634590149,42.20969009399414,758.5,7498.18017578125,15789.5302734375,4367.60986328125
2023-04-18,0.8827400207519531,1.0925379991531372,42.55912780761719,763.1500244140625,7533.6298828125,15882.669921875,4393.9501953125
2023-04-19,0.8831700086593628,1.0975382328033447,42.50395202636719,760.219970703125,7549.43994140625,15895.2001953125,4393.56982421875
2023-04-20,0.8811299800872803,1.095218300819397,42.4119987487793,761.0999755859375,7538.7099609375,15795.9697265625,4384.85986328125
2023-04-21,0.8814399838447571,1.0970927476882935,42.770633697509766,762.1900024414062,7577.0,15881.66015625,4408.58984375
2023-04-24,0.8829699754714966,1.0992271900177002,42.899383544921875,762.489990234375,7573.85986328125,15863.9501953125,4401.7998046875
2023-04-25,0.8845999836921692,1.1059499979019165,42.13611602783203,755.4500122070312,7531.60986328125,15872.1298828125,4377.85009765625
2023-04-26,0.8841500282287598,1.0978394746780396,42.237274169921875,749.5999755859375,7466.66015625,15795.73046875,4347.7099609375
2023-04-27,0.8856300115585327,1.1047282218933105,42.761444091796875,752.5999755859375,7483.83984375,15800.4501953125,4358.0498046875
2023-04-28,0.8826799988746643,1.1032048463821411,42.59591293334961,758.489990234375,7491.5,15922.3798828125,4359.31005859375
2023-05-01,0.8767799735069275,1.1010911464691162,42.513153076171875,758.489990234375,7491.5,15922.3798828125,4359.31005859375
2023-05-02,0.8785200119018555,1.0969241857528687,42.044158935546875,744.3099975585938,7383.2001953125,15726.9404296875,4294.85009765625
2023-05-03,0.8824700117111206,1.1010911464691162,42.14531707763672,744.239990234375,7403.830078125,15815.0595703125,4310.18017578125
2023-05-04,0.8805999755859375,1.1068925857543945,41.98897933959961,741.219970703125,7340.77001953125,15734.240234375,4287.02978515625
2023-05-05,0.8761000037193298,1.102292776107788,42.66948699951172,750.47998046875,7432.93017578125,15961.01953125,4340.43017578125
2023-05-08,0.8723300099372864,1.10186767578125,42.64189147949219,752.6799926757812,7440.91015625,15952.830078125,4348.64990234375
2023-05-09,0.8717700242996216,1.0996140241622925,42.237274169921875,748.3800048828125,7397.169921875,15955.48046875,4323.08984375
2023-05-10,0.8684399724006653,1.096467137336731,42.18209457397461,748.2899780273438,7361.2001953125,15896.23046875,4306.759765625
2023-05-11,0.8697999715805054,1.098406195640564,41.998172760009766,751.1199951171875,7381.77978515625,15834.91015625,4309.75
2023-05-12,0.8721100091934204,1.0912145376205444,41.860233306884766,752.989990234375,7414.85009765625,15913.8203125,4317.8798828125
2023-05-15,0.8715800046920776,1.0852696895599365,42.0533447265625,756.1799926757812,7418.2099609375,15917.240234375,4316.41015625
2023-05-16,0.8679999709129333,1.0873701572418213,41.78666687011719,756.219970703125,7406.009765625,15897.9296875,4315.509765625
2023-05-17,0.8702399730682373,1.0865668058395386,42.099327087402344,758.280029296875,7399.43994140625,15951.2998046875,4323.22998046875
2023-05-18,0.8682100176811218,1.0838346481323242,42.163700103759766,765.280029296875,7446.89013671875,16163.3603515625,4323.22998046875
2023-05-19,0.8680700063705444,1.0775396823883057,42.49475860595703,767.0999755859375,7491.9599609375,16275.3798828125,4395.2998046875
2023-05-22,0.8684800267219543,1.0822745561599731,42.50395202636719,767.6099853515625,7478.16015625,16223.990234375,4385.6298828125
2023-05-23,0.869350016117096,1.0811045169830322,41.67631530761719,765.97998046875,7378.7099609375,16152.8603515625,4342.3798828125
2023-05-24,0.8672699928283691,1.076971173286438,40.986610412597656,754.1300048828125,7253.4599609375,15842.1298828125,4263.740234375
2023-05-25,0.8694300055503845,1.0757315158843994,41.087772369384766,755.2100219726562,7229.27001953125,15793.7998046875,4269.64013671875
2023-05-26,0.8705099821090698,1.0724436044692993,41.713096618652344,767.8599853515625,7319.18017578125,15983.9697265625,4337.5
2023-05-29,0.8684300184249878,1.0723055601119995,41.713096618652344,764.0999755859375,7303.81005859375,15952.73046875,4337.5
2023-05-30,0.8670099973678589,1.0707669258117676,41.21651840209961,756.6699829101562,7209.75,15908.91015625,4291.580078125
2023-05-31,0.864579975605011,1.073306918144226,40.499229431152344,748.8599853515625,7098.7001953125,15664.01953125,4218.0400390625
2023-06-01,0.8589000105857849,1.0695186853408813,41.07857131958008,756.3499755859375,7137.43017578125,15853.66015625,4257.60986328125
2023-06-02,0.8590199947357178,1.0760787725448608,41.51078796386719,764.9199829101562,7270.68994140625,16051.23046875,4323.52001953125
2023-06-05,0.8605599999427795,1.0698620080947876,41.09696578979492,763.3400268554688,7200.91015625,15963.8896484375,4293.240234375
2023-06-06,0.86149001121521,1.0711798667907715,41.20732116699219,762.219970703125,7209.0,15992.4404296875,4295.22021484375
2023-06-07,0.8607100248336792,1.0698047876358032,41.0601806640625,761.6099853515625,7202.7900390625,15960.5595703125,4291.91015625
2023-06-08,0.8603600263595581,1.0707440376281738,41.5843620300293,760.9400024414062,7222.14990234375,15989.9599609375,4297.68017578125
2023-06-09,0.8583800196647644,1.078271746635437,41.271697998046875,759.3200073242188,7213.14013671875,15949.83984375,4289.7900390625
2023-06-12,0.8544899821281433,1.0750954151153564,41.73149490356445,760.3400268554688,7250.35009765625,16097.8701171875,4316.490234375
2023-06-13,0.8596600294113159,1.0762988328933716,42.071746826171875,767.7100219726562,7290.7998046875,16230.6796875,4347.5498046875
2023-06-14,0.8555700182914734,1.078934907913208,42.37520980834961,771.4099731445312,7328.52978515625,16310.7900390625,4375.97998046875
2023-06-15,0.8554099798202515,1.084304690361023,42.890193939208984,772.6400146484375,7290.91015625,16290.1201171875,4365.1201171875
2023-06-16,0.8560500144958496,1.0945948362350464,42.95456314086914,772.719970703125,7388.64990234375,16357.6298828125,4394.81982421875
2023-06-19,0.8525999784469604,1.0942115783691406,42.95456314086914,768.97998046875,7314.0498046875,16201.2001953125,4362.3798828125
2023-06-20,0.8537600040435791,1.0924304723739624,42.498409271240234,763.0900268554688,7294.169921875,16111.3203125,4343.14013671875
2023-06-21,0.8553100228309631,1.0920368432998657,42.479644775390625,759.1599731445312,7260.97021484375,16023.1298828125,4322.75
2023-06-22,0.8607000112533569,1.0992635488510132,42.27316665649414,759.1699829101562,7203.27978515625,15988.16015625,4304.47021484375
2023-06-23,0.8593999743461609,1.0958904027938843,41.64431381225586,756.5999755859375,7163.419921875,15829.9404296875,4271.60986328125
2023-06-26,0.8567500114440918,1.0906671285629272,41.81325912475586,757.5,7184.35009765625,15813.0595703125,4280.56982421875
2023-06-27,0.8579699993133545,1.091048002243042,42.44210433959961,760.5599975585938,7215.580078125,15846.8603515625,4305.259765625
2023-06-28,0.8596600294113159,1.0957223176956177,42.479644775390625,767.77001953125,7286.31982421875,15949.0,4344.75
2023-06-29,0.8632500171661377,1.0915838479995728,42.498409271240234,768.9400024414062,7312.72998046875,15946.7197265625,4354.68994140625
2023-06-30,0.8614799976348877,1.0868029594421387,43.15541458129883,773.9400024414062,7400.06005859375,16147.900390625,4399.08984375
2023-07-03,0.8592600226402283,1.0907504558563232,43.15541458129883,776.4400024414062,7386.7001953125,16081.0400390625,4398.14990234375
2023-07-04,0.8597300052642822,1.091309905052185,43.15541458129883,778.719970703125,7369.93017578125,16039.169921875,4390.990234375
2023-07-05,0.8553799986839294,1.0884946584701538,42.31070327758789,769.8900146484375,7310.81005859375,15937.580078125,4350.7099609375
2023-07-06,0.8543999791145325,1.0856584310531616,41.30643081665039,753.3400268554688,7082.2900390625,15528.5400390625,4223.08984375
2023-07-07,0.8546000123023987,1.0890636444091797,41.710018157958984,753.52001953125,7111.8798828125,15603.400390625,4236.60009765625
2023-07-10,0.8543999791145325,1.0969723463058472,42.03852081298828,755.760009765625,7143.68994140625,15673.16015625,4256.509765625
2023-07-11,0.8554999828338623,1.100594401359558,42.46086883544922,755.8200073242188,7220.009765625,15790.33984375,4286.56005859375
2023-07-12,0.8511999845504761,1.101406455039978,43.56838607788086,768.1400146484375,7333.009765625,16023.0,4360.4599609375
2023-07-13,0.857200026512146,1.1144545078277588,44.32862854003906,774.7999877929688,7369.7998046875,16141.0302734375,4391.759765625
2023-07-14,0.8548300266265869,1.1223469972610474,44.15968322753906,778.9299926757812,7374.5400390625,16105.0703125,4400.10986328125
2023-07-17,0.8576700091362,1.1227755546569824,44.03767395019531,773.4500122070312,7291.66015625,16068.650390625,4356.7900390625
2023-07-18,0.8596400022506714,1.1237596273422241,44.15968322753906,774.47998046875,7319.18017578125,16125.490234375,4369.72998046875
2023-07-19,0.8613799810409546,1.1228890419006348,43.82180404663086,775.030029296875,7326.93994140625,16108.9296875,4362.27978515625
2023-07-20,0.8660399913787842,1.120523452758789,43.56838607788086,769.6199951171875,7384.91015625,16204.2197265625,4373.72998046875
2023-07-21,0.8649399876594543,1.113709807395935,43.87811279296875,773.75,7432.77001953125,16177.2197265625,4391.41015625
2023-07-24,0.8655099868774414,1.112532615661621,43.558998107910156,771.5499877929688,7427.31005859375,16190.9501953125,4383.02978515625
2023-07-25,0.8633999824523926,1.1063170433044434,43.39944839477539,779.8099975585938,7415.4501953125,16211.58984375,4391.2998046875
2023-07-26,0.8569899797439575,1.1050456762313843,43.35251235961914,775.4600219726562,7315.06982421875,16131.4599609375,4346.14990234375
2023-07-27,0.856939971446991,1.1078368425369263,43.40882873535156,792.0599975585938,7465.240234375,16406.029296875,4447.43994140625
2023-07-28,0.8580800294876099,1.0978755950927734,44.169071197509766,794.27001953125,7476.47021484375,16469.75,4466.5
2023-07-31,0.8575999736785889,1.1024264097213745,44.14091110229492,792.0,7497.77978515625,16446.830078125,4471.31005859375
2023-08-01,0.8568699955940247,1.0997591018676758,43.47452926635742,786.1400146484375,7406.080078125,16240.400390625,4471.31005859375
2023-08-02,0.8602399826049805,1.1007881164550781,42.50779724121094,775.030029296875,7312.83984375,16020.01953125,4336.5
2023-08-03,0.860319972038269,1.0944151878356934,42.329471588134766,770.0700073242188,7260.52978515625,15893.3798828125,4304.6298828125
2023-08-04,0.8611000180244446,1.095158338546753,42.48902893066406,772.7100219726562,7315.06982421875,15951.8603515625,4332.91015625
2023-08-07,0.8630599975585938,1.1002674102783203,42.96770477294922,772.1300048828125,7319.759765625,15950.759765625,4337.5
2023-08-08,0.8607800006866455,1.100315809249878,42.45149230957031,767.0,7269.47021484375,15774.9296875,4288.85009765625
2023-08-09,0.860040009021759,1.0958904027938843,42.601654052734375,770.219970703125,7322.0400390625,15852.580078125,4317.330078125
2023-08-10,0.8629500269889832,1.0977671146392822,43.01462936401367,777.7899780273438,7433.6201171875,15996.51953125,4384.0400390625
2023-08-11,0.8666899800300598,1.0981649160385132,42.54534149169922,765.1599731445312,7340.18994140625,15832.169921875,4321.330078125
2023-08-14,0.8620700240135193,1.094439148902893,42.479644775390625,766.2100219726562,7348.83984375,15904.25,4330.22998046875
2023-08-15,0.8597000241279602,1.0909883975982666,41.878963470458984,759.280029296875,7267.7001953125,15767.2802734375,4288.56982421875
2023-08-16,0.858299970626831,1.0904173851013184,41.597381591796875,756.8499755859375,7260.25,15789.4501953125,4284.27001953125
2023-08-17,0.8543499708175659,1.0874884128570557,41.128108978271484,737.6300048828125,7191.740234375,15676.900390625,4227.830078125
2023-08-18,0.8529000282287598,1.0874648094177246,41.18442153930664,735.0399780273438,7164.10986328125,15574.259765625,4212.9501953125
2023-08-21,0.8534799814224243,1.087559461593628,41.494144439697266,733.5900268554688,7198.06005859375,15603.2802734375,4224.8701171875
2023-08-22,0.8539999723434448,1.0898351669311523,41.41905975341797,738.2100219726562,7240.8798828125,15705.6201171875,4260.3701171875
2023-08-23,0.8518000245094299,1.0846692323684692,41.65370559692383,740.72998046875,7246.6201171875,15728.41015625,4266.669921875
2023-08-24,0.8541300296783447,1.086578607559204,40.9216194152832,733.989990234375,7214.4599609375,15621.490234375,4232.22021484375
2023-08-25,0.8574900031089783,1.07991361618042,41.27827453613281,733.3699951171875,7229.60009765625,15631.8203125,4236.25
2023-08-28,0.8575999736785889,1.0797386169433594,41.766326904296875,741.760009765625,7324.7099609375,15792.6103515625,4293.68994140625
2023-08-29,0.8583599925041199,1.0825556516647339,42.376399993896484,745.8900146484375,7373.43017578125,15930.8798828125,4326.47021484375
2023-08-30,0.8600800037384033,1.0869210958480835,42.36701583862305,745.4299926757812,7364.39990234375,15891.9296875,4315.31005859375
2023-08-31,0.859749972820282,1.0932546854019165,41.84141540527344,743.6199951171875,7316.7001953125,15947.080078125,4297.10986328125
2023-09-01,0.8556399941444397,1.0844104290008545,41.541072845458984,746.0499877929688,7296.77001953125,15840.33984375,4282.64013671875
2023-09-04,0.8557999730110168,1.07758629322052,41.541072845458984,747.4299926757812,7279.509765625,15824.849609375,4279.8701171875
2023-09-05,0.8548700213432312,1.0794472694396973,41.07178497314453,747.1099853515625,7254.72021484375,15771.7099609375,4269.16015625
2023-09-06,0.8531200289726257,1.0726161003112793,40.874691009521484,745.4299926757812,7194.08984375,15741.3701171875,4238.259765625
2023-09-07,0.8579699993133545,1.0724204778671265,40.57434844970703,739.7100219726562,7196.10009765625,15718.66015625,4221.02001953125
2023-09-08,0.857450008392334,1.0697818994522095,40.67759323120117,739.0900268554688,7240.77001953125,15740.2998046875,4237.18994140625
2023-09-11,0.8580700159072876,1.071811318397522,41.14687728881836,738.8900146484375,7278.27001953125,15800.990234375,4254.330078125
2023-09-12,0.8591899871826172,1.0750375986099243,40.855918884277344,736.6900024414062,7252.8798828125,15715.5302734375,4242.27001953125
2023-09-13,0.8607000112533569,1.075326681137085,40.61188888549805,734.9299926757812,7222.56982421875,15654.0302734375,4223.47998046875
2023-09-14,0.859279990196228,1.0734220743179321,41.05302429199219,744.4600219726562,7308.669921875,15805.2900390625,4279.75
2023-09-15,0.8575500249862671,1.0637166500091553,40.996707916259766,741.510009765625,7378.81982421875,15893.5302734375,4295.0498046875
2023-09-18,0.8604599833488464,1.0668259859085083,40.73318099975586,735.8499755859375,7276.14013671875,15727.1201171875,4245.8798828125
2023-09-19,0.8633800148963928,1.0692671537399292,40.75199890136719,734.9299926757812,7282.1201171875,15664.48046875,4242.7001953125
2023-09-20,0.8618299961090088,1.0682048797607422,40.73318099975586,738.3200073242188,7330.7900390625,15781.58984375,4275.97998046875
2023-09-21,0.8639100193977356,1.065303087234497,40.09319305419922,731.719970703125,7213.89990234375,15571.8603515625,4212.58984375
2023-09-22,0.8671200275421143,1.0661548376083374,40.06496047973633,730.0900268554688,7184.81982421875,15557.2900390625,4207.16015625
2023-09-25,0.8697500228881836,1.0648492574691772,39.688499450683594,726.6400146484375,7123.8798828125,15405.490234375,4167.3701171875
2023-09-26,0.867110013961792,1.0591648817062378,39.104984283447266,721.4299926757812,7074.02001953125,15255.8701171875,4129.18017578125
2023-09-27,0.8700299859046936,1.0569483041763306,39.0108642578125,721.739990234375,7071.7900390625,15217.4501953125,4131.68017578125
2023-09-28,0.8656200170516968,1.0505305528640747,39.50027847290039,725.989990234375,7116.240234375,15323.5,4161.56005859375
2023-09-29,0.8653900027275085,1.0562450885772705,39.53791046142578,728.7899780273438,7135.06005859375,15386.580078125,4174.66015625
2023-10-02,0.866349995136261,1.0565240383148193,38.84146499633789,724.1799926757812,7068.16015625,15247.2099609375,4137.6298828125
2023-10-03,0.8667399883270264,1.0480751991271973,38.53087615966797,719.6699829101562,6997.0498046875,15085.2099609375,4095.590087890625
2023-10-04,0.8667200207710266,1.0472300052642822,38.860286712646484,720.8599853515625,6996.72998046875,15099.919921875,4099.85009765625
2023-10-05,0.8656100034713745,1.0507071018218994,38.98263168334961,721.75,6998.25,15070.2197265625,4099.81005859375
2023-10-06,0.8652899861335754,1.0546631813049316,39.59437561035156,726.7000122070312,7060.14990234375,15229.76953125,4144.43017578125
2023-10-09,0.8646600246429443,1.056747317314148,39.25556564331055,726.0,7021.39990234375,15128.1103515625,4112.56982421875
2023-10-10,0.8635299801826477,1.0578875541687012,39.8484992980957,738.8900146484375,7162.43017578125,15423.51953125,4205.22998046875
2023-10-11,0.8628299832344055,1.0604791641235352,40.121429443359375,737.780029296875,7131.2099609375,15460.009765625,4200.7998046875
2023-10-12,0.8624899983406067,1.0624282360076904,39.58497619628906,741.52001953125,7104.52978515625,15425.0302734375,4198.22998046875
2023-10-13,0.8647699952125549,1.0536741018295288,39.00144958496094,733.9000244140625,7003.52978515625,15186.66015625,4136.1201171875
2023-10-16,0.8656200170516968,1.0521553754806519,39.43438720703125,735.3900146484375,7022.18994140625,15237.990234375,4149.85986328125
2023-10-17,0.864139974117279,1.0554312467575073,39.49085998535156,736.77001953125,7029.7001953125,15251.6904296875,4152.31982421875
2023-10-18,0.8680999875068665,1.057305932044983,38.73793029785156,729.5700073242188,6965.990234375,15094.91015625,4105.85986328125
2023-10-19,0.8678200244903564,1.053851842880249,38.66263961791992,727.6099853515625,6921.3701171875,15045.23046875,4090.330078125
2023-10-20,0.8720899820327759,1.0586491823196411,38.28618621826172,716.239990234375,6816.22021484375,14798.4697265625,4024.679931640625
2023-10-23,0.8705400228500366,1.0589966773986816,38.54970169067383,719.1799926757812,6850.47021484375,14800.7197265625,4041.75
2023-10-24,0.8708999752998352,1.0669853687286377,38.74734115600586,721.72998046875,6893.64990234375,14879.9404296875,4065.3701171875
2023-10-25,0.8711299896240234,1.059535264968872,38.464996337890625,722.239990234375,6915.06982421875,14892.1796875,4073.35009765625
2023-10-26,0.873009979724884,1.056725025177002,38.295589447021484,719.2999877929688,6888.9599609375,14731.0498046875,4049.39990234375
2023-10-27,0.8704100251197815,1.0564459562301636,37.966182708740234,714.25,6795.3798828125,14687.41015625,4014.360107421875
2023-10-30,0.8719000220298767,1.0562450885772705,38.56852722167969,714.0499877929688,6825.06982421875,14716.5400390625,4028.320068359375
2023-10-31,0.8723999857902527,1.061503529548645,38.72852325439453,718.5999755859375,6885.64990234375,14810.33984375,4061.1201171875
2023-11-01,0.8707000017166138,1.0579099655151367,39.05792999267578,722.22998046875,6932.6298828125,14923.26953125,4091.7099609375
2023-11-02,0.8689699769020081,1.05870521068573,39.999080657958984,736.030029296875,7060.68994140625,15143.599609375,4169.6201171875
2023-11-03,0.8707699775695801,1.0619093179702759,40.29084396362305,736.3099975585938,7047.5,15189.25,4174.669921875
2023-11-06,0.867330014705658,1.0732147693634033,40.06496047973633,735.3400268554688,7013.72998046875,15135.9697265625,4158.64013671875
2023-11-07,0.8680999875068665,1.0721560716629028,39.90496826171875,735.739990234375,6986.22998046875,15152.6396484375,4153.3701171875
2023-11-08,0.8700799942016602,1.0696102380752563,40.28142547607422,734.6400146484375,7034.16015625,15229.599609375,4178.490234375
2023-11-09,0.8717399835586548,1.0710422992706299,40.3190803527832,749.1599731445312,7113.66015625,15352.5400390625,4229.2001953125
2023-11-10,0.8730400204658508,1.0667576789855957,40.639068603515625,746.3099975585938,7045.0400390625,15234.3896484375,4197.35986328125
2023-11-13,0.8741599917411804,1.069015622138977,40.77082443237305,753.4099731445312,7087.06005859375,15345.0,4232.18994140625
2023-11-14,0.8713300228118896,1.0701825618743896,42.02256774902344,758.1500244140625,7185.68017578125,15614.4296875,4291.72021484375
2023-11-15,0.8705999851226807,1.0878314971923828,42.107269287109375,762.8200073242188,7209.60986328125,15748.169921875,4315.52978515625
2023-11-16,0.8737499713897705,1.0854581594467163,42.1260871887207,753.9099731445312,7168.39990234375,15786.6103515625,4302.4501953125
2023-11-17,0.874180018901825,1.0853756666183472,42.671958923339844,758.5900268554688,7233.91015625,15919.16015625,4340.77001953125
2023-11-20,0.8757200241088867,1.090702772140503,42.89783477783203,759.469970703125,7246.93017578125,15901.330078125,4342.41015625
2023-11-21,0.8749799728393555,1.0945948362350464,42.61548614501953,758.5599975585938,7229.4501953125,15900.5302734375,4331.89990234375
2023-11-22,0.870199978351593,1.0918222665786743,42.66254806518555,760.0399780273438,7260.72998046875,15957.8203125,4352.02001953125
2023-11-23,0.8717399835586548,1.0890873670578003,42.66254806518555,762.3200073242188,7277.93017578125,15994.73046875,4361.31982421875
2023-11-24,0.8700000047683716,1.0906314849853516,43.11430358886719,765.6599731445312,7292.7998046875,16029.490234375,4372.10009765625
2023-11-27,0.8682000041007996,1.0940439701080322,42.94489288330078,764.219970703125,7265.490234375,15966.3701171875,4354.41015625
2023-11-28,0.8673099875450134,1.0958423614501953,42.954307556152344,761.3699951171875,7250.1298828125,15992.669921875,4348.02001953125
2023-11-29,0.8655800223350525,1.100594401359558,43.199012756347656,761.989990234375,7267.64013671875,16166.4501953125,4370.52978515625
2023-11-30,0.8642899990081787,1.0973695516586304,43.039005279541016,765.0399780273438,7310.77001953125,16215.4296875,4382.47021484375
2023-12-01,0.8622000217437744,1.0892059803009033,43.340179443359375,771.3699951171875,7346.14990234375,16397.51953125,4418.509765625
2023-12-04,0.856410026550293,1.088814616203308,43.23665237426758,770.6099853515625,7332.58984375,16404.759765625,4414.9501953125
2023-12-05,0.8577799797058105,1.0837758779525757,43.35900115966797,774.0700073242188,7386.990234375,16533.109375,4452.77001953125
2023-12-06,0.8569499850273132,1.0793657302856445,43.37782287597656,776.1799926757812,7435.990234375,16656.439453125,4483.259765625
2023-12-07,0.8571699857711792,1.076669692993164,43.62252426147461,776.3400268554688,7428.52001953125,16628.990234375,4473.77001953125
2023-12-08,0.8569999933242798,1.079214334487915,43.97075271606445,781.8499755859375,7526.5498046875,16759.220703125,4523.31005859375
2023-12-11,0.8574399948120117,1.0765769481658936,44.121337890625,786.4500122070312,7551.52978515625,16794.4296875,4540.18994140625
2023-12-12,0.8575000166893005,1.076658010482788,44.262516021728516,786.1300048828125,7543.5498046875,16791.740234375,4536.60986328125
2023-12-13,0.8589800000190735,1.0798670053482056,44.84603500366211,787.02001953125,7531.22021484375,16766.05078125,4530.18994140625
2023-12-14,0.8621199727058411,1.0886130332946777,45.024845123291016,789.9099731445312,7575.85009765625,16752.23046875,4539.16015625
2023-12-15,0.8608599901199341,1.0993602275848389,44.573097229003906,793.1300048828125,7596.91015625,16751.439453125,4549.43994140625
2023-12-18,0.8597400188446045,1.0895264148712158,44.600460052490234,789.1500244140625,7568.85986328125,16650.55078125,4521.1298828125
2023-12-19,0.863349974155426,1.092382788658142,45.00617218017578,792.47998046875,7574.669921875,16744.41015625,4535.39990234375
2023-12-20,0.8624100089073181,1.0981045961380005,44.31739807128906,793.6900024414062,7583.43017578125,16733.05078125,4533.81982421875
2023-12-21,0.8656899929046631,1.0945708751678467,45.03447723388672,789.8800048828125,7571.39990234375,16687.419921875,4524.85986328125
2023-12-22,0.8676499724388123,1.100618600845337,44.92125701904297,785.4500122070312,7568.81982421875,16706.1796875,4521.47021484375
2023-12-25,0.8649200201034546,1.102657437324524,44.92125701904297,785.4500122070312,7568.81982421875,16706.1796875,4521.47021484375
2023-12-26,0.8670300245285034,1.1020255088806152,45.25148391723633,785.4500122070312,7568.81982421875,16706.1796875,4521.47021484375
2023-12-27,0.8676199913024902,1.1043012142181396,45.4401969909668,786.8400268554688,7571.81982421875,16742.0703125,4528.3798828125
2023-12-28,0.8674700260162354,1.110864281654358,45.062782287597656,787.0399780273438,7535.16015625,16701.55078125,4514.3798828125
2023-12-29,0.8691400289535522,1.1068191528320312,45.109962463378906,786.8200073242188,7543.18017578125,16751.640625,4521.64990234375
2024-01-01,0.8665300011634827,1.1055831909179688,45.109962463378906,786.8200073242188,7543.18017578125,16751.640625,4521.64990234375
2024-01-02,0.8670700192451477,1.1038745641708374,44.45892333984375,783.1099853515625,7530.85986328125,16769.359375,4521.64990234375
2024-01-03,0.8667700290679932,1.0941756963729858,43.84564208984375,779.75,7411.85986328125,16538.390625,4448.1298828125
2024-01-04,0.8620100021362305,1.0927767753601074,44.04377365112305,780.3099975585938,7450.6298828125,16617.2890625,4474.009765625
2024-01-05,0.8630300164222717,1.0947387218475342,43.97772979736328,778.7000122070312,7420.68994140625,16594.2109375,4463.509765625
2024-01-08,0.860319972038269,1.0942236185073853,44.543846130371094,779.0900268554688,7450.240234375,16716.470703125,4485.47998046875
2024-01-09,0.8592100143432617,1.095170259475708,44.05321502685547,777.5800170898438,7426.6201171875,16688.359375,4467.169921875
2024-01-10,0.8599600195884705,1.0932426452636719,44.29853057861328,775.02001953125,7426.080078125,16689.810546875,4468.97998046875
2024-01-11,0.8610100150108337,1.0975141525268555,44.241912841796875,774.5399780273438,7387.6201171875,16547.029296875,4442.27978515625
2024-01-12,0.8593900203704834,1.0981649160385132,44.29853057861328,781.8599853515625,7465.14013671875,16704.560546875,4480.02001953125
2024-01-15,0.8593299984931946,1.0945708751678467,44.29853057861328,779.489990234375,7411.68017578125,16622.220703125,4454.68017578125
2024-01-16,0.8606100082397461,1.0945708751678467,43.487098693847656,778.5399780273438,7398.0,16571.6796875,4446.509765625
2024-01-17,0.8607199788093567,1.087878942489624,43.213470458984375,771.4299926757812,7318.68994140625,16431.689453125,4403.080078125
2024-01-18,0.8586199879646301,1.0885775089263916,43.8267707824707,778.1699829101562,7401.35009765625,16567.349609375,4453.0498046875
2024-01-19,0.85589998960495,1.0879143476486206,43.97772979736328,778.8900146484375,7371.64013671875,16555.130859375,4448.830078125
2024-01-22,0.8576599955558777,1.089229702949524,43.94942855834961,785.5999755859375,7413.25,16683.359375,4480.31982421875
2024-01-23,0.8560100197792053,1.088020920753479,43.864505767822266,787.77001953125,7388.0400390625,16627.08984375,4465.91015625
2024-01-24,0.8553100228309631,1.0857881307601929,44.74198532104492,806.9299926757812,7455.64013671875,16889.919921875,4564.10986328125
2024-01-25,0.8555200099945068,1.088174819946289,44.97786331176758,814.8699951171875,7464.2001953125,16906.919921875,4582.259765625
2024-01-26,0.8535000085830688,1.0847046375274658,45.383583068847656,817.739990234375,7634.14013671875,16961.390625,4635.47021484375
2024-01-29,0.8539199829101562,1.0843517780303955,45.534549713134766,819.9099731445312,7640.81005859375,16941.7109375,4639.35986328125
2024-01-30,0.8521000146865845,1.0834470987319946,45.62889862060547,820.6400146484375,7677.47021484375,16972.33984375,4662.7001953125
2024-01-31,0.8540300130844116,1.08433997631073,45.147701263427734,818.2100219726562,7656.75,16903.759765625,4648.39990234375
2024-02-01,0.8521000146865845,1.0803920030593872,45.694942474365234,822.0900268554688,7588.75,16859.0390625,4638.60009765625
2024-02-02,0.8530700206756592,1.0874648094177246,45.40244674682617,822.530029296875,7592.259765625,16918.2109375,4654.5498046875
2024-02-05,0.8540499806404114,1.0780043601989746,45.23261642456055,824.2899780273438,7589.9599609375,16904.060546875,4655.27001953125
2024-02-06,0.856939971446991,1.0741831064224243,45.60059356689453,831.0900268554688,7638.97021484375,17033.240234375,4690.8701171875
2024-02-07,0.8533300161361694,1.075719952583313,45.610023498535156,830.1300048828125,7611.259765625,16921.9609375,4678.85009765625
2024-02-08,0.8530200123786926,1.077574610710144,45.770423889160156,843.75,7665.6298828125,16963.830078125,4710.77978515625
2024-02-09,0.8538900017738342,1.0777255296707153,46.10066604614258,851.77001953125,7647.52001953125,16926.5,4715.8701171875
2024-02-12,0.8544399738311768,1.0798202753067017,46.091224670410156,854.8800048828125,7689.7998046875,17037.349609375,4746.35009765625
2024-02-13,0.8529599905014038,1.0772264003753662,45.185447692871094,842.6199951171875,7625.31005859375,16880.830078125,4689.27978515625
2024-02-14,0.850409984588623,1.0708931684494019,45.798728942871094,843.6699829101562,7677.35009765625,16945.48046875,4709.22021484375
2024-02-15,0.8538600206375122,1.0732147693634033,46.345985412597656,847.5900268554688,7743.419921875,17046.689453125,4743.169921875
2024-02-16,0.8550999760627747,1.0773887634277344,46.2421875,858.1099853515625,7768.18017578125,17117.439453125,4765.64990234375
2024-02-19,0.8551599979400635,1.0784927606582642,46.2421875,855.8499755859375,7768.5498046875,17092.259765625,4763.06982421875
2024-02-20,0.8560000061988831,1.0775396823883057,46.54411697387695,848.280029296875,7795.22021484375,17068.4296875,4760.27978515625
2024-02-21,0.8561699986457825,1.0813149213790894,46.846046447753906,846.7899780273438,7812.08984375,17118.119140625,4775.31005859375
2024-02-22,0.8561300039291382,1.0820403099060059,47.5914306640625,857.510009765625,7911.60009765625,17370.44921875,4855.35986328125
2024-02-23,0.8548200130462646,1.0825674533843994,47.6197395324707,854.969970703125,7966.68017578125,17419.330078125,4872.56982421875
2024-02-26,0.8537700176239014,1.0820051431655884,47.676353454589844,852.8699951171875,7929.81982421875,17423.23046875,4864.2900390625
2024-02-27,0.8553400039672852,1.0850930213928223,47.90279769897461,852.97998046875,7948.39990234375,17556.490234375,4885.740234375
2024-02-28,0.8548099994659424,1.084481120109558,47.799007415771484,847.4600219726562,7954.39013671875,17601.220703125,4883.77001953125
2024-02-29,0.8560199737548828,1.0838816165924072,47.84618377685547,848.4400024414062,7927.43017578125,17678.189453125,4877.77001953125
2024-03-01,0.8557500243186951,1.0804970264434814,48.03489685058594,854.0999755859375,7934.169921875,17735.0703125,4894.85986328125
2024-03-04,0.8563799858093262,1.084269404411316,48.18585205078125,856.5499877929688,7956.41015625,17716.169921875,4912.919921875
2024-03-05,0.8552899956703186,1.0855170488357544,47.86505126953125,851.1599731445312,7932.81982421875,17698.400390625,4893.06982421875
2024-03-06,0.8544399738311768,1.0855995416641235,48.450042724609375,857.02001953125,7954.740234375,17716.7109375,4915.490234375
2024-03-07,0.8557800054550171,1.089953899383545,49.28034210205078,868.739990234375,8016.22021484375,17842.849609375,4974.22021484375
2024-03-08,0.854449987411499,1.0950144529342651,48.82745361328125,861.9600219726562,8028.009765625,17814.509765625,4961.10986328125
2024-03-11,0.8512300252914429,1.0942955017089844,48.723663330078125,852.3200073242188,8019.72998046875,17746.26953125,4930.419921875
2024-03-12,0.8526099920272827,1.093135118484497,49.2897834777832,860.969970703125,8087.47998046875,17965.109375,4983.2001953125
2024-03-13,0.8539199829101562,1.0927767753601074,49.487918853759766,860.3300170898438,8137.580078125,17961.380859375,5000.5498046875
2024-03-14,0.8555499911308289,1.0955302715301514,49.10107421875,858.75,8161.419921875,17942.0390625,4993.1201171875
2024-03-15,0.8538500070571899,1.0883406400680542,49.176551818847656,851.780029296875,8164.35009765625,17936.650390625,4986.02001953125
2024-03-18,0.8547599911689758,1.0882576704025269,48.92037582397461,853.760009765625,8148.14013671875,17932.6796875,4982.759765625
2024-03-19,0.8542199730873108,1.087393879890442,49.043270111083984,860.6900024414062,8201.0498046875,17987.490234375,5007.919921875
2024-03-20,0.8540099859237671,1.0863306522369385,49.723899841308594,860.5399780273438,8161.41015625,18015.130859375,5000.31005859375
2024-03-21,0.8544099926948547,1.0937210321426392,49.49702072143555,875.4199829101562,8179.72021484375,18179.25,5052.31005859375
2024-03-22,0.8578000068664551,1.0862362384796143,49.241783142089844,876.3400268554688,8151.919921875,18205.939453125,5031.14990234375
2024-03-25,0.8578500151634216,1.0807539224624634,49.39303970336914,877.1500244140625,8151.60009765625,18261.310546875,5044.18994140625
2024-03-26,0.8575699925422668,1.0838228464126587,49.49702072143555,878.4000244140625,8184.75,18384.349609375,5064.18017578125
2024-03-27,0.8578000068664551,1.0832358598709106,49.903507232666016,879.0999755859375,8204.8095703125,18477.08984375,5081.740234375
2024-03-28,0.85698002576828,1.0813382863998413,49.676631927490234,881.780029296875,8205.8095703125,18492.490234375,5083.419921875
2024-03-29,0.8547899723052979,1.0794472694396973,49.676631927490234,881.780029296875,8205.8095703125,18492.490234375,5083.419921875
2024-04-01,0.8540099859237671,1.0792726278305054,49.79006576538086,881.780029296875,8205.8095703125,18492.490234375,5083.419921875
2024-04-02,0.8557400107383728,1.0737217664718628,49.222877502441406,881.4199829101562,8130.0498046875,18283.130859375,5042.0
2024-04-03,0.8561800122261047,1.076855182647705,49.638816833496094,884.0499877929688,8153.22998046875,18367.720703125,5069.25
2024-04-04,0.8566399812698364,1.0838346481323242,49.06217575073242,884.1699829101562,8151.5498046875,18403.130859375,5070.759765625
2024-04-05,0.857200026512146,1.0837054252624512,49.137794494628906,880.6300048828125,8061.31005859375,18175.0390625,5014.75
2024-04-08,0.8578199744224548,1.0830481052398682,49.45920944213867,884.8599853515625,8119.2998046875,18318.970703125,5046.0498046875
2024-04-09,0.8580600023269653,1.0863661766052246,49.16615676879883,881.030029296875,8049.169921875,18076.689453125,4990.89990234375
2024-04-10,0.856440007686615,1.0859296321868896,48.561153411865234,886.6699829101562,8045.3798828125,18097.30078125,5000.830078125
2024-04-11,0.8568000197410583,1.074171543121338,48.5422477722168,883.7899780273438,8023.740234375,17954.48046875,4966.68017578125
2024-04-12,0.8543400168418884,1.0726851224899292,47.5118408203125,883.4500122070312,8010.830078125,17930.3203125,4955.009765625
2024-04-15,0.8543999791145325,1.0649627447128296,47.540199279785156,884.0700073242188,8045.10986328125,18026.580078125,4984.47998046875
2024-04-16,0.8536199927330017,1.0625749826431274,47.398406982421875,874.6699829101562,7932.60986328125,17766.23046875,4916.990234375
2024-04-17,0.8543999791145325,1.0621461868286133,47.46457290649414,865.3499755859375,7981.509765625,17770.01953125,4914.1298828125
2024-04-18,0.856689989566803,1.0669398307800293,47.436222076416016,865.3599853515625,8023.259765625,17837.400390625,4936.56982421875
2024-04-19,0.8558200001716614,1.0644185543060303,47.37950134277344,860.010009765625,8022.41015625,17737.359375,4918.08984375
2024-04-22,0.8611999750137329,1.065825343132019,47.89942169189453,866.510009765625,8040.35986328125,17860.80078125,4936.85009765625
2024-04-23,0.8626000285148621,1.065405249595642,48.76912307739258,874.7899780273438,8105.77978515625,18137.650390625,5008.169921875
2024-04-24,0.8594200015068054,1.0704345703125,48.561153411865234,874.02001953125,8091.85986328125,18088.69921875,4989.8798828125
2024-04-25,0.858709990978241,1.0699878931045532,48.324825286865234,870.27001953125,8016.64990234375,17917.279296875,4939.009765625
2024-04-26,0.8575999736785889,1.072961449623108,48.84474563598633,882.6300048828125,8088.240234375,18161.009765625,5006.85009765625
2024-04-29,0.85589998960495,1.0706866979599,48.69349670410156,882.27001953125,8065.14990234375,18118.3203125,4981.08984375
2024-04-30,0.8531399965286255,1.0715701580047607,47.73871612548828,878.8300170898438,7984.93017578125,17932.169921875,4921.22021484375
2024-05-01,0.8539699912071228,1.0666552782058716,47.58747100830078,878.8300170898438,7984.93017578125,17932.169921875,4921.22021484375
2024-05-02,0.8547400236129761,1.0721560716629028,47.965606689453125,878.7100219726562,7914.64990234375,17896.5,4890.60986328125
2024-05-03,0.8555099964141846,1.073306918144226,48.419349670410156,887.4400024414062,7957.56982421875,18001.599609375,4921.47998046875
2024-05-06,0.8578000068664551,1.0758124589920044,48.89201354980469,891.1300048828125,7996.64013671875,18175.2109375,4956.9599609375
2024-05-07,0.8572700023651123,1.0767507553100586,49.2512321472168,900.0599975585938,8075.68017578125,18430.05078125,5016.10009765625
2024-05-08,0.8599200248718262,1.0750491619110107,49.49702072143555,899.5999755859375,8131.41015625,18498.380859375,5038.169921875
2024-05-09,0.8601599931716919,1.0746910572052002,49.9791374206543,904.2100219726562,8187.64990234375,18686.599609375,5038.169921875
2024-05-10,0.8607800006866455,1.078515887260437,50.15874481201172,910.5900268554688,8219.1396484375,18772.849609375,5085.080078125
2024-05-13,0.8600299954414368,1.077040672302246,50.20601272583008,911.9099731445312,8209.2802734375,18742.220703125,5078.9599609375
2024-05-14,0.8592000007629395,1.079354166984558,50.52742385864258,910.6300048828125,8225.7998046875,18716.419921875,5080.2900390625
2024-05-15,0.859279990196228,1.0814552307128906,50.97172164916992,913.3900146484375,8239.990234375,18869.359375,5100.89990234375
2024-05-16,0.857990026473999,1.0889805555343628,50.45179748535156,913.5599975585938,8188.490234375,18738.810546875,5072.4501953125
2024-05-17,0.8576099872589111,1.0867793560028076,50.593597412109375,913.25,8167.5,18704.419921875,5064.14013671875
2024-05-20,0.8556699752807617,1.0875475406646729,50.52742385864258,914.9500122070312,8195.9697265625,18768.9609375,5064.14013671875
2024-05-21,0.8544399738311768,1.086082935333252,50.470703125,911.510009765625,8141.4599609375,18726.759765625,5046.990234375
2024-05-22,0.8539400100708008,1.0855170488357544,50.00749206542969,910.52001953125,8092.10986328125,18680.19921875,5025.169921875
2024-05-23,0.8509600162506104,1.0825204849243164,49.81843185424805,914.27001953125,8102.330078125,18691.3203125,5037.60009765625
2024-05-24,0.8517199754714966,1.0812681913375854,50.29108428955078,915.2100219726562,8094.97021484375,18693.369140625,5035.41015625
2024-05-27,0.8517000079154968,1.0847634077072144,50.29108428955078,916.0399780273438,8132.490234375,18774.7109375,5059.2001953125
2024-05-28,0.8502900004386902,1.0861891508102417,50.32890319824219,912.22998046875,8057.7998046875,18677.869140625,5030.35009765625
2024-05-29,0.8505399823188782,1.0851871967315674,49.42139434814453,905.8300170898438,7935.02978515625,18473.2890625,4963.2001953125
2024-05-30,0.8506500124931335,1.0801819562911987,49.78062438964844,905.5800170898438,7978.509765625,18496.7890625,4982.18017578125
2024-05-31,0.8508800268173218,1.0835410356521606,50.03585433959961,903.6099853515625,7992.8701171875,18497.939453125,4983.669921875
2024-06-03,0.8515300154685974,1.0853049755096436,50.18709945678711,905.0999755859375,7998.02001953125,18608.16015625,5003.5400390625
2024-06-04,0.8514000177383423,1.0907385349273682,49.81843185424805,901.6799926757812,7937.89990234375,18405.640625,4953.3701171875
2024-06-05,0.8519499897956848,1.0881866216659546,50.6408576965332,918.6699829101562,8006.56982421875,18575.939453125,5035.66015625
2024-06-06,0.8498899936676025,1.087453007698059,50.87718963623047,923.3599853515625,8040.1201171875,18652.669921875,5069.08984375
2024-06-07,0.85139000415802,1.0894432067871094,50.15874481201172,923.7100219726562,8001.7998046875,18557.26953125,5051.31005859375
2024-06-10,0.8467299938201904,1.0778882503509521,49.83734130859375,924.7000122070312,7893.97998046875,18494.890625,5016.47998046875
2024-06-11,0.845740020275116,1.0764262676239014,49.21342468261719,921.25,7789.2099609375,18369.939453125,4965.08984375
2024-06-12,0.8428999781608582,1.0740330219268799,50.11147689819336,931.7899780273438,7864.7001953125,18630.859375,5034.43017578125
2024-06-13,0.8450000286102295,1.0813149213790894,48.986549377441406,924.6099853515625,7708.02001953125,18265.6796875,4935.5
2024-06-14,0.8418200016021729,1.0738831758499146,47.70090866088867,918.719970703125,7503.27001953125,18002.01953125,4839.14013671875
2024-06-17,0.8438000082969666,1.0702168941497803,48.428810119628906,923.1199951171875,7571.56982421875,18068.2109375,4880.419921875
2024-06-18,0.8447999954223633,1.0740677118301392,48.580055236816406,928.1900024414062,7628.7998046875,18131.970703125,4915.47021484375
2024-06-19,0.8450000286102295,1.0742292404174805,48.580055236816406,924.780029296875,7570.2001953125,18067.91015625,4885.4501953125
2024-06-20,0.8449000120162964,1.0751532316207886,48.69349670410156,933.8400268554688,7671.33984375,18254.1796875,4947.72998046875
2024-06-21,0.8456100225448608,1.0706409215927124,48.27755355834961,925.22998046875,7628.56982421875,18163.51953125,4907.2998046875
2024-06-24,0.8456699848175049,1.0687757730484009,48.725608825683594,926.4000244140625,7706.89013671875,18325.580078125,4950.97998046875
2024-06-25,0.8461899757385254,1.0732723474502563,48.76423263549805,926.6400146484375,7662.2998046875,18177.619140625,4935.97021484375
2024-06-26,0.844290018081665,1.0709619522094727,48.368324279785156,923.1300048828125,7609.14990234375,18155.240234375,4915.93994140625
2024-06-27,0.8461300134658813,1.068010926246643,48.37797546386719,925.1099853515625,7530.72021484375,18210.55078125,4902.60009765625
2024-06-28,0.846780002117157,1.0708472728729248,48.310386657714844,923.8499755859375,7479.39990234375,18235.44921875,4894.02001953125
2024-07-01,0.8487100005149841,1.0735257863998413,48.85113525390625,923.0499877929688,7561.1298828125,18290.66015625,4929.990234375
2024-07-02,0.8490200042724609,1.0737102031707764,48.62904357910156,924.6099853515625,7538.2900390625,18164.060546875,4906.330078125
2024-07-03,0.8468999862670898,1.0748412609100342,49.4594841003418,931.0900268554688,7632.080078125,18374.529296875,4965.7998046875
2024-07-04,0.8464999794960022,1.0793308019638062,49.4594841003418,934.8200073242188,7695.77978515625,18450.48046875,4987.47998046875
2024-07-05,0.8475000262260437,1.0810693502426147,49.797454833984375,933.760009765625,7675.6201171875,18475.44921875,4979.39013671875
2024-07-08,0.8453099727630615,1.082602620124817,49.50776672363281,932.8499755859375,7627.4501953125,18472.05078125,4969.830078125
2024-07-09,0.8450899720191956,1.0830950736999512,48.88010787963867,930.7000122070312,7508.66015625,18236.189453125,4903.6201171875
2024-07-10,0.8456299901008606,1.0814785957336426,49.585018157958984,939.6199951171875,7573.5498046875,18407.220703125,4958.85986328125
2024-07-11,0.8428000211715698,1.083329677581787,49.710548400878906,936.0599975585938,7627.1298828125,18534.560546875,4976.1298828125
2024-07-12,0.8413400053977966,1.0872756242752075,50.52167892456055,944.9099731445312,7724.31982421875,18748.1796875,5043.02001953125
2024-07-15,0.8394500017166138,1.0885539054870605,49.87470626831055,937.469970703125,7632.7099609375,18590.890625,4983.10986328125
2024-07-16,0.8402799963951111,1.0901559591293335,49.84573745727539,933.469970703125,7580.02978515625,18518.029296875,4947.830078125
2024-07-17,0.839959979057312,1.0902509689331055,49.1794548034668,916.5399780273438,7570.81005859375,18437.30078125,4891.4599609375
2024-07-18,0.8410300016403198,1.094020128250122,48.802860260009766,916.0399780273438,7586.5498046875,18354.759765625,4870.1201171875
2024-07-19,0.8416399955749512,1.0901559591293335,48.33935546875,907.3099975585938,7534.52001953125,18171.9296875,4827.240234375
2024-07-22,0.842710018157959,1.0899182558059692,49.295326232910156,916.9500122070312,7622.02001953125,18407.0703125,4897.43994140625
2024-07-23,0.8420400023460388,1.0889805555343628,48.96701431274414,914.969970703125,7598.6298828125,18557.69921875,4916.7998046875
2024-07-24,0.840910017490387,1.0850694179534912,48.223480224609375,903.4600219726562,7513.72998046875,18387.4609375,4861.8701171875
2024-07-25,0.8402199745178223,1.0839520692825317,48.02069854736328,898.5700073242188,7427.02001953125,18298.720703125,4811.27978515625
2024-07-26,0.8439099788665771,1.0851283073425293,48.71595001220703,906.6400146484375,7517.68017578125,18417.55078125,4862.5
2024-07-29,0.8434000015258789,1.0853756666183472,48.078636169433594,904.1199951171875,7443.83984375,18320.669921875,4815.39013671875
2024-07-30,0.8412799835205078,1.081946611404419,48.21382522583008,907.989990234375,7474.93994140625,18411.1796875,4841.0
2024-07-31,0.8424000144004822,1.0816072225570679,48.58076858520508,920.6199951171875,7531.490234375,18508.650390625,4872.93994140625
2024-08-01,0.8420000076293945,1.082391619682312,47.24819564819336,907.1400146484375,7370.4501953125,18083.05078125,4872.93994140625
2024-08-02,0.8474400043487549,1.0787602663040161,46.784698486328125,878.9099731445312,7251.7998046875,17661.220703125,4638.7001953125
2024-08-05,0.8531500101089478,1.0910836458206177,46.07978820800781,860.4400024414062,7148.990234375,17339.0,4571.60009765625
2024-08-06,0.8562800288200378,1.0950982570648193,46.099098205566406,866.7000122070312,7130.0400390625,17354.3203125,4575.22021484375
2024-08-07,0.8610000014305115,1.0926215648651123,46.330848693847656,886.0800170898438,7266.009765625,17615.150390625,4668.06005859375
2024-08-08,0.8618800044059753,1.0928125381469727,47.08403778076172,884.489990234375,7247.4501953125,17680.400390625,4668.740234375
2024-08-09,0.8561999797821045,1.0915720462799072,47.17094421386719,883.3699951171875,7269.7099609375,17722.880859375,4675.27978515625
2024-08-12,0.8559200167655945,1.091381311416626,46.99713134765625,885.6500244140625,7250.669921875,17726.470703125,4671.8798828125
2024-08-13,0.8562899827957153,1.0936251878738403,47.759979248046875,888.9099731445312,7275.8701171875,17812.05078125,4694.919921875
2024-08-14,0.8546199798583984,1.0996986627578735,48.09794998168945,890.239990234375,7333.35986328125,17885.599609375,4727.60009765625
2024-08-15,0.8585000038146973,1.1013215780258179,48.86079406738281,905.8599853515625,7423.3701171875,18183.240234375,4807.77001953125
2024-08-16,0.8531200289726257,1.0972732305526733,49.247047424316406,905.6699829101562,7449.7001953125,18322.400390625,4840.52001953125
2024-08-19,0.8514900207519531,1.1024993658065796,49.89401626586914,908.8499755859375,7484.169921875,18421.689453125,4871.41015625
2024-08-20,0.8530200123786926,1.1086474657058716,49.88436508178711,903.0399780273438,7485.72998046875,18357.51953125,4857.580078125
2024-08-21,0.8536800146102905,1.112792730331421,50.376834869384766,907.6500244140625,7524.72021484375,18448.94921875,4885.27978515625
2024-08-22,0.8519700169563293,1.115536093711853,49.913330078125,908.3599853515625,7524.10986328125,18493.390625,4885.0
2024-08-23,0.8486800193786621,1.111716389656067,50.73411560058594,908.5599975585938,7577.0400390625,18633.099609375,4909.2001953125
2024-08-26,0.8467199802398682,1.1187934875488281,50.49271011352539,907.489990234375,7590.3701171875,18617.01953125,4896.68994140625
2024-08-27,0.8462499976158142,1.1164700984954834,50.63754653930664,907.9400024414062,7565.77978515625,18681.810546875,4898.77978515625
2024-08-28,0.8431299924850464,1.117793083190918,50.454078674316406,910.739990234375,7577.669921875,18782.2890625,4913.02978515625
2024-08-29,0.8431599736213684,1.1124955415725708,50.58926773071289,923.780029296875,7640.9501953125,18912.5703125,4966.27001953125
2024-08-30,0.8415200114250183,1.1080454587936401,50.724456787109375,918.6599731445312,7630.9501953125,18906.919921875,4957.97998046875
2024-09-02,0.841189980506897,1.1044842004776,50.724456787109375,920.6900024414062,7646.419921875,18930.849609375,4973.06982421875
2024-09-03,0.8420900106430054,1.1067456007003784,49.81676483154297,908.8499755859375,7575.10009765625,18747.109375,4912.52001953125
2024-09-04,0.842490017414093,1.1048868894577026,49.59467697143555,896.97998046875,7500.97021484375,18591.849609375,4848.18017578125
2024-09-05,0.8424999713897705,1.1080454587936401,49.353267669677734,891.8599853515625,7431.9599609375,18576.5,4815.14990234375
2024-09-06,0.8431000113487244,1.1111111640930176,48.43592071533203,879.2899780273438,7352.2998046875,18301.900390625,4738.06005859375
2024-09-09,0.8441799879074097,1.1087212562561035,48.83182907104492,888.3099975585938,7425.259765625,18443.560546875,4778.66015625
2024-09-10,0.8442999720573425,1.1037527322769165,48.493858337402344,881.8400268554688,7407.5498046875,18265.919921875,4747.2001953125
2024-09-11,0.8424299955368042,1.1020983457565308,49.01529312133789,884.5,7396.830078125,18330.26953125,4763.580078125
2024-09-12,0.8444300293922424,1.1010911464691162,49.3629264831543,893.25,7435.06982421875,18518.390625,4814.080078125
2024-09-13,0.843500018119812,1.1077877283096313,49.59467697143555,899.5999755859375,7465.25,18699.400390625,4843.990234375
2024-09-16,0.8440700173377991,1.1088441610336304,49.87470626831055,895.75,7449.43994140625,18633.109375,4827.6298828125
2024-09-17,0.8424400091171265,1.1129536628723145,49.84573745727539,900.3200073242188,7487.419921875,18726.080078125,4860.77978515625
2024-09-18,0.8446000218391418,1.1123099327087402,49.72020721435547,892.6300048828125,7444.89990234375,18711.490234375,4835.2998046875
2024-09-19,0.8417900204658508,1.1114816665649414,50.90793228149414,908.4199829101562,7615.41015625,19002.380859375,4943.3798828125
2024-09-20,0.8401600122451782,1.1161960363388062,50.25129699707031,897.5499877929688,7500.259765625,18720.009765625,4871.5400390625
2024-09-23,0.8382200002670288,1.1160838603973389,50.23678970336914,903.469970703125,7508.080078125,18846.7890625,4885.56982421875
2024-09-24,0.8323100209236145,1.1111727952957153,50.98154067993164,907.1599731445312,7604.009765625,18996.630859375,4940.72021484375
2024-09-25,0.8334400057792664,1.1191190481185913,50.50761032104492,906.030029296875,7565.6201171875,18918.5,4916.89013671875
2024-09-26,0.8358399868011475,1.1131023168563843,52.045475006103516,911.6599731445312,7742.08984375,19238.359375,5032.58984375
2024-09-27,0.8335000276565552,1.117717981338501,52.045475006103516,917.4299926757812,7791.7900390625,19473.630859375,5067.4501953125
2024-09-30,0.834559977054596,1.1169815063476562,51.49415969848633,910.1199951171875,7635.75,19324.9296875,5000.4501953125
2024-10-01,0.832539975643158,1.113660216331482,50.69137954711914,910.1300048828125,7574.06982421875,19213.140625,4954.14990234375
2024-10-02,0.8335400223731995,1.1063904762268066,50.575313568115234,916.8599853515625,7577.58984375,19164.75,4963.2900390625
2024-10-03,0.8327199816703796,1.1048502922058105,50.04335021972656,910.3499755859375,7477.77978515625,19015.41015625,4921.330078125
2024-10-04,0.840470016002655,1.103557825088501,50.410884857177734,911.8099975585938,7541.35986328125,19120.9296875,4954.93994140625
2024-10-07,0.8359100222587585,1.0974539518356323,50.19810485839844,912.77001953125,7576.02001953125,19104.099609375,4969.7099609375
2024-10-08,0.838699996471405,1.0975743532180786,50.2077751159668,910.1900024414062,7521.31982421875,19066.470703125,4949.0
2024-10-09,0.8381400108337402,1.0975743532180786,50.410884857177734,915.6799926757812,7560.08984375,19254.9296875,4982.56982421875
2024-10-10,0.8372399806976318,1.0943313837051392,50.285152435302734,911.3200073242188,7541.58984375,19210.900390625,4970.33984375
2024-10-11,0.8370100259780884,1.0933860540390015,50.604331970214844,915.9600219726562,7577.89013671875,19373.830078125,5003.919921875
2024-10-14,0.8370800018310547,1.0925379991531372,50.9041633605957,922.6300048828125,7602.06005859375,19508.2890625,5041.009765625
2024-10-15,0.8348699808120728,1.0909169912338257,49.5790901184082,899.4199829101562,7521.97021484375,19486.189453125,4946.72998046875
2024-10-16,0.8328999876976013,1.0884116888046265,49.31793975830078,892.739990234375,7492.0,19432.810546875,4908.7099609375
2024-10-17,0.8358299732208252,1.0862481594085693,49.385650634765625,898.6300048828125,7583.72998046875,19583.390625,4947.2998046875
2024-10-18,0.832040011882782,1.0829542875289917,50.05302047729492,903.4099731445312,7613.0498046875,19657.369140625,4986.27001953125
2024-10-21,0.8326399922370911,1.0868619680404663,49.4146614074707,898.3300170898438,7536.22998046875,19461.189453125,4941.22021484375
2024-10-22,0.8330600261688232,1.0817828178405762,49.23089599609375,897.2999877929688,7535.10009765625,19421.91015625,4939.31005859375
2024-10-23,0.8316199779510498,1.079727053642273,48.921390533447266,889.969970703125,7497.47998046875,19377.619140625,4922.5498046875
2024-10-24,0.8347700238227844,1.0780508518218994,49.30827331542969,895.9000244140625,7503.27978515625,19443.0,4935.4501953125
2024-10-25,0.8342300057411194,1.0824151039123535,49.11482238769531,898.8200073242188,7497.5400390625,19463.58984375,4943.08984375
2024-10-28,0.8331500291824341,1.0796570777893066,49.617774963378906,896.8099975585938,7556.93994140625,19531.619140625,4969.830078125
2024-10-29,0.8337100148200989,1.0816774368286133,49.42433547973633,894.6400146484375,7511.10986328125,19478.0703125,4950.02001953125
2024-10-30,0.8314599990844727,1.0820636749267578,48.950401306152344,881.27001953125,7428.35986328125,19257.33984375,4885.75
2024-10-31,0.8378999829292297,1.0859178304672241,48.60220718383789,874.1799926757812,7350.3701171875,19077.5390625,4827.6298828125
2024-11-01,0.8438599705696106,1.0886130332946777,48.776309967041016,883.6199951171875,7409.10986328125,19254.970703125,4877.75
2024-11-04,0.839460015296936,1.087453007698059,48.68925857543945,879.510009765625,7371.7099609375,19147.849609375,4852.10009765625
2024-11-05,0.8393300175666809,1.0874056816101074,49.13417434692383,882.760009765625,7407.14990234375,19256.26953125,4870.330078125
2024-11-06,0.8382599949836731,1.093445897102356,47.760738372802734,875.4099731445312,7369.60986328125,19039.310546875,4800.6298828125
2024-11-07,0.8329899907112122,1.073306918144226,48.6312255859375,878.5399780273438,7425.60009765625,19362.51953125,4851.9599609375
2024-11-08,0.8314899802207947,1.0795172452926636,47.741397857666016,874.1799926757812,7338.669921875,19215.48046875,4802.759765625
2024-11-11,0.8294900059700012,1.0714898109436035,47.56729507446289,878.2899780273438,7426.8798828125,19448.599609375,4854.02978515625
2024-11-12,0.8282099962234497,1.066439151763916,46.580745697021484,865.1900024414062,7226.97998046875,19033.640625,4744.68994140625
2024-11-13,0.8335000276565552,1.061672568321228,46.33893966674805,862.97998046875,7216.830078125,19003.109375,4740.33984375
2024-11-14,0.8313400149345398,1.0564124584197998,46.73549270629883,874.47998046875,7311.7998046875,19263.69921875,4833.52978515625
2024-11-15,0.8312100172042847,1.0530084371566772,46.60009002685547,862.5,7269.6298828125,19210.810546875,4794.85009765625
2024-11-18,0.8348199725151062,1.0533745288848877,46.75484085083008,865.3699951171875,7278.22998046875,19189.189453125,4790.330078125
2024-11-19,0.8355799913406372,1.059490442276001,46.4743537902832,861.97998046875,7229.64013671875,19060.310546875,4751.22998046875
2024-11-20,0.8355500102043152,1.0607603788375854,46.251895904541016,858.5700073242188,7198.4501953125,19004.779296875,4729.7099609375
2024-11-21,0.8333600163459778,1.0546187162399292,46.15517807006836,866.1300048828125,7213.31982421875,19146.169921875,4755.830078125
2024-11-22,0.831849992275238,1.0469341278076172,46.135826110839844,879.7999877929688,7255.009765625,19322.58984375,4789.080078125
2024-11-25,0.8320900201797485,1.0479873418807983,46.37763214111328,879.4000244140625,7257.47021484375,19405.19921875,4799.8701171875
2024-11-26,0.8333100080490112,1.0444300174713135,46.0681266784668,875.1400146484375,7194.509765625,19295.98046875,4761.990234375
2024-11-27,0.83433997631073,1.0491198301315308,46.280906677246094,874.47998046875,7143.02978515625,19261.75,4733.14990234375
2024-11-28,0.8331300020217896,1.0562450885772705,46.280906677246094,876.5800170898438,7179.25,19425.73046875,4758.64990234375
2024-11-29,0.8318300247192383,1.0563008785247803,46.977298736572266,881.72998046875,7235.10986328125,19626.44921875,4804.39990234375
2024-12-02,0.8301200270652771,1.0545074939727783,47.112709045410156,887.6500244140625,7236.89013671875,19933.619140625,4846.72998046875
2024-12-03,0.829509973526001,1.0501223802566528,47.431888580322266,889.9199829101562,7255.419921875,20016.75,4878.509765625
2024-12-04,0.8292400240898132,1.0510826110839844,47.77041244506836,891.6300048828125,7303.27978515625,20232.140625,4919.02001953125
2024-12-05,0.8276299834251404,1.051414132118225,48.37975311279297,894.4000244140625,7330.5400390625,20358.80078125,4951.580078125
2024-12-06,0.8295999765396118,1.058559536933899,48.54417037963867,891.6699829101562,7426.8798828125,20384.609375,4977.77978515625
2024-12-09,0.8286899924278259,1.0565463304519653,48.52482986450195,894.719970703125,7480.14013671875,20345.9609375,4985.4599609375
2024-12-10,0.8278099894523621,1.0555204153060913,48.09926223754883,893.4199829101562,7394.77978515625,20329.16015625,4951.740234375
2024-12-11,0.8240299820899963,1.0532968044281006,48.2540168762207,896.1400146484375,7423.39990234375,20399.16015625,4959.35009765625
2024-12-12,0.822950005531311,1.0506850481033325,47.95418167114258,894.4199829101562,7420.93994140625,20426.26953125,4965.52978515625
2024-12-13,0.8257799744606018,1.0474056005477905,48.2540168762207,893.5499877929688,7409.56982421875,20405.919921875,4967.9501953125
2024-12-16,0.8322799801826477,1.051005244255066,48.00254440307617,891.47998046875,7357.080078125,20313.810546875,4947.02978515625
2024-12-17,0.8286299705505371,1.0517348051071167,48.01221466064453,889.6599731445312,7365.7001953125,20246.369140625,4942.580078125
2024-12-18,0.8256300091743469,1.0495051145553589,46.79352951049805,892.6599731445312,7384.6201171875,20242.5703125,4957.27978515625
2024-12-19,0.8235399723052979,1.0350252389907837,46.677467346191406,878.8300170898438,7294.3701171875,19969.859375,4879.0
2024-12-20,0.8292700052261353,1.0364949703216553,46.696807861328125,875.4400024414062,7274.47998046875,19884.75,4862.27978515625
2024-12-23,0.8299700021743774,1.0433076620101929,46.965599060058594,872.219970703125,7272.31982421875,19848.76953125,4852.93017578125
2024-12-24,0.8300899863243103,1.0405826568603516,47.13056564331055,876.260009765625,7282.68994140625,19848.76953125,4852.93017578125
2024-12-25,0.8289999961853027,1.0402579307556152,47.13056564331055,876.260009765625,7282.68994140625,19848.76953125,4852.93017578125
2024-12-26,0.8289999961853027,1.0399551391601562,47.33433151245117,876.260009765625,7282.68994140625,19848.76953125,4852.93017578125
2024-12-27,0.8317999839782715,1.0423181056976318,47.14026641845703,879.7000122070312,7355.3701171875,19984.3203125,4898.8798828125
2024-12-30,0.8290799856185913,1.0429377555847168,46.75212097167969,871.7999877929688,7313.56005859375,19909.140625,4869.27978515625
2024-12-31,0.8291900157928467,1.040615200996399,46.7230110168457,878.6300048828125,7380.740234375,19909.140625,4869.27978515625
2025-01-02,0.8268300294876099,1.0351860523223877,46.24753189086914,887.1699829101562,7393.759765625,20024.66015625,4869.27978515625
2025-01-03,0.8293399810791016,1.0268205404281616,46.519229888916016,884.5900268554688,7282.22021484375,19906.080078125,4871.4501953125
2025-01-06,0.829230010509491,1.0305347442626953,47.7127799987793,891.5599975585938,7445.68994140625,20216.189453125,4986.64013671875
2025-01-07,0.8299000263214111,1.0386372804641724,47.85832977294922,893.9600219726562,7489.35009765625,20340.5703125,5011.81982421875
2025-01-08,0.8289600014686584,1.034554123878479,47.64485168457031,889.0,7452.419921875,20329.939453125,4996.39013671875
2025-01-09,0.8344799876213074,1.0314701795578003,47.64485168457031,895.8300170898438,7490.27978515625,20317.099609375,5017.91015625
2025-01-10,0.8371599912643433,1.0297601222991943,47.247005462646484,890.2999877929688,7431.0400390625,20214.7890625,4977.259765625
2025-01-13,0.8393099904060364,1.0244431495666504,47.06263732910156,885.280029296875,7408.64013671875,20132.849609375,4954.2099609375
2025-01-14,0.8390799760818481,1.0265253782272339,47.50899887084961,884.97998046875,7423.669921875,20271.330078125,4980.47021484375
2025-01-15,0.8439099788665771,1.0306835174560547,47.99419021606445,893.9400024414062,7474.58984375,20574.6796875,5032.31005859375
2025-01-16,0.8408499956130981,1.0295268297195435,48.73166275024414,907.6599731445312,7634.740234375,20655.390625,5106.93017578125
2025-01-17,0.8418999910354614,1.0301949977874756,48.9354362487793,914.239990234375,7709.75,20903.390625,5148.2998046875
2025-01-20,0.8443899750709534,1.0277386903762817,48.9354362487793,917.510009765625,7733.5,20990.310546875,5164.43994140625
2025-01-21,0.8449599742889404,1.0420682430267334,50.031951904296875,914.6400146484375,7770.9501953125,21042.0,5165.9599609375
2025-01-22,0.843529999256134,1.0405935049057007,50.13868713378906,914.4500122070312,7837.39990234375,21254.26953125,5205.830078125
2025-01-23,0.8452100157737732,1.0410159826278687,50.526832580566406,909.1099853515625,7892.60986328125,21411.529296875,5217.5
2025-01-24,0.8431599736213684,1.041601538658142,50.614166259765625,901.3300170898438,7927.6201171875,21394.9296875,5219.3701171875
2025-01-27,0.8401299715042114,1.0467586517333984,50.691795349121094,894.8400268554688,7906.580078125,21282.1796875,5188.4501953125
2025-01-28,0.8381900191307068,1.0445064306259155,50.38127899169922,898.4099731445312,7897.3701171875,21430.580078125,5195.7099609375
2025-01-29,0.8382200002670288,1.0429050922393799,50.49772262573242,904.9400024414062,7872.47998046875,21637.529296875,5230.66015625
2025-01-30,0.8369500041007996,1.0425245761871338,51.03142166137695,919.0,7941.64013671875,21727.19921875,5282.2099609375
2025-01-31,0.8368200063705444,1.0397279262542725,50.57535171508789,921.9400024414062,7950.169921875,21732.05078125,5286.8701171875
2025-02-03,0.8336399793624878,1.024779200553894,49.64380645751953,916.27001953125,7854.919921875,21428.240234375,5217.91015625
2025-02-04,0.8306599855422974,1.0327378511428833,50.71120071411133,919.469970703125,7906.39990234375,21505.69921875,5264.58984375
2025-02-05,0.8312900066375732,1.0372798442840576,51.01201248168945,919.4500122070312,7891.68017578125,21585.9296875,5271.1201171875
2025-02-06,0.8317599892616272,1.0400848388671875,51.4389762878418,925.1300048828125,8007.6201171875,21902.419921875,5356.6298828125
2025-02-07,0.835070013999939,1.0385725498199463,50.895572662353516,924.0999755859375,7973.02978515625,21787.0,5325.39990234375
2025-02-10,0.832099974155426,1.0311616659164429,51.34193801879883,931.72998046875,8006.22021484375,21911.740234375,5358.2998046875
2025-02-11,0.8334299921989441,1.0301525592803955,51.87563705444336,938.9199829101562,8028.89990234375,22037.830078125,5390.91015625
2025-02-12,0.8323400020599365,1.0364949703216553,52.53548812866211,942.6099853515625,8042.18994140625,22148.029296875,5405.64990234375
2025-02-13,0.8346099853515625,1.039198637008667,53.04007339477539,946.5800170898438,8164.10986328125,22612.01953125,5500.5
2025-02-14,0.8326299786567688,1.0461673736572266,53.399105072021484,946.6099853515625,8178.5400390625,22513.419921875,5493.39990234375
2025-02-17,0.8335000276565552,1.0489217042922974,53.399105072021484,948.5399780273438,8189.1298828125,22798.08984375,5519.830078125
2025-02-18,0.8306900262832642,1.048536777496338,53.69021987915039,947.0599975585938,8206.5595703125,22844.5,5533.83984375
2025-02-19,0.8275200128555298,1.044833779335022,52.816890716552734,942.280029296875,8110.5400390625,22433.630859375,5461.169921875
2025-02-20,0.8281499743461609,1.0421009063720703,53.175926208496094,938.5800170898438,8122.580078125,22314.650390625,5461.02978515625
2025-02-21,0.8287000060081482,1.0500562191009521,52.836299896240234,937.5800170898438,8154.509765625,22287.560546875,5474.85009765625
2025-02-24,0.828000009059906,1.0474823713302612,52.70044708251953,934.4199829101562,8090.990234375,22425.9296875,5453.759765625
2025-02-25,0.8290200233459473,1.0461344718933105,53.24385452270508,929.780029296875,8051.06982421875,22410.26953125,5447.89990234375
2025-02-26,0.8301200270652771,1.0524100065231323,53.399105072021484,932.0900268554688,8143.919921875,22794.109375,5527.990234375
2025-02-27,0.8270099759101868,1.0488777160644531,52.25408172607422,925.9099731445312,8102.52001953125,22550.890625,5472.56005859375
2025-02-28,0.8250200152397156,1.039511799812317,52.45785903930664,921.9199829101562,8111.6298828125,22551.4296875,5463.5400390625
2025-03-03,0.826170027256012,1.0413846969604492,53.4864387512207,930.4099731445312,8199.7099609375,23147.01953125,5540.68994140625
2025-03-04,0.8254299759864807,1.0485037565231323,53.641700744628906,914.0499877929688,8047.919921875,22326.810546875,5387.31005859375
2025-03-05,0.8304200172424316,1.062699317932129,55.35924530029297,909.510009765625,8173.75,23081.029296875,5489.1201171875
2025-03-06,0.8372899889945984,1.0794938802719116,54.87406539916992,910.719970703125,8197.669921875,23419.48046875,5520.47021484375
2025-03-07,0.837119996547699,1.0787951946258545,55.553314208984375,911.3400268554688,8120.7998046875,23008.939453125,5468.41015625
2025-03-10,0.8397499918937683,1.086059331893921,54.04925537109375,902.5399780273438,8047.60009765625,22620.94921875,5386.97998046875
2025-03-11,0.8417900204658508,1.0839403867721558,54.13658905029297,889.6900024414062,7941.91015625,22328.76953125,5309.89990234375
2025-03-12,0.8430699706077576,1.0914170742034912,54.14628982543945,899.239990234375,7988.9599609375,22676.41015625,5359.419921875
2025-03-13,0.8396499752998352,1.0886249542236328,53.5252571105957,897.969970703125,7938.2099609375,22567.140625,5328.39013671875
2025-03-14,0.8377299904823303,1.085564136505127,54.80613708496094,905.6300048828125,8028.27978515625,22986.8203125,5404.18017578125
2025-03-17,0.8414499759674072,1.0881274938583374,55.43687438964844,913.9500122070312,8073.97998046875,23154.5703125,5445.5498046875
2025-03-18,0.8408100008964539,1.091917634010315,55.650352478027344,913.969970703125,8114.56982421875,23380.69921875,5485.009765625
2025-03-19,0.8414199948310852,1.093948245048523,55.74739074707031,922.75,8171.47021484375,23288.060546875,5507.35986328125
2025-03-20,0.8386099934577942,1.0911908149719238,54.883766174316406,919.260009765625,8094.2001953125,22999.150390625,5450.93017578125
2025-03-21,0.8371700048446655,1.0856702327728271,54.35006332397461,914.8300170898438,8042.9501953125,22891.6796875,5423.830078125
2025-03-24,0.8383299708366394,1.0835762023925781,54.35590362548828,915.6699829101562,8022.330078125,22852.66015625,5415.7900390625
2025-03-25,0.8358700275421143,1.0803569555282593,54.88126754760742,921.0,8108.58984375,23109.7890625,5475.080078125
2025-03-26,0.8332599997520447,1.0787487030029297,53.8208122253418,917.0900268554688,8030.68017578125,22839.029296875,5411.68994140625
2025-03-27,0.8341000080108643,1.0742061138153076,53.78189468383789,914.6799926757812,7990.10986328125,22678.740234375,5381.080078125
2025-03-28,0.833899974822998,1.080100178718567,53.51920700073242,907.4600219726562,7916.080078125,22461.51953125,5331.39990234375
