Date,EURGBP=X,EURUSD=X,FEZ,^AEX,^FCHI,^GDAXI,^STOXX50E
2008-09-03,0.0028195225844139396,-0.0020591425221934043,-0.0033276969001099564,-0.020414352169417598,-0.020463188587310215,-0.007851593660240125,-0.013997864879175313
2008-09-04,-0.009470615055069803,-0.015381144871580115,-0.05063525106196514,-0.022776610092523606,-0.032711826119102616,-0.029486646317596298,-0.028344124350238604
2008-09-05,-0.004210493065209591,0.0006992204603605389,-0.008804816146174486,-0.02021969483690634,-0.02525808376530376,-0.024524443917689015,-0.027550050475229036
2008-09-08,-0.0036054049376676093,0.052877595352298176,0.012086475516358221,0.024290244385439443,0.03362685435103135,0.022000453332528598,0.030385891265847814
2008-09-09,-0.0002491693933388628,-0.061773920728298674,-0.02723486128608237,-0.007702795683619705,-0.010850913999207606,-0.004853928571965696,-0.007043384062472585
2008-09-10,-0.0064991715120123385,-0.0116888800173726,0.003584268563743492,-0.00463513380934842,-0.002257127575966245,-0.0037111635448380895,-0.0058587849967566144
2008-09-11,0.0,0.0008533801121197061,0.001788214476252581,-0.003407668919315557,-0.008107726740175122,-0.005072149809164345,-0.006163247145692381
2008-09-12,-0.004650316812816809,0.01727956539955487,0.019237724479734992,0.0176996016488452,0.01948161407569329,0.009020712268196996,0.017206236337907174
2008-09-15,0.0006297127088587786,0.002038383758058949,-0.04364575718977126,-0.03704174002415031,-0.03851265373137502,-0.027764899580363413,-0.039465799888465124
2008-09-16,-0.0026473268286176643,-0.009430018949630171,-0.008270219895388673,-0.036606213389784086,-0.019760007236246203,-0.016458517354599467,-0.02011093861510477
2008-09-17,-0.0037941374856386876,0.013648198564252673,-0.033543783601626666,-0.03906124522025242,-0.021587159603774064,-0.017620719858717146,-0.02281337891343621
2008-09-18,-0.0017755158462863562,-0.0017037373595343327,0.035157442324697336,-0.015014978446942407,-0.01061838530000489,0.0004162160045370995,-0.0059605270214591844
2008-09-19,0.0019022394345188669,0.007870055715632056,0.07852135553592746,0.08231063807806727,0.08867860692832183,0.05412608241169288,0.08084855005911006
2008-09-22,0.008703874412308766,0.02588063811327514,-0.03256880299099907,-0.017542877376257798,-0.023715628830642214,-0.013300663594544264,-0.022299841305453476
2008-09-23,-0.0059205377996604065,-0.006988811716418743,-0.01601837066864887,-0.020328332497557847,-0.02001421422411687,-0.006442090880630584,-0.013268968648667936
2008-09-24,-0.0006318657605514481,-0.00407634787619441,-0.0008970501369432007,-0.019279479526249883,-0.00612521494403166,-0.002583806624149097,-0.0063901450102121764
2008-09-25,0.005547183650109095,0.0006002187028517666,0.03159451308530031,0.02391996169159219,0.02692053407428238,0.019657209383988235,0.027591715387667703
2008-09-26,-0.005168001220283355,-0.0029387224335763865,-0.008957566158187715,-0.040810767898938616,-0.01512036907378369,-0.017902577355269424,-0.015919119480267356
2008-09-29,0.009683815751092511,-0.014191183822729327,-0.10421503554929687,-0.0915803288259752,-0.051731017459396976,-0.04320931488962025,-0.048112584597934584
2008-09-30,-0.010189449402904865,-0.020838726747097962,0.03658524290221073,0.024123381741727082,0.019691157501383446,0.004114069301996008,0.009926669211708341
2008-10-01,0.001263567445920504,-0.005706855754467501,0.00046949887469868127,0.008382263074273134,0.005549894301010958,-0.004243230330660666,0.009548809769104835
2008-10-02,-0.01219680200297226,-0.014968789940075682,-0.04930679151100786,-0.010254660903145274,-0.022765277919699123,-0.025413542457250856,-0.019701531360100666
2008-10-03,-0.004612437849727428,-0.0016694470894127007,0.0051640028017197045,0.03909515559539429,0.0292088224021816,0.023810507634590975,0.034737793097424245
2008-10-06,-0.005150015447993547,-0.020520458544919223,-0.0627572999004243,-0.0959033203472858,-0.09471537333528243,-0.07335522386375715,-0.08189722009862149
2008-10-07,0.0043792287303678415,0.006136527503310467,-0.039690980381102525,-0.010032222781128884,0.005437801306059358,-0.011271710468494615,0.0036462166028340434
2008-10-08,0.01353093254318002,0.09599245337352873,-0.025317722981927793,-0.07996191490038512,-0.06512925168885653,-0.06056051359779822,-0.06636805407192427
2008-10-09,0.008836246707188465,-0.0952585030440745,-0.0755238161547072,-0.013001618624786174,-0.015617938270929591,-0.025579614155696973,-0.024612457258046776
2008-10-10,-0.021082839084062808,-0.014820246346670198,-0.04267740366411039,-0.08864736933968674,-0.08047922253684617,-0.0727027044713133,-0.08207875797218589
2008-10-13,0.0020515804795665647,0.016575979413581615,0.16156114805235045,0.10028274441759912,0.10594589934068788,0.10797468060459708,0.10437647119412286
2008-10-14,0.0010241377575474918,-0.00028603250445005587,-0.026776441665588364,-0.0026676250495167885,0.027102147156254367,0.026652238532239855,0.025132330025113267
2008-10-15,0.0008953085791258388,-0.012867675287039186,-0.121386858512887,-0.07861440448014578,-0.07063260935965483,-0.0671290844301781,-0.06701161781803491
2008-10-16,-0.005769580602009708,0.003420673689635183,0.04419570450925479,-0.05856403576376709,-0.06099663489643233,-0.05037099054049365,-0.061700624132183406
2008-10-17,-0.001286653687739773,-0.004978869049058091,-0.012515080948280926,0.01687028346924633,0.045752643451215026,0.03371600883560011,0.04374003507790429
2008-10-20,0.0005148754897257163,-0.00820799603272654,0.048861618044585456,0.06577411652204869,0.034994000310133666,0.01116438186241109,0.03168255202790488
2008-10-21,0.007563609792310766,-0.019120233843420667,-0.0633589819463173,-0.00018567593485358135,0.007767295678377348,-0.0105204007054951,-0.0056439623842139824
2008-10-22,0.009912373935651662,-0.01888969224809695,-0.08903238413739072,-0.05447149184501347,-0.052338771752629173,-0.04561547326251949,-0.05577940731364847
2008-10-23,0.009063509780298682,0.009956725545702923,0.01975687211929176,0.010800815542341585,0.0038402496724469354,-0.011301611539242468,-0.002419529248069781
2008-10-24,-0.004143851655621061,-0.024638939857002468,-0.057368854634879965,-0.047371771823214504,-0.036002718542497786,-0.050838142746909384,-0.049641249318196176
2008-10-27,0.009393259161738242,-0.013174293530413102,-0.049550453676421795,-0.036524253530824446,-0.0403942830949223,0.009031072915635843,0.0
2008-10-28,-0.007758786832355699,0.027254175474300528,0.1262936077158167,0.003620601720244253,0.015389416156605941,0.10685088680781094,0.02053107677717931
2008-10-29,-0.005795642284133372,0.011659930314412394,0.011446823310941642,0.08696226799694519,0.08832760388464495,-0.0030647945836101555,0.054562130235212614
2008-10-30,-0.006592351983162041,-0.0070637075725948064,0.01910219676510635,-0.007462837445858413,0.0015417621999788043,0.01252546391944427,0.0050760918443356175
2008-10-31,0.007476465632183755,-0.012989200305231121,0.021783545956039565,0.03822755261538497,0.022989050927994945,0.024078906951446197,0.024892870982492137
2008-11-03,0.009799052011186154,-0.006633764291643426,-0.01652437705164691,0.019678856620491528,0.011660764744501265,0.0077624685552169104,0.007028376475480835
2008-11-04,0.018333242434355964,0.028593508882069955,0.09162859525533286,0.0642614592611297,0.045199204795163477,0.048763299088972804,0.05409547950561115
2008-11-05,0.0003681538683345802,-0.005089801198032505,-0.06363751396726379,-0.04098231034670713,-0.019970011459176786,-0.02128771207965261,-0.016272618856250403
2008-11-06,-0.000613713886895326,-0.01741593036892256,-0.06860737124623882,-0.06976262850369182,-0.06593343699443979,-0.07082813595694848,-0.0642214988519885
2008-11-07,-0.0029509194779719808,0.0014990597560185584,0.06439786886569097,0.019418146659319322,0.023882610526566407,0.025614557752966033,0.023520982583662055
2008-11-10,0.003564633364867344,0.002660882597178923,-0.0219322544255084,0.005292322180668842,0.010503484353653328,0.017477344471644833,0.00891297209099551
2008-11-11,-0.0020880484918540036,-0.01836591218615012,-0.04278701329622398,-0.03815363700308884,-0.04950912534413168,-0.053951315923329426,-0.05568768815986159
2008-11-12,0.027767755730254296,-0.004557884112118673,-0.05585467164006713,-0.031125403726617963,-0.031187971864709684,-0.03001175433811081,-0.03393617107155335
2008-11-13,0.025503162533625844,0.026115889570376614,0.09648395958055833,0.0028445230786992405,0.010917441294292465,0.006196184657164808,0.012089522481822117
2008-11-14,-0.005025427796692421,-0.0151039700456851,-0.06668122265632388,0.009991502689931117,0.006709442887797137,0.012974919237400268,0.011607604245931298
2008-11-17,-0.01249725119690766,0.0037230246233954153,-0.02336521206725457,-0.024620326788430746,-0.033814897487059604,-0.03301514758421425,-0.03876797503255181
2008-11-18,0.0015411501034060732,-0.000556132234981122,0.005052788569955955,0.01726572043205917,0.011054182510722144,0.004859553501931794,0.010629076141213091
2008-11-19,-0.010957752044269133,-0.010471644434272998,-0.07065061083658071,-0.05116310047469724,-0.04108557464324857,-0.050467720459882105,-0.040445506175430725
2008-11-20,0.009772511772878311,-0.005313025748497885,-0.05104637627841251,-0.04421885215859638,-0.03542377100745755,-0.03123303079039332,-0.03068798466232101
2008-11-21,0.0010667582560524736,0.012139198333224207,0.046347850457022284,-0.021698087637769013,-0.03383650210883474,-0.022232437105810642,-0.027361200203278088
2008-11-24,0.009902265145986461,0.02562069748939223,0.08704165039104973,0.09790448273856796,0.09616931361012872,0.09842831647389962,0.09438599478338924
2008-11-25,-0.009310065970740142,0.00896618244535278,0.020381936545251986,-8.136779579473838e-05,0.011736858879541925,0.0013362614786289267,0.0023498200451923445
2008-11-26,-0.004390416868512154,-0.010399079114808474,0.002274852468885762,-0.0027698293707560957,-0.012449575386177377,1.7559221150420475e-05,-0.005075870006882913
2008-11-27,-0.0042903192030565,-0.00032239832092330133,0.0,0.032505533777480305,0.025090657127816322,0.022713447986400733,0.022555004494468272
2008-11-28,-0.014799060400582638,-0.015406356418535274,-0.005861062853105153,-0.0028073463348029177,0.0037739664954511403,0.0008934229707876765,0.0009633401358031888
2008-12-01,0.026553394597882155,-0.007816670136345322,-0.09446135107010076,-0.06989834754136585,-0.057479747149788235,-0.06061938028129998,-0.06017037874671783
2008-12-02,0.0068227636793576915,0.009023625248262727,0.06597311117598921,0.02449579901491502,0.02325345782133399,0.030697256239870914,0.02832271608721716
2008-12-03,0.00759128411969118,-0.0004194168685256278,0.009364373807940895,0.0028962615440650723,0.004351582667362041,0.007792121493517337,0.00651622854949189
2008-12-04,0.012027434637331838,0.005185596045427085,-0.025283386317697214,-0.0051362479073736225,-0.0017351948850676277,-0.0006593142055924395,-0.0003376987393534438
2008-12-05,-0.005186402284279272,-0.004473666898441223,0.006126724109481463,-0.048325158056105585,-0.05633140378913871,-0.04086548728702193,-0.05049099951136142
2008-12-08,0.003460565671271791,0.159631874406008,0.06216005459437422,0.07827091237370558,0.08327168769239356,0.0735511786544771,0.08393540279541395
2008-12-09,0.008599483218994787,-0.14332363787441182,-0.00511474157503244,0.021017320974788034,0.015376289345154167,0.013318795881984294,0.012782957807645434
2008-12-10,0.003874238907385659,0.006783340415443277,0.03743161654038392,0.01083338515684803,0.006802575419408684,0.005377735644501858,0.005944124838689595
2008-12-11,0.00860611065954613,0.023983908263089614,-0.0018539981191141904,-0.005401992424713383,-0.004279884086166717,-0.007872872315004267,-0.004091652759801385
2008-12-12,0.007414056419481,0.0018011885169566776,0.00432072846901894,-0.027941020922503952,-0.02838645117288281,-0.022020783553856126,-0.027112556518959427
2008-12-15,0.0016773954519642082,0.025289060823933424,0.005221508711641886,-0.0025865891188712846,-0.008732373133991344,-0.001835183747535802,-0.004740597759984214
2008-12-16,0.008344964184010182,0.02636695123180153,0.07123720492138866,0.004642977869917763,0.020506146827377423,0.016003003753822135,0.0176586049927628
2008-12-17,0.02894009922389258,0.02433972096073151,-0.004288170791883541,-0.0020160484675078535,-0.002999885359946925,-0.004562332942560644,-0.0024107727187217733
2008-12-18,0.021510737364150316,-0.008036335195657648,-0.029662256624425558,0.008520308672362618,-0.002399610711605197,0.010147184119172488,0.0032510366351159556
2008-12-19,-0.020112385831588944,-0.026015022679856767,-0.02117464932459373,-0.0013616260880974832,-0.0025541612633030544,-0.012630883015317937,-0.003381981432981711
2008-12-22,0.011861008046838987,0.002370156525694562,-0.012505686771570781,-0.02474868046040525,-0.023377811028640755,-0.012357034789916706,-0.01920422859992924
2008-12-23,0.003816799973898528,-0.0015203206361005621,0.0003069437544138127,0.0043447932974308885,-0.007309279613201913,-0.0020802167141335355,-0.006489852009745608
2008-12-24,0.003169596916913399,0.0050862869862819855,0.004897328699153123,-0.01069091653051073,-0.003907352870694328,0.0,0.0
2008-12-25,0.0014756974118723919,0.00043431648775933164,0.0,0.0,0.0,0.0,0.0
2008-12-26,0.010269415110992624,0.0008553197495614791,0.00304822154049572,0.0,0.0,0.0,0.0
2008-12-29,0.010474503306217372,0.000856032321046737,-0.0006082222020840603,-0.004516161711130158,0.0046454933924239585,0.01617306342604659,0.0025826379745652536
2008-12-30,0.00811717772770521,0.007171514794892139,0.039712389942722894,0.023678261192924505,0.027226620644707298,0.022142715942226075,0.02611007961307426
2008-12-31,-0.03382389079691246,-0.011388330538015646,0.005546288647279561,-0.0025988781950724215,0.00026109552750412,0.0,0.0
2009-01-01,0.006436317589490335,0.0013569437686815394,0.0,0.0,0.0,0.0,0.0
2009-01-02,0.007857138386534825,-0.005444765780106236,0.016744064010127752,0.048763089537498285,0.04011706988741897,0.03329861639872029,0.0
2009-01-05,-0.03363892482629532,-0.020096308939095725,-0.025809268856877027,0.013653748491849194,0.003049354166399844,0.0021935017908039393,0.040737770484094035
2009-01-06,-0.023918574486146125,-0.01000690086785891,0.008483072788897138,0.02821010118548453,0.010745898905287125,0.008455306056360357,0.009750973739551343
2009-01-07,-0.002323899543886983,0.00744470286978558,-0.013784677437347487,-0.015833762654208335,-0.01487051356313538,-0.01783303037219249,-0.015587588944695616
2009-01-08,-0.0035516070502955733,0.006445180304046515,0.009990522824896665,-0.0016993460007062589,-0.006524352713177225,-0.011726288681265795,-0.008700158245346019
2009-01-09,-0.012981401762902965,-0.017974966191582543,-0.045768158007604975,0.005991299911317251,-0.007497231703445359,-0.01987275743913596,-0.011980583552982631
2009-01-12,0.015202675251923939,-0.007079140061624425,-0.022911095373849936,-0.016591937293889858,-0.01631046875476055,-0.013525738940168867,-0.014061282799840336
2009-01-13,0.008835883129733421,-0.011899495401654747,-0.018970032131189165,-0.004057102067348521,-0.014969289355686335,-0.017673659422927757,-0.016693307529122115
2009-01-14,-0.006619598741174038,0.0011360039066815892,-0.05376605951031249,-0.052840630476425954,-0.046694070308681855,-0.04738340219730718,-0.047918422526220125
2009-01-15,-0.007332576314709406,-0.004470509656238252,-0.0026980700818475477,-0.015155513413483765,-0.018559141090156297,-0.01955064769489394,-0.017906043053818935
2009-01-16,0.003784120007018941,0.01013017565649983,0.01308534830381711,0.02011648392770218,0.0069421206395188515,0.006790735398072876,0.010477910926490945
2009-01-19,0.008076626424450215,-0.015013162734404933,0.0,-0.013488273036693955,-0.009010409472379794,-0.011549822806666247,-0.012819357349090892
2009-01-20,0.022769055265881074,-0.016093174041099355,-0.08955992918748355,-0.021058617567580835,-0.021779470886068755,-0.017833601695511937,-0.02317087417255701
2009-01-21,0.008686882700407194,0.009281438754452476,0.04873741544982406,-0.010045682653546151,-0.00676060460444747,0.005011139691806131,-0.005636592292325336
2009-01-22,0.00010679258103384814,0.00013006218851575993,-0.028527697723537956,-0.009510395397221977,-0.012449950347251739,-0.009841394656135675,-0.013043700297231519
2009-01-23,0.005536607774008439,-0.003220412475070374,-0.009332325473654887,-0.005621851719137691,-0.007162501007110522,-0.0096400474884874,-0.005663952265486821
2009-01-26,0.0019094104350162115,0.017354114945374602,0.02844108073113373,0.05702555334745203,0.03660673752375717,0.03478683212504058,0.03607540580068748
2009-01-27,-0.013120903585768418,0.0018221839147202772,0.012885876174318663,0.0028601604823674954,-0.00028429850774491056,-0.0007977063150198044,-0.0009659465671993866
2009-01-28,-0.007652946154057289,-0.004759664983317552,0.042011231845478246,0.033893535239507305,0.040293710117848804,0.04418207779428103,0.04317858960041606
2009-01-29,-0.01966847360469093,-0.016501872780047812,-0.05419621338531519,-0.018881436541094424,-0.02177628695517716,-0.020255989866288494,-0.02324932045061966
2009-01-30,-0.02797539050847739,-0.007835455932161062,-0.01659939228610257,-0.014971833344816936,-0.011976097225134241,-0.020478711575599242,-0.014388703151429627
2009-02-02,0.02299725993599853,-0.0017187178056127512,-0.004998171158858412,-0.010676255246311587,-0.014861417213470424,-0.01563674755257996,-0.017242268612407005
2009-02-03,-0.000443712446312796,0.015328147161452766,0.03551089186704485,0.019606477748208933,0.017705452086105643,0.024040001532437093,0.020772009790059682
2009-02-04,-0.013853457088085242,-0.012157904159987775,-0.010765711158940627,0.015664223979376928,0.028623557579403637,0.02657653033584785,0.02326519618161745
2009-02-05,-0.016789903670937103,-0.005026766324964116,0.014558269083605389,-0.008988819972085284,-0.0008801395643799228,0.003931948707360102,-0.0019603749453010405
2009-02-06,-0.00045772601685849614,0.010570033916625114,0.02883007388714743,0.0344096983753801,0.01825847101780743,0.029305841293591192,0.021752476892302242
2009-02-09,-0.0012598108441446685,0.0024722230720381788,0.007328898674130803,0.005228302397736358,0.0038608977890679593,0.0047661715652635534,0.0022546265117054606
2009-02-10,0.015916659664533796,-0.003480014092613479,-0.06336678416847735,-0.04416289304196439,-0.03708259837711803,-0.035170100522667155,-0.03500392082036363
2009-02-11,0.010769661632437366,-0.003570815098175574,0.014394137725320277,0.007569653444619996,0.0023047064206546007,0.005434012994284423,-0.00011022806671777779
2009-02-12,0.005896424097708784,0.0017773839914638817,-0.007698052252139512,-0.019978710476378118,-0.02115541098990857,-0.027420510705128,-0.023624442288380922
2009-02-13,-0.007795105693584959,-0.0019317340174197385,-0.010238696797364596,0.011414012252813497,0.011244296268322887,0.0013218709651091397,0.006004684870817426
2009-02-16,0.0006705189672153216,-0.005222914182929211,0.0,-0.015935478032181954,-0.011959759288009656,-0.010649266655698271,0.0
2009-02-17,-0.012704614743402808,-0.017105883149587477,-0.07361627451373981,-0.037010718340259714,-0.02980631307979006,-0.0349647266962414,-0.04982784724068881
2009-02-18,-0.00237898774176758,-0.001031182309841962,-0.0011470228891840618,0.0005457001939495939,-0.000403496813615979,-0.0027643676588008413,-0.00071252927221339
2009-02-19,0.006556669295956197,0.007139451179711698,-0.003063938538517291,-0.002647247721979861,-0.0005115904315784938,0.0024346314048565142,-0.0017149151145850513
2009-02-20,0.008862024149770732,0.021406074113407895,-0.019365044604843465,-0.03659359980760708,-0.04341666757807771,-0.04874676353006546,-0.050008980515140584
2009-02-23,-0.021333815737488576,-0.019898523395970657,-0.04478993323339873,-0.022732806302120986,-0.008279781587151012,-0.019673349960591544,-0.010016819172453856
2009-02-24,0.01078020898028706,0.01533069794205785,0.04557141923488362,-0.006404933904810637,-0.007292291124889063,-0.010393074175518704,-0.007119980730151364
2009-02-25,0.009883312512496856,-0.011698156424098882,-0.029343679676993188,-0.008392796251873995,-0.004118484559879377,-0.012797977639658195,-0.0062088636006191415
2009-02-26,-0.0058283380180608035,-0.0002926260094189969,-0.004031849912398177,0.013412730213093823,0.01761246532565218,0.024757268950802193,0.02803715884811272
2009-02-27,-0.005636352805576992,-0.0032764489450785653,-0.0064859775230031134,-0.01740821740267841,-0.01555295476536776,-0.02539965825209734,-0.02247073647701856
2009-03-02,0.011464690823637724,-0.00910006907937546,-0.06467441300569406,-0.05119513472621588,-0.04581474750338849,-0.035395085611398716,-0.048436239390846396
2009-03-03,-0.0017897399580999993,-0.002572305185430479,0.006486661768644636,-0.03048284902467547,-0.010479013204898356,-0.005229209759375095,-0.009638480016015083
2009-03-04,-0.0024661008984293224,0.008444393100459061,0.039303879237471216,0.04351764423062669,0.04632742608890788,0.05282920559217988,0.04135360955032932
2009-03-05,-0.0035979290578889117,-0.007253181117832078,-0.05406768559527178,-0.053390007423961904,-0.040441654036058726,-0.05153760402125182,-0.048068753258985394
2009-03-06,0.011646265458176949,0.007253181117831999,-0.004383600606689369,-0.005398942458943957,-0.013785242353254273,-0.007900196894490006,-0.01908225514123483
2009-03-09,0.01842204163526946,-0.0012125351002551263,-0.021315090083618506,-0.0012539186595936988,-0.005999500413873692,0.006963492511601721,-0.0040030764713306945
2009-03-10,0.007513524114101203,0.0074117858563315445,0.07561329079985477,0.054640270793718346,0.05573146838043752,0.05145605125584545,0.05876459496711449
2009-03-11,0.00368161557374927,0.007057106346311402,0.010762096931715858,-0.0005228538714290421,0.003941652259948518,0.006952941431790525,0.006884195445157786
2009-03-12,0.0007563038125717464,0.007171893000244536,0.043502498678767765,0.004648503432550827,0.0074696205553414574,0.010703573630405014,0.015325938058943835
2009-03-13,-0.002920310558708155,0.0024020189162898406,0.0015753138951262297,0.0020328948330367307,0.004214871406980098,-0.0006624355851429418,0.003499354982379881
2009-03-16,-0.001626116115975451,0.003562020395544233,0.011348014646478421,0.018946548576205507,0.031301625595398605,0.022741252106288242,0.03207674580549354
2009-03-17,0.005518014313608937,0.004395518798526304,0.02231729051912657,-0.023063874734041367,-0.008771470597743438,-0.014135650743916168,-0.010613114969447002
2009-03-18,0.018494310234794916,0.03400181136959132,0.03330515374487571,-0.007282099767223836,-0.0025110065111459074,0.0021417724505597893,0.0034429128859254816
2009-03-19,-0.0020145447452896243,0.013111129583699902,0.0029400741743418803,0.0049557355874762,0.006013711404980653,0.011726796658484768,0.010047470882615149
2009-03-20,-0.0059612434177341465,-0.005871060606620556,-0.013065709105465511,0.011014324718417928,0.0050824722486722705,0.006232615390051718,0.0055640744122392545
2009-03-23,-0.0019236947382879426,0.0028291294286644487,0.07774704115467235,0.03778031555681533,0.027712140542773486,0.02610910943340887,0.033919109515297266
2009-03-24,-0.019552362472795223,-0.010271407936797084,-0.037938945559610804,0.0025770628477244676,0.0016782238674206743,0.0026279548584534815,0.0026594634134247674
2009-03-25,0.017196136278733554,0.007075682847711305,0.02510253303647543,0.018254731741123343,0.006609104444320302,0.008544023297702201,0.010199812132632232
2009-03-26,0.0027839771796458086,-0.0034155451351217435,0.009729177043868425,-0.0033307457897277927,-0.0004770125534115457,0.00850683512996761,0.0036181032881963926
2009-03-27,-0.00772868044850332,-0.017795948917794135,-0.04671728904201048,-0.013750725398820673,-0.01795015288271255,-0.013191929625501001,-0.017873429013416806
2009-03-30,-0.002805607339794151,-0.007996337506278688,-0.057031243072349684,-0.04908107865842898,-0.043633143334243514,-0.05233113498217062,-0.05239286517766499
2009-03-31,-0.002271857732559349,0.004599325750559984,0.040592216712766,0.02742583616600811,0.03184821098299398,0.02366475252065942,0.02965614413892321
2009-04-01,-0.008593079882026606,-0.00045032085558855404,0.019332929656599968,0.01699913573133176,0.01142930952036725,0.01127343332287762,0.01268526898544215
2009-04-02,-0.0016399833695078094,0.01691863729900251,0.05140124962467593,0.050148579403417604,0.052295376340723426,0.0589505559041368,0.05514529471416238
2009-04-03,-0.005376104066830733,0.0016444120816444389,0.017687606290851903,-0.0055746932544535836,-0.011198634236096783,0.0007004320954143792,-0.008035842099851797
2009-04-06,0.0004399546690179631,-0.00619921205208972,-0.032553265022126104,-0.008311391813998164,-0.009846403577506642,-0.008055219313044551,-0.008688010110483504
2009-04-07,-0.009612817358718528,-0.009619158295263152,-0.02504171881251369,-0.006400191478489,-0.009410103330304415,-0.006298240880861872,-0.006521991386384041
2009-04-08,0.001220531358047733,-0.001963070242904756,0.01769996257104844,0.0037311286811967754,0.0064395923380899285,0.008160922806980641,0.009755717426531718
2009-04-09,-0.006006026449194777,-0.006919777514935391,0.030410511725636646,0.01995377570279184,0.01802176360385595,0.030107278566373314,0.027557217662708702
2009-04-10,0.004230257401001148,0.0012114710813765403,0.0,0.0,0.0,0.0,0.0
2009-04-13,-0.00011111103029429978,0.014171819305623487,0.012178573064281707,0.0,0.0,0.0,0.0
2009-04-14,-0.011284413557661657,-0.00675267676357618,-0.009459648547245523,0.011147057052653087,0.008717261779560379,0.014564515325081146,0.013591168820575076
2009-04-15,-0.009369608031440818,-0.0036304466600069053,0.011475196733890256,0.0019093968121317632,-0.004837990499975354,-0.00158556863659903,-0.006909445900868409
2009-04-16,0.001699825347449912,-0.003446125430687802,0.010348893984956285,0.010919443220976953,0.017411010376744182,0.013029618376522192,0.016457168148323546
2009-04-17,-0.0021536050285376716,-0.01033253017562423,-0.0009966731993837417,0.02206181965837379,0.017546551972771277,0.014511929771945044,0.01751137819461821
2009-04-20,0.00858666402988802,-0.00893488008075757,-0.05993956729106598,-0.04205147913737204,-0.040445302081094904,-0.041594369737574126,-0.039960949623342054
2009-04-21,-0.007679310490317201,0.00046551987379874366,0.02647350507646639,0.0040555753130593,0.0015277739671397056,0.0034112623315891645,-0.0025862326024231382
2009-04-22,0.017196305079022176,0.005460424074720514,-0.004479343578297883,0.009160384811007533,0.017102770667209374,0.020402979300069086,0.018572884794096946
2009-04-23,-0.005027136143781993,0.010340918132272853,0.022534422530137,-0.0066923957033938435,-0.00550888313031431,-0.012309854107747303,-0.011506652461028565
2009-04-24,0.010361625377657415,0.008869933829737896,0.02829271631831115,0.017023811141540543,0.03083953463481327,0.029551007437970487,0.02635845442436162
2009-04-27,-0.013390028999401121,-0.018195787420551904,-0.02290568161441079,-0.005026386384469362,-0.00013542209675745928,0.004216312514657921,-0.0010910713924039168
2009-04-28,0.008389772036023285,0.008563912837585817,-0.005049465887634661,-0.0139968775569477,-0.016709686015923295,-0.018631942064935878,-0.01602515736178926
2009-04-29,0.0003341205966109236,0.010228640818117725,0.03024964213699697,0.013702922936310265,0.021375765180903953,0.02086423312479798,0.023432828783245326
2009-04-30,-0.0035698326035916604,-0.0023188577343014544,0.012365771726406058,0.011235785024239912,0.013672856499782489,0.013698771635304228,0.01730429765113992
2009-05-01,-0.005603505838993047,0.002478079023925897,0.008053360423894304,0.0,0.0,0.0,0.0
2009-05-04,0.00336582994793095,0.011288197134526641,0.03993567720684983,0.04352313912125475,0.024421992163151603,0.027504084778261505,0.0184326964024
2009-05-05,-0.01069766094665277,-0.007686083740179227,-0.014281189248083357,0.002740118207581895,-0.004013630938491318,-0.010131912120805326,-0.004963665351192475
2009-05-06,-0.005335167923583257,-0.00022634175857630032,0.024402806390191333,0.012297155995694187,0.01798002490134265,0.005687485204782606,0.01226891528927827
2009-05-07,0.013902472434955983,0.005928475363935283,-0.01599537574736016,0.005508163461488094,-0.009790389826892827,-0.015820952766528486,-0.012879668799643841
2009-05-08,0.004814967268186999,0.01827198902080189,0.04723883350044438,0.01799138786307498,0.018607801964680818,0.02259816368264754,0.023133479713212005
2009-05-11,0.00278877706513606,-0.0036078561845452827,-0.025765697246857764,-0.018848825046845322,-0.019484729520516986,-0.009608633097320103,-0.011764809899213807
2009-05-12,-0.004689648317851883,0.004044426562454919,0.0042391726274854545,-0.0044548701375797745,-0.005422991008869183,-0.002633530296418987,-0.0038082108405343225
2009-05-13,0.0037980695919531916,-0.0041395184441799385,-0.03756568844344331,-0.020336194361608325,-0.024500033497180586,-0.02640598013168634,-0.02804244164146904
2009-05-14,-0.002120674139988972,0.003484766228151183,0.011232901083841378,-0.004687407285331167,0.0010746663443354392,0.002294583658272541,-0.001600575810877153
2009-05-15,-0.005714567843777169,-0.009878022251002481,-0.0168968189699133,0.015539994269387049,0.0040345742353924095,-0.00020477372240370933,0.004481099943148682
2009-05-18,-0.007217860028149665,0.004140075400984862,0.048655524577284406,0.02441104289867563,0.023803620894409194,0.02387316856532344,0.02450168591055095
2009-05-19,-0.0034013200349543382,0.005465240039142713,0.010464850155032068,0.011737754306848248,0.00907014861010537,0.02194640955314584,0.015095578068855703
2009-05-20,-0.00695198972686302,0.010263154962271254,0.009767321173088766,0.01540142382421246,0.008637551641868522,0.015866582347937502,0.011150781401245171
2009-05-21,0.003197065693784184,0.009618287200858314,-0.001178761484188426,-0.027718210600028895,-0.026366534234660545,-0.027823816353527164,0.0
2009-05-22,0.0019360908896755313,0.006949321564701465,0.009392561472708564,0.004314767564956398,0.0032767868565243626,0.0036825186621519085,-0.02180670962358094
2009-05-25,0.0015916259781697606,0.0002800415433116527,0.0,0.001996886206529195,0.002533966964469279,-6.0953255324707554e-05,0.0027535122552371865
2009-05-26,-0.003185789268582462,-0.0009240089359553149,0.022245819077364146,0.010570760084784884,0.010430119770575941,0.013560296913648165,0.011498114361112624
2009-05-27,-0.012614820354632496,-0.011506566481380924,-0.024292713261079863,0.0029187880552448463,0.007546176692228364,0.0030381276410665252,0.004458449379958956
2009-05-28,0.008732687031077751,0.006996729754814124,0.01856195311486329,-0.012569269543373928,-0.009502204883510609,-0.013668932251623234,-0.010675979683999146
2009-05-29,-0.004701602169928958,0.016093850929070994,0.013699029229071841,-0.005573115885206032,0.004265166252216941,0.0016083015188466613,-0.000778858226102536
2009-06-01,-0.01039871104033194,0.00048136642316980833,0.026571073869583694,0.0339889151313518,0.03059813524235928,0.040019747597516794,0.0
2009-06-02,0.002088410857531828,0.010164514831264352,0.010980056644943623,0.002121199890116001,-0.00042913644122647603,0.00029164098480227935,0.033272121443668604
2009-06-03,0.005663093651251196,-0.011169603005919059,-0.033026760203625126,-0.01732454926233272,-0.020453257095090806,-0.017557833938162886,-0.02024161742974843
2009-06-04,0.01373493540634064,0.00199705961400183,0.010944745547598169,-0.0021584246131283254,0.0007188891883028836,0.0020297832907061665,0.0014848439872382495
2009-06-05,-0.006386126704862747,-0.014637432775472926,-0.01802342413069483,0.011795230294316644,0.00812504671743558,0.0024117909473080745,0.006448534444603746
2009-06-08,-0.008617336515158638,-0.00494775352537382,-0.007129705659471345,-0.01715442188911375,-0.01490216076134089,-0.014344892557822368,-0.013999836185856826
2009-06-09,-0.0053222253968022125,0.01146593711216765,0.01590077358302522,0.0024360870579866172,0.0021468729274208994,-0.0013717166140384367,0.00445042041203934
2009-06-10,-0.00850469340677075,-0.005665513098056201,-0.006784119181427297,0.014830712962278118,0.005608011994106321,0.010612120698109592,0.008658156118338162
2009-06-11,-0.004808576227995756,0.009046368771814797,0.013241207914224604,0.004298486990615066,0.005915596455371229,0.011041096835424502,0.008516470713883064
2009-06-12,0.0015271395784081123,-0.007815041343329204,-0.000839656999439808,-0.009857739764877466,-0.0026422304392556342,-0.0074720597732065765,-0.0052111722881238035
2009-06-15,-0.007067979035824353,-0.015559548217554954,-0.04967264144301716,-0.027572682428949422,-0.032561499660397626,-0.03601092973048155,-0.031504753225998786
2009-06-16,-0.0029598051736426795,0.0032585377806486054,-0.011249720973812351,-0.004851834590534304,-0.001750245468582541,0.00015955435046109508,-0.002235750640520314
2009-06-17,0.008265449814240442,0.007788917882399293,-0.0005952312100274909,-0.022746195432468207,-0.01656800701093034,-0.018727828671335385,-0.0175733512131548
2009-06-18,-0.00047041540229306444,-0.0016572780740828012,0.005643641253548493,0.009073895026569214,0.010360165130844902,0.007782172773473595,0.01280927076798633
2009-06-19,-0.007439406196049902,0.00229861710178486,0.011322300134577941,0.014255741278848103,0.008482844614993757,0.0004092162415740486,0.008384952353717022
2009-06-22,0.004965701591915228,-0.005882256947526171,-0.03180720892251224,-0.031884211273976684,-0.030901571468463576,-0.030645890485305055,-0.03149580408131121
2009-06-23,0.00950771045395634,0.014806136518114214,0.013274022386582861,-0.0016071115093316435,-0.0020608531141180805,0.0029253628971563834,-0.002461424619314073
2009-06-24,-0.008800282973801771,-0.009356210270206562,0.007940998639967037,0.023604379520183277,0.021563662817397834,0.027007343514146003,0.02723588227280201
2009-06-25,0.006578169590101915,0.0031976598080342726,0.018388317194619336,-0.0020049530672091214,-0.00682434578088889,-0.007357362129422806,-0.006695992260353216
2009-06-26,-0.004811892466121793,0.004808573969686594,-0.011113094938274075,0.0012191430712056497,-0.01060585764229411,-0.005030765042786234,-0.005179293999881533
2009-06-29,-0.0005884358603045043,0.002349606646556784,0.015880378554316104,0.01486362701055679,0.020227102906982528,0.022485852147804457,0.019807492654201835
2009-06-30,0.0035252926546596257,-0.0033609299714689933,-0.010158513662744539,-0.013763677815232295,-0.016810936682924767,-0.015773348798991338,-0.01489053239444899
2009-07-01,0.006547405039838884,0.007242178140674165,0.016677379891219053,0.021670757429847486,0.02408634942293324,0.019930453145644254,0.019805174614607644
2009-07-02,-0.0050236664960078194,-0.013051340351973934,-0.03333173159377236,-0.029632976223068982,-0.031767578159293,-0.03885589860172898,-0.03323558272404514
2009-07-03,0.00128753306079698,0.0001814769900484367,0.0,0.003989003919186633,0.0009942712383991614,-0.0021810977966698997,0.002878169375298405
2009-07-06,0.004551553076055788,0.001215260266433631,-0.005511050131382179,-0.016132576955318802,-0.012045319960156783,-0.01204928194942559,-0.013812767212719
2009-07-07,0.00545783747365925,-0.0043792104788934446,-0.029917953157412615,-0.002406378446554228,-0.010957970737792923,-0.0115957680264292,-0.00985262645778107
2009-07-08,0.0012730789499957361,-0.0026543859182584033,-0.008259752957845194,-0.017866614258878196,-0.012828935012564009,-0.005569850858918943,-0.012822530312686568
2009-07-09,-0.007546336064499856,0.010674195225456188,0.019896543217664247,0.010086699175743029,0.005378052024302759,0.01247906460962085,0.009789028966395327
2009-07-10,0.0016301749142005907,-0.006724811944232228,-0.013220178684314413,-0.01594944654756048,-0.014258706643875187,-0.011678939467332198,-0.014101538850009344
2009-07-13,0.0011627758791693855,0.004021105435285719,0.029041691343197115,0.026736400442841722,0.022860289989852057,0.03141139703030579,0.02755924242298061
2009-07-14,-0.005243206777742606,-0.0013282770157531489,0.005219020500553443,0.008451357414446142,0.009713242635010758,0.012489621876393754,0.010810270227730678
2009-07-15,0.002333693318609336,0.009292293702401455,0.044904432911264176,0.03475864690930932,0.028595551100916886,0.030228467822288527,0.03331480055159171
2009-07-16,0.0038387893492917006,0.0027677722959458294,0.012219985680645055,0.010146963159238307,0.008918638709217249,0.005816540047914346,0.0032382787479876395
2009-07-17,0.0012763286847996924,-0.002556206849905044,-0.004347171590444741,0.01102141028563811,0.005852188705622098,0.004269498538097278,0.004151640598714484
2009-07-20,-0.0027867888547209872,0.007546352851452053,0.020127347180003582,0.01149530110594066,0.01617441531368599,0.010341250669504561,0.01267247859940137
2009-07-21,0.005565833094928312,-0.0009375514432938395,0.0008530931528943152,0.004443067444356027,0.009720422812451956,0.012607744108122869,0.007688259024098302
2009-07-22,-0.0016201761788035979,0.0005254459045502823,0.0062377472126779855,0.0018824069271982209,0.0006598635201319087,0.005401562149704945,0.0035097631784167405
2009-07-23,-0.006973508522427021,-0.0030070792465378294,0.020423246141276843,0.018124483012387223,0.0205583106516047,0.024250714579679998,0.02226639309767824
2009-07-24,0.008593684701230635,0.0034334443554243396,0.009097120429813452,0.0,-0.0021572222762437218,-0.0034209326563493427,-0.0011724872992896038
2009-07-27,-0.0008097599680813915,0.002461591104315358,0.0021931482209274137,0.007180462471141098,0.0017540656922954902,0.004234360425635985,0.007194973575272752
2009-07-28,-0.002549256885386417,-0.007112420506473814,-0.0054915211002948714,-0.014121036916524077,-0.012349283789180607,-0.0147340922976591,-0.010949916649225885
2009-07-29,-0.005701311314726894,-0.009335073511541043,-0.006353313090615022,0.011168500685363458,0.010348686501060522,0.01830190678386928,0.010527035933535668
2009-07-30,-0.004561134769495874,0.0050016229606511175,0.016216666666793795,0.02316815972724801,0.020547331285395116,0.01699608255880045,0.020716026560511837
2009-07-31,0.00023438066902015805,0.012358159921764153,0.013269942644450151,-0.002292788787948489,-0.0026873502538048476,-0.005334446801781475,-0.006276429365489188
2009-08-03,-0.0029340994988986883,0.010594071507457191,0.020767745012756276,0.015140571630905946,0.014927712401852873,0.017606188938016378,0.013531393493741054
2009-08-04,-0.0005878123298832832,0.0005333743179454742,0.005780148947203338,-0.0020194525610598294,-0.00041124436895879105,-0.0018130207594570136,-0.0011637381851275482
2009-08-05,-0.0028265719494118993,-0.0005478496789582169,-0.010005368863546214,-0.005837693570565166,-0.005145027864276424,-0.011886876617907466,-0.01047416711989829
2009-08-06,0.00810483400361184,-0.0026912572385692324,-0.007170139327827327,0.010011403891384187,0.005564906762768087,0.0031652047448739616,0.007117703602031482
2009-08-07,-0.006219565259781554,-0.012739248013745312,0.010868024645623479,0.00826127547699956,0.01237621177085351,0.016434107785843005,0.016471336222733165
2009-08-10,0.009256612601803604,-0.00423414480597996,-0.0103349292414147,-0.006527331272973279,-0.0047254883703847705,-0.0075093748270922715,-0.004670475189306309
2009-08-11,0.000816085092695029,0.0013433682317959433,-0.010174561079199698,-0.015503547140481359,-0.013895368795808181,-0.024723030822512017,-0.015968069262752037
2009-08-12,0.0033738667213839505,0.004723138854991133,0.017340640100560047,0.01668100713144627,0.014665487451566121,0.012087471373036833,0.013961258099200268
2009-08-13,0.00046447605206922005,0.004131435442031511,0.01052384890205932,0.0036961432285133105,0.004877940572921461,0.009491108697841885,0.006499908665856373
2009-08-14,-0.0026736709246596383,-0.0048420602177822345,-0.011846666678711796,-0.006919964213558705,-0.008296709655768434,-0.01718027552102211,-0.013517997458145789
2009-08-17,0.003833883519534663,-0.007134837089584266,-0.04136317522104396,-0.021087318093969527,-0.021860744951608883,-0.02045602040091425,-0.024889350350763378
2009-08-18,-0.010022221864336097,0.004184190326702906,0.0117987186633453,0.008650050172040786,0.009024307508553507,0.009400896921080593,0.01024390324051888
2009-08-19,0.007932841327063952,0.006252046140693286,0.013008685734549273,-0.001442380074786705,-0.00010139168049975998,-0.0035792759036252387,-0.0029390881586579642
2009-08-20,0.003248248598675782,0.0004277722230019529,0.00911296466411037,0.014226807045816674,0.01580903158110987,0.015001661931754631,0.01543193578436454
2009-08-21,0.005428838208876774,0.004258531347762606,0.03203176512353874,0.0218679704225861,0.031034079140275065,0.0281590885712948,0.030302115547443036
2009-08-24,0.0034498895620961017,-0.0019457463697590803,0.007209429831339936,0.011445723737723039,0.01000557698710619,0.010382031120695016,0.011846701337211286
2009-08-25,0.004809882947625395,-0.0006286435826815868,0.011731679257250393,0.007191728353608449,0.007757038405852027,0.0067419924301791835,0.008172780142709024
2009-08-26,0.002168351507606583,-0.003351194498703161,-0.004574340063649501,-0.0046435819311163576,-0.0033392608758310914,-0.006339842252404005,-0.004379220987514383
2009-08-27,0.005457063961587132,0.009555392011256684,0.013157904365149294,-0.005843522444579845,-0.005414912846924382,-0.009395761622695755,-0.0040527297325853254
2009-08-28,-0.0035209730719116773,-0.0009051174851781665,-0.007063771680310387,0.011053598650121706,0.012152660846910227,0.008558732290008801,0.00932761675763675
2009-08-31,0.0015916259781697606,-0.0012055225233143238,-0.005076333926825718,-0.013177796225375791,-0.01078044433710738,-0.009604959410811659,-0.012035035485298497
2009-09-01,0.0007948640185187441,-0.00915157886809881,-0.035745798289976524,-0.017947896465488,-0.019373354733402313,-0.02545005740990514,-0.019822596876088623
2009-09-02,-0.004778688954976898,0.0043583316125286944,0.0013180792489738608,-0.006723625874564325,-0.0028812869795642655,-0.001399475090555533,-0.004421072047979818
2009-09-03,-0.004572490959017213,-0.0012411264655640168,0.0070855468958598245,-0.00013831791708939327,-0.005506079417625923,-0.003468503877737725,-0.0016805689258343338
2009-09-04,-0.000802334793440998,0.0026408507217955185,0.022495912693328842,0.014257224169655804,0.012653494240681788,0.015536793605536116,0.016213356658258696
2009-09-07,0.005716909316551678,0.0026479520216309434,0.0,0.01774984455501068,0.014912886628372443,0.014579909387354676,0.0
2009-09-08,0.0007977628285233386,0.011937900135362485,0.016483535702639402,0.008010435983330861,0.002223166406897919,0.003329343549638869,0.01552041752855163
2009-09-09,0.0022758701729328097,0.0030213395076040127,0.020166787893259538,0.01137090377980026,0.012683627952996072,0.016738790057183334,0.012245959541201492
2009-09-10,-0.0051279600045430656,0.0022866815609291144,0.007367918467149243,0.0056373300525168445,-0.0004909447663251887,0.0036727052135422187,-0.0010925983273488199
2009-09-11,-0.0011431038387698226,-8.748159621725039e-05,-0.001959101701445292,0.006612721053421085,0.0078002576329216766,0.005214477884985847,0.004910767914165553
2009-09-14,0.008087970395731774,0.0043250049163589465,0.007327544761813811,-0.0035778412355205688,-0.0011465502980623587,-0.0006723048405619949,-0.0007490759820459432
2009-09-15,0.009147991692166362,0.0018908128244945895,0.0050982062706307965,0.004778403120620584,0.005773201363014328,0.0015538406547804982,0.004848173804948761
2009-09-16,0.003479020323067981,0.0027913687387893407,0.020609440104857678,0.014135809621659773,0.016278466284216375,0.012583496741904125,0.013721825107372567
2009-09-17,0.004025051647085907,0.0014280871750397544,-0.0059475753479207695,0.003574608335241259,0.005616386004950662,0.005402740954391832,0.004558864719878278
2009-09-18,0.00877637095725703,-0.001148576406181736,0.0035570130021923742,-0.000796800080751675,-0.0019391432107037489,-0.004776594954918867,-0.0028394973747245247
2009-09-21,0.0012159441237566497,-0.002175601723122646,-0.008135957324489764,-0.007328411889532884,-0.004104763821368984,-0.006186915793262511,-0.005114809698914896
2009-09-22,-0.0014371538371694373,0.008671736339453676,0.013365637856450084,0.004422674542910198,0.002975534832591204,0.007159438886049137,0.0031595139066724837
2009-09-23,-0.0039906950522737294,-0.005818908361053961,-0.013365637856450077,0.0020444172230193757,-0.00045255993151823885,-0.0012846907589814348,0.0019552957922424796
2009-09-24,0.019796035302333224,-0.005111607306385965,-0.014277298385051639,-0.015566007155199018,-0.01673618885334222,-0.017129209651003587,-0.017123940330435673
2009-09-25,0.0010884271144028378,0.0023175538913464285,-0.0021958540259862298,-0.009411399466285702,-0.005127110889667236,-0.004255054761330676,-0.002211581724443607
2009-09-28,0.0010871789621966523,-0.004322719906256064,0.022223290247668805,0.02030736805519919,0.02270285754691133,0.027374696042200712,0.023441780022060252
2009-09-29,-0.007197438210090536,-0.0020448955228323158,-0.006230741819124021,0.0007051095596018987,-0.002853715647531462,-0.003980857183654387,-0.0023068667772138196
2009-09-30,0.0020773169615953997,0.004328539614152708,-0.0065113239830196295,-0.002470012682686011,-0.004912332885376855,-0.00673651516335775,-0.0068724706441417385
2009-10-01,-0.00273418183960937,-0.009538804484458692,-0.030711108374861195,-0.018182665289910204,-0.01986177738329294,-0.021481407788055136,-0.021879788550472533
2009-10-02,0.006005388486439336,0.005093513742767313,-0.009778371061787632,-0.021288661558558367,-0.01923089815935396,-0.01572276393466697,-0.017900074334392755
2009-10-05,0.0005441190294046791,0.004782403331256961,0.019708620389855807,0.006394524762850101,0.006856113203894959,0.007461295062793376,0.010873054368755027
2009-10-06,0.00574993233551683,0.004201471885613791,0.02319754304104083,0.02640611267686903,0.025574836058673753,0.026650960622256793,0.026491494231268575
2009-10-07,-0.0032505840785512466,-0.000691606206369541,-0.003869471956338414,-0.00022638143097902688,-0.003667001794931145,-0.002989832904732684,-0.004732550705064857
2009-10-08,-0.001303236840301007,0.0047335679864074385,0.013716854218863931,0.017789844610282216,0.01332789281206146,0.013346698704713899,0.012349126884057248
2009-10-09,0.008440676861223483,-0.00320235757093146,-0.0007172000890055794,0.0025066346529079094,-0.0018931253244154496,-0.0008155382004069361,-0.0018822790249678092
2009-10-12,0.007514827827074288,0.003986036042489614,0.012124269341795512,0.01622015201372392,0.01208319827260274,0.012414150855961623,0.011099915347455074
2009-10-13,-0.0035356667992227976,0.003586384382157092,-0.005449415696793733,-0.003686099056161048,-0.01161489536804369,-0.011988781449299364,-0.012182971549638561
2009-10-14,0.001287161296968972,0.005776870106051113,0.032950383247322516,0.018419132950179093,0.021156280118085916,0.02417556130608197,0.024619248660019962
2009-10-15,-0.019046133234141144,0.0015990026972394623,0.0011487922818023816,-0.000860660852072554,0.00029875909576501246,-0.00400005614694827,-0.003983081461522739
2009-10-16,-0.004928580691762731,-0.0032104017260722725,-0.023700200540290678,-0.008895826642147516,-0.014583799839963883,-0.015099418323096964,-0.015622819363387315
2009-10-19,0.0013166781867185015,0.003808821517313419,0.019788895676834145,0.014538098316847471,0.016777684638222632,0.01882953023157764,0.0184495686231241
2009-10-20,-0.00032899070909426115,-0.0020331366620663554,-0.00926339101444179,-0.006472866566651617,-0.005386583816883175,-0.006994007382066619,-0.0076049313466228586
2009-10-21,-0.00914557233941563,0.0048354416855880475,-0.0006983922735493918,0.0017834221395932393,0.00045709360887521625,0.003730314232058405,0.004008937504517327
2009-10-22,0.0007745471440009982,0.0023288212437660755,0.010653182090793044,-0.014887529612532577,-0.013613258352988818,-0.012169432789739339,-0.01186519073282998
2009-10-23,0.017216262476030048,-0.0021186548612736797,-0.015554592499948066,-0.0017164861611921752,-0.0033057989250422338,-0.0039432930413259865,-0.005566397152717333
2009-10-26,-0.009064668160442178,-0.009932137573453494,-0.02703507279827211,-0.023674111383472047,-0.016892406928468655,-0.017235764780961754,-0.017920739850093036
2009-10-27,-0.008704809322238828,-0.0030124157205675193,-0.009904785703765372,-0.004873487527873143,-0.00013353987694667056,-0.0012662984117592644,0.0001234053381650937
2009-10-28,-0.0056600253351168,-0.006704480322511892,-0.02781687997908909,-0.025521375294582153,-0.02164578144602133,-0.02493101629279897,-0.020205069234675826
2009-10-29,-0.0031212235713767075,0.008261427013941842,0.037000097118748104,0.02075313600408343,0.013619443867001747,0.016453362404881548,0.016533692512899684
2009-10-30,-0.0008935038422218514,-0.007245287126007325,-0.04703538031440605,-0.02382429569608905,-0.029047191114126892,-0.031357559985770896,-0.029196018314198036
2009-11-02,0.006682263706715362,0.002788426845134525,0.00528097086857795,0.0015202817899670163,0.008767646171759833,0.002924616744953315,0.007064454316018196
2009-11-03,-0.004561419410059372,-0.0029209716208634527,-0.00730018523017284,-0.008989568460089147,-0.015286061117814762,-0.014367551655766829,-0.018501930401138626
2009-11-04,0.001003098595625084,0.009323759374994479,0.01728263839849411,0.019043858832343875,0.023732350421517157,0.016833777243300974,0.01862501151656433
2009-11-05,-0.00033423227049758815,0.0006098505109553054,0.020158033159049904,0.0063547547824221225,0.010407897123795095,0.006716627170726361,0.01085177733050802
2009-11-06,-0.004467293589795609,-0.0019619200476894564,-0.005123461481959495,-0.0022439215310334497,-0.000388332669154917,0.0013364874950954812,0.00028994400473875614
2009-11-09,0.0006713442703485339,0.010658646776519816,0.03697860705859458,0.02355313747823406,0.02087417229862369,0.02367243550881669,0.023296388905663712
2009-11-10,0.0015647638276684373,-0.0012148304254554216,-0.0028328703065044042,-0.003823307044110662,2.6442107393747607e-05,-0.0011608771406539506,-0.0012840494663920916
2009-11-11,0.008894895481360392,-0.00038967818635332743,0.006597565336291277,0.014923494721624504,0.007578952212423297,0.009777085636679487,0.008564856780173198
2009-11-12,-0.008559916769143382,-0.00851944583441405,-0.016337339218757706,-0.00286601983138233,-0.001658211574545166,-0.0007748000038249192,-0.001420680219145844
2009-11-13,-0.0024592092677927294,0.0034974141883518895,0.01751116189564995,0.000977247566614173,-0.0005411181975706897,0.004029701555012261,0.0021250562615502673
2009-11-16,-0.004261979298967205,0.0050070746502096555,0.011660262984547516,0.014980057629004395,0.01490407979531964,0.02053558775729456,0.01484222588983571
2009-11-17,-0.006201066922091814,-0.007151619088631293,-0.006279466618516732,-0.0033580564677111475,-0.008866121099571963,-0.004556526725372067,-0.0065934578925729605
2009-11-18,0.01012724257383028,0.005160741075628836,0.004190787715548328,-0.005183378176823598,-0.00023511052104171256,0.0015873521787045373,0.0005537344406831244
2009-11-19,0.0025717284285955407,-0.0025240136591121727,-0.01568913945126874,-0.019313785320380444,-0.01790678850427416,-0.014870813398378478,-0.016724777033878074
2009-11-20,0.0039007959791271854,-0.0035141361630797808,-0.016659283185657445,-0.010524044892596427,-0.008240792568330668,-0.0068683314261035674,-0.009565611681019668
2009-11-23,0.0018891866588980424,0.006576577177872717,0.023714459014980534,0.022358912781318737,0.02222417774136012,0.024132796784556095,0.02272896372039221
2009-11-24,0.0017748502807177066,0.00031426739570351,0.0023410290530077524,-0.003728944768821737,-0.007515327197867796,-0.00556055457870968,-0.007136693700508481
2009-11-25,0.00331934465579945,0.010713511782507611,0.01531370631825303,0.007506753353762429,0.006463152804234674,0.005825975591513601,0.00669147572508736
2009-11-26,0.006276508048123623,-0.010294323696855233,0.0,-0.03687050114211261,-0.034705183468222225,-0.033084730056634745,-0.03422178976548675
2009-11-27,-0.003628981966690646,0.0011985418898353367,-0.041849374024430334,0.009087391620333363,0.011409878315819959,0.012644652307077306,0.011260043206373069
2009-11-30,0.006369457874738814,0.003198143005990216,0.0012001693887314418,-0.011764443693321566,-0.011159878480388366,-0.010548539876263873,-0.012042627748645124
2009-12-01,-0.006589790158384514,0.0033895727500187047,0.0262700511158768,0.030710266104849195,0.02564290171019889,0.02642712432927296,0.026284808337683055
2009-12-02,-0.003311284395148813,-0.00134214190959636,0.003963501569153365,0.00316516055936531,0.00533039773474162,0.0008773465293045955,0.0021531400338859015
2009-12-03,0.005512687833606441,-0.00028632161771508267,-0.00982014317683561,0.003690511034142866,0.0008400719212916572,-0.0019615741111787583,-0.0006256600321089665
2009-12-04,-0.009167796461237785,-0.013928523991728394,0.00023535817085060403,0.011021871872165445,0.012428014037547638,0.008163629164285773,0.01181742361460999
2009-12-07,0.0,-0.0010690926460087359,-0.006126577268819205,-0.002744099997886593,-0.0017094710238494636,-0.005671238847211816,-0.004856619144063907
2009-12-08,0.0033233895191606337,-0.009762268503943279,-0.024160813530631615,-0.015165176679711055,-0.01436024317801746,-0.01676447440631141,-0.01638218814071212
2009-12-09,0.000884317924602811,0.0027816483692899036,-0.005341177436305401,-0.008117018043850866,-0.007400618042454542,-0.007187526581433682,-0.01096476271449724
2009-12-10,-0.00044202826472647237,-0.0005746166380245707,0.006550819764760612,0.015256326176229169,0.010850090349267625,0.010774240125268397,0.01170860349218282
2009-12-11,-0.0060986145728355885,-0.0075278623705536145,0.00458438214787251,0.007682373645388433,0.0014048983496275176,0.008245793114298839,0.003860971536958934
2009-12-14,-0.0007788561647368452,0.002590960586030251,0.006000854752180477,0.007375727912204003,0.007000136261606661,0.007954279683278333,0.007892391270430723
2009-12-15,-0.005245260641757202,-0.007869014766812227,-0.009860214640395899,0.008275460613878963,0.0009524776460860441,0.0015636977820124144,0.0012401589777576941
2009-12-16,-0.0048230683610647205,-0.0011045733053306746,0.01701303156609706,0.010461958298504371,0.010825129509274105,0.015722413480910306,0.01304895156401766
2009-12-17,-0.002138576163753416,-0.012400677330579707,-0.028192076176865272,-0.005890516629574462,-0.0116783736212021,-0.010042795772776851,-0.011983309209709943
2009-12-18,-0.0006762628252860546,0.0001434031718653089,-0.002459526077567806,-0.006294988777082867,-0.009542075403061444,-0.002266252626916483,-0.007093684940146211
2009-12-21,0.0031520771205137527,-0.004352535098154882,0.015398106004805678,0.017950858274392835,0.020249858359671274,0.016889029544646855,0.018916390962317783
2009-12-22,0.003254229875561499,-0.0022689841604015518,0.005562586131436527,0.005942795387215952,0.006774371869076248,0.002553028629223978,0.006696454059175428
2009-12-23,0.005697397741257663,0.005718051743872437,0.01174986856305878,0.0010520678165141378,0.0031681192961780305,0.0019742712937225767,0.00398768640174539
2009-12-24,0.00278102141139382,0.003403401711193029,0.002856529758935623,0.002310880009549386,0.0005061636294759051,0.0,0.0
2009-12-25,-0.0006667189284963531,0.0009786385497139152,0.0,0.0,0.0,0.0,0.0
2009-12-28,-0.0015575189461196123,-0.0016688583224906217,0.007577734637816086,0.007495754975359568,0.008758439675420102,0.0076051557304027614,0.008397477524842212
2009-12-29,0.003778232955579792,-0.0022256901578875045,0.0,0.003474998537824119,0.0032451950517873966,0.0014365818039546977,0.003233798533227586
2009-12-30,-0.010704811824530482,-7.172884769849826e-05,-0.009957596548150044,-0.00636504361269543,-0.006201031216058227,-0.009043376767501322,-0.008673669623402488
2009-12-31,-0.0068620538269533885,-0.0010463464530747226,-0.01174385529155269,0.0005666828599819153,0.00021089838572183744,0.0,0.0
2010-01-01,0.004055431094800416,0.004379247917253258,0.0,0.0,0.0,0.0,0.0
2010-01-04,0.006387640999189696,0.0023627630442169213,0.03366037990292363,0.0227028217985153,0.01953193221984482,0.015137998996645407,0.01723295106756592
2010-01-05,0.003345560601913916,-0.0040305221069684306,-0.004673210785085202,-0.0029487205764681234,-0.00026412718650054343,-0.002721810308370078,-0.0018042449092605663
2010-01-06,0.0006678241338675781,0.002646804798315725,-0.001405765691230872,-0.0015800384482300702,0.0011854711419304466,0.0004094440565339393,-0.0008967740009835481
2010-01-07,-0.0003338231493278076,-0.005988525735909824,-0.00305369963549265,-0.0027272224725108803,0.001773119165421374,-0.0024839236140222374,-0.000771090022833088
2010-01-08,-0.005580432839169524,0.006478351153559585,0.007733395376611016,0.00407336837255225,0.0050409016593560745,0.003027296966253445,0.0034886933363846534
2010-01-11,0.007692788561747715,0.006926876198316234,0.006050387666953282,-0.004161461462360497,-0.0005068611392934958,0.0004785743475803492,-0.0025248831234468217
2010-01-12,-0.004675486338067618,-0.0023914361899113113,-0.017554369266854573,-0.011073656608439795,-0.010702399598203472,-0.016272733592957955,-0.011140711241224283
2010-01-13,-0.005033817653939607,0.0032624165675256152,0.009400495611963914,0.00417810430850002,0.00020249161175362764,0.0033831545231896125,0.0005104762527862152
2010-01-14,-0.004833979269707571,-0.0016543361948232623,0.004434779201337568,0.007159808291604796,0.0037197498362909103,0.004307185872346533,0.003786808097683823
2010-01-15,-0.004970587847145368,-0.007540404328297255,-0.0309828025897138,-0.0077218043908380786,-0.015405318991021133,-0.01903320743230553,-0.01668176791755146
2010-01-18,-0.0024946235949745246,0.0010943292439722868,0.0,0.003072315086296522,0.005819619084406621,0.00722026411482104,0.005974842578782636
2010-01-19,-0.009353312931204127,-0.008764058934729351,0.011939150726640844,0.007581097170441444,0.008065509393557676,0.009740309159481032,0.00907001209337123
2010-01-20,-0.008285435803388275,-0.012023455501879625,-0.03404074033994684,-0.015666110161852865,-0.02033672200051342,-0.02112863382779923,-0.023806843797819797
2010-01-21,0.005186402284279212,-0.0009448887352587097,-0.034986143813271225,-0.012356655966580567,-0.017145612480586884,-0.018030332013290393,-0.017775279327654214
2010-01-22,0.008356776104404358,0.0031202553669437325,-0.015893587616634352,-0.008131239064107867,-0.010771991778230617,-0.009028042684521936,-0.00928066974548631
2010-01-25,-0.007552412994122046,0.0006365998603516985,0.006952090220775589,-0.0029483788288293994,-0.010241264206960672,-0.01129198148327598,-0.010453488820012026
2010-01-26,0.0016067878187736835,-0.00479955913635074,-0.0025692584011196224,0.003464158455505197,0.006638660849279096,0.0066476458038329505,0.007254617858886796
2010-01-27,-0.0057504417673434624,-0.003654736000310232,-0.002060121246598915,-0.007276475202850054,-0.012486217082002074,-0.004549103307112848,-0.01436857592069466
2010-01-28,-0.002309440124029431,-0.004493678129876433,-0.02373885687010049,-0.0101657712635162,-0.019067275897114818,-0.018397235236577807,-0.0181262053701126
2010-01-29,0.0023094401240294493,-0.007264974338785243,-0.011683939885739784,0.012119444658844977,0.013642703941650736,0.012280937087669138,0.014326996146346813
2010-02-01,0.00678205414860036,0.004321987427387519,0.02557857372394641,0.010345820367873638,0.00601218610255739,0.00811313090196524,0.005910109118849402
2010-02-02,0.0008015997476199462,0.003529727554191717,0.018571445529059535,0.008206286261041548,0.013234665671225354,0.009711356739528476,0.013060122105080469
2010-02-03,-0.0005725349308681809,-0.005394201396022098,-0.013378378485195271,-0.003028199518342704,-0.0049068975253263305,-0.006601875626799152,-0.009015718491748549
2010-02-04,-0.0019489648952383917,-0.011293223003581414,-0.06114243420442862,-0.02986839423658073,-0.02785797441618882,-0.024784047535782307,-0.035257315709722244
2010-02-05,0.0024070054133156936,-0.004730733220285858,-0.017498660912591616,-0.025664536096532874,-0.034607015347384314,-0.018035532135499636,-0.02840002929385229
2010-02-08,0.0035427013172797516,-0.0018587840154328738,-0.009006090767654767,0.004623599570123972,0.012135088970004097,0.00925171454273426,0.012330435100587067
2010-02-09,0.001595798649529473,0.009287239831575736,0.040448878618722484,0.0017677811307113618,0.0015207668860574904,0.002441872074279637,0.0015526385906382706
2010-02-10,0.003070419400682624,-0.002092706982513662,-0.00817886053260379,-0.0030323841845577965,0.006304913513356325,0.0069074365875485075,0.011824446193349807
2010-02-11,-0.01038646570170691,-0.005212626465916843,-0.004114913496466906,0.002211982877590063,-0.005201106855893056,-0.005876658044636928,-0.00740463130358623
2010-02-12,-0.006445666522166129,-0.003428251752621481,-0.009389767384721734,-0.00335156223371889,-0.004900334779013144,-0.0006433907927227189,-0.002162597549194191
2010-02-15,0.002191611985019736,-0.0023424364887807947,0.0,0.00037997189129063667,0.002816176651288804,0.0019452343119220547,0.003497431706937758
2010-02-16,0.004254054537146368,0.011987830695040481,0.030603523383515234,0.009390367008448652,0.016438383713571876,0.014594226901040414,0.013670027747904772
2010-02-17,-0.00459976490721945,-0.011702183600792938,-0.0024248886643422206,0.013365336067778224,0.015193157481995083,0.010003184131826189,0.015130629351286727
2010-02-18,0.005861020308018997,-0.01074595306545125,0.0085951868085757,0.003614241530328935,0.006053811073469881,0.005661771717009732,0.005793682425869407
2010-02-19,0.0071930802762246735,0.011344846050983796,-0.0029463177792559488,0.004000677201724097,0.0057759617940478436,0.0073036579264626695,0.0054095467463743645
2010-02-22,-0.0012522099780799738,-0.0006941288237528771,-0.002955194213343421,-0.0014753229422571066,-0.00341208900186132,-0.005891063614371154,-0.0054743120576042775
2010-02-23,-0.0028517644375586466,-0.005792763300923473,-0.024786498897127703,-0.012784390358238194,-0.013301774022642023,-0.014942946937648582,-0.017264078479141427
2010-02-24,0.003193419446102495,0.001191115288473585,0.007966156052150081,-0.0002180268465006549,0.002322559306415279,0.0020392823597751362,0.0016027326711521123
2010-02-25,0.010984766300509742,-0.0005280938935948968,-0.010727962231315457,-0.01909555840660758,-0.020366481641159367,-0.01492329139431237,-0.018648475692248534
2010-02-26,0.004719089383544829,0.0069954826806198495,0.012368111113142306,0.00913705323701275,0.018513184225097956,0.011882473871005071,0.016276341168454143
2010-03-01,0.01479860325906864,-0.005071458325896351,0.016793092607475153,0.0206514169327092,0.01624460113414937,0.020341951878258713,0.01608055529672716
2010-03-02,0.0009935753346335804,0.004308478211709109,0.0021466903726793203,0.011860193892507816,0.011179990255027875,0.01097485512028333,0.008486314005819968
2010-03-03,0.0010476456868754194,0.005928833785702982,0.013047561880289658,0.010968130711774922,0.00799542772674212,0.007127554130253566,0.009347063200383384
2010-03-04,-0.004363321788282744,-0.008622155066121798,-0.0031795592258345865,0.0017763604726331766,-0.0036788560087085893,-0.0038852491202849707,-0.0023019505901809316
2010-03-05,-0.007221858880136997,0.0033063934556415726,0.026451908014607745,0.0185661775814366,0.021195214693632947,0.01405699328243521,0.021548005893064853
2010-03-08,0.0091020608524526,-0.0008855623903917359,0.0025811954465588026,-0.001506919819615876,-0.00176092138293002,-0.0002466899911587456,0.000642759944003939
2010-03-09,0.001104413956359291,-0.0007350346069986799,-0.006465770009194899,0.002716780742252437,0.0016560902896695245,0.0016970162075950375,0.0004930284388063632
2010-03-10,0.0058328293313549264,0.0026706168401978876,0.011608663902373154,0.0055289523829200795,0.00854141121311848,0.008598844047397278,0.009910062808826456
2010-03-11,-0.0036277851752501418,0.003074386641760194,0.0012815002089822452,-0.005735430169650076,-0.003709143066356241,-0.0013636906148458332,-0.004706152676296304
2010-03-12,-0.0031989486419599215,0.006163676066468489,0.0033240254419800897,0.0016210625973327173,-0.00039459771449562256,0.002775872034138326,0.0009044087336890992
2010-03-15,0.0036393877296313445,-0.006738314588262822,-0.007430766433864102,-0.013221340457600214,-0.00933456362311744,-0.007013441217488724,-0.009641430796776524
2010-03-16,-0.005298049600528403,0.006655721326007922,0.01455401839021742,0.012308011428716275,0.012271137089419909,0.011357213353502578,0.012249787188202384
2010-03-17,-0.007553908452059477,-0.0022143784452943378,0.004552504069235017,0.011138548012468564,0.004796849904002947,0.008885152443721444,0.008695988834775736
2010-03-18,-0.0048735431571153235,-0.009094421161701475,-0.009890059684098196,-0.0032407886227240395,-0.004992357543246672,-0.0019888906515198737,-0.006011966068117747
2010-03-19,0.009434962567174656,-0.005674542232874572,-0.015195122214915922,-0.009697455604563606,-0.003240238360102755,-0.004982174525720455,-0.005433902384598137
2010-03-22,-0.0034469127478173925,0.002222510096576412,0.0012948658233975644,-0.0015366562751002349,0.000651958556639985,0.0008470934161619848,-0.0024875895953988592
2010-03-23,-0.0016721596358541394,-0.007326482010404814,0.004131509958024488,0.00994653839168046,0.006230562104211529,0.0049597086005194494,0.006815782061213837
2010-03-24,-0.0018985361511309282,-0.010223632308132048,-0.01715252137627892,0.00067319568952921,-0.0006934612715520048,0.0036047639882110824,-0.0022633506733960767
2010-03-25,0.0015637817324042557,-0.0017980234110052788,0.0036629896146202667,0.011260743868228434,0.012746857713361068,0.015437470514279045,0.015089117431387014
2010-03-26,0.004220946691820752,0.007707804989096178,0.011426032655452648,-0.005221757209163963,-0.0028913416639228034,-0.002105671328088551,-0.002428294629939231
2010-03-29,-0.00010003169224337884,0.005284100879331864,0.009252114876176673,0.00043617459690995316,0.0029363181655391686,0.005995064467534374,0.0022247191885509166
2010-03-30,-0.010615181047636844,-0.004237636731491626,-0.005129933857701355,-0.0010471388263843485,-0.0033174502585607184,-0.0023415818103967485,-0.0026532487694823463
2010-03-31,-0.0007866460283025236,0.0062348001309614105,0.00025724027888597643,0.0018027835145891184,-0.0033662123411472814,0.0018054021453984275,-0.002902489503844788
2010-04-01,-0.0015751509300041778,0.005608017460515234,0.02387699828623029,0.020758015226266847,0.01503978549453554,0.013239280738381121,0.016021598955181692
2010-04-02,-0.00045050880363424055,-0.005837583715019452,0.0,0.0,0.0,0.0,0.0
2010-04-05,-0.006895408319927723,-0.0011742507574594597,-0.00025085326479005684,0.0,0.0,0.0,0.0
2010-04-06,-0.0047185022250244525,-0.006480696650848827,-0.008825739482784969,0.01179557692234958,0.004873784834732828,0.002666594945900924,0.0036829829389931246
2010-04-07,-0.002224783073131628,-0.003999225824925799,-0.014543312506787962,-0.004848411761569574,-0.006675008417442292,-0.004777678372929137,-0.004986461882965163
2010-04-08,-0.0017147880273342435,0.0009481548735943754,-0.0036045173676642743,-0.00851334599317773,-0.012119424926029172,-0.008161913591894417,-0.010921332104007043
2010-04-09,0.0035406101330149836,0.01040894266375973,0.02294847194976243,0.014148909719143767,0.017955415281513017,0.012538090813823812,0.017261639589252035
2010-04-12,0.007949200437267883,0.0070179832710689045,0.0125252865517587,-0.0015466681993057832,-9.884919049250732e-06,0.00015835443294054074,0.0028986927325941147
2010-04-13,0.001017433275462849,0.0009249428923988827,-0.0014947048461705665,-0.0025642227054376147,-0.004580282103183148,-0.003182285492494881,-0.004670757298361154
2010-04-14,-0.002942193203910021,0.003476256603012132,0.010909767397209374,0.00630017758967222,0.006356250408764818,0.0076055926063123705,0.006600807119559232
2010-04-15,-0.005568488405038399,-0.006017827303584209,-0.005191988501855674,-0.003088865961110111,0.001957309202064006,0.002076444437499918,0.001534668511217697
2010-04-16,0.00170795428428353,-0.005171809284392291,-0.027137457636134895,-0.016503542679363246,-0.01962737470351766,-0.017727723697326222,-0.021133571555462364
2010-04-19,0.0005231498675874382,-0.0012416783781395578,-0.0015294575105442392,-0.00337952167052145,-0.004061764870105507,-0.0029910826298169563,-0.003212300953214714
2010-04-20,-0.005884487097510031,-0.003876713889154276,0.006103924492151001,0.017884212340880064,0.014050272282233357,0.01638287914386799,0.014760306389695197
2010-04-21,-0.006655990584624878,-0.0033665699312839777,-0.014815369970514886,-0.003387294234230764,-0.012238539414267606,-0.005418365333979386,-0.012229677836297023
2010-04-22,-0.006352916188561193,-0.008997571964234886,-0.015298835449882111,-0.006666992365680074,-0.013419050689397187,-0.009945911520901933,-0.017125426396204842
2010-04-23,0.008193509219354817,0.008555801171260513,0.007808141132409745,0.005874961389921449,0.0067675006474568295,0.014613672304628308,0.007056795913589305
2010-04-26,-0.004261472474113105,0.0012856772942977386,0.0012958721248996893,0.011395539268816578,0.011596970227657504,0.011526882016453134,0.009865106788487444
2010-04-27,-0.0030980576856980647,-0.017350595323902363,-0.06030150813979486,-0.02352382961612815,-0.03897202953860503,-0.02763475923889734,-0.03742689730975251
2010-04-28,0.005979403088763437,0.003192375500305,-0.0035813372877501293,-0.013176506284342646,-0.01509544281785182,-0.01227895943450925,-0.017856217351184596
2010-04-29,-0.006118328301293884,0.0037860425403388816,0.017782012750817647,0.011284239098494343,0.014059693492968425,0.009905890843040891,0.014094046002782665
2010-04-30,0.006233428816821698,0.002642793494121407,-0.0059837032129499215,-0.007344785271059253,-0.006171691069955154,-0.0014999193689115664,-0.003989393851325768
2010-05-03,-0.004035801804294811,-0.007406060624911719,0.004898790690913239,0.002973225168491819,0.003000472014482564,0.005075308069368775,-0.00012784818136903666
2010-05-04,-0.009986145244264982,-0.018039068609863564,-0.05668000854091282,-0.032457498518084556,-0.03702858515430538,-0.026297384291884683,-0.03924026886552979
2010-05-05,-0.009851098109823696,-0.011561530236906613,-0.025310328834181266,-0.015240864712878329,-0.014541603039191102,-0.008091713774236684,-0.010699125887079363
2010-05-06,0.0010600984948613027,-0.014301298926443492,-0.04952717803540767,-0.013973456976887785,-0.022225154149446456,-0.00845908076258539,-0.025665312908380977
2010-05-07,0.011820615377513635,0.009698510652536201,-0.01969727223846097,-0.04335566768217354,-0.04707361362424192,-0.033241314341971896,-0.04352756975114389
2010-05-10,0.0004652864731235644,0.0018130244848811644,0.10283141099222967,0.07072229062024672,0.09220796534569925,0.0516300311112226,0.09846568404527045
2010-05-11,-0.01606037509164918,-0.011751436422304053,-0.01637259954478882,-0.005263737613554112,-0.007308355040420878,0.0032847455871402105,-0.010350975221380811
2010-05-12,0.006478635777321307,0.0007200971762976007,0.013233714307376927,0.010203205808907913,0.010951982991647952,0.023858080382203797,0.01231366634373238
2010-05-13,0.007369715261240306,-0.007780520819727087,-0.021667788737816388,0.002667835941030332,-0.0006242331370667115,0.011013773552458653,0.0
2010-05-14,-0.00913246380595322,-0.014541713473336352,-0.04418642224600024,-0.03176015143373618,-0.046959334031396974,-0.03172990653195397,-0.04831787596709156
2010-05-17,0.006448253251459537,0.0026609142594335804,0.0027431294493557874,-0.002049473538707342,-0.004732630227488869,0.0016843079918974191,0.0005390381371882425
2010-05-18,-0.004802943318961633,-0.017420541411739418,-0.015337625706019457,0.013474032112667187,0.020604375772130194,0.014564823539285097,0.023576336434791467
2010-05-19,0.009396776746579115,0.017457670512705855,0.012899670973482227,-0.029276326814469067,-0.029641753505834405,-0.02754653574641574,-0.02961275837702901
2010-05-20,0.01197951755435518,0.006877180708703355,-0.03382781312568677,-0.020713999499765413,-0.022796994567206796,-0.020375947497336042,-0.019233325504740415
2010-05-21,-0.002301535979612145,0.007037874568230381,0.030159168861863817,-0.004615799860578214,-0.0005187124877256017,-0.0066050430559055585,0.0017885184118462197
2010-05-24,-0.013103878506361745,-0.017428508509895628,-0.03808183115920623,0.0005103947901979344,5.536302633658364e-05,-0.004051568183840145,0.0
2010-05-25,-0.00035023078325683167,-0.00032109748809052677,0.00031828719801120286,-0.0276125155683027,-0.029471713438085603,-0.023640599685345997,-0.03385089092661282
2010-05-26,-0.011981846196810095,-0.01411019910489194,-0.02806190512968972,0.022593059385336872,0.022939113743383296,0.015397489726454482,0.01667359648027344
2010-05-27,0.002124898319960134,0.01427076073688679,0.07375726870235917,0.028936264909757668,0.03366965044680002,0.030633889967122036,0.03457633833788193
2010-05-28,0.0011785353689199502,-0.006007743200723137,-0.0211892049350339,-0.001620408577798591,-0.002911780793171654,0.0015214671604637997,-0.0020254634529430597
2010-05-31,-0.0035397811461015997,0.0011297805807935497,0.0,0.00018710062137526132,-0.0021359557334123093,0.003047714330571296,-0.0014547537090280724
2010-06-01,-0.014405917305186783,-0.004475054329738393,-0.017849111736780155,0.0015889434731801771,-0.0012780519299776998,0.0028361827992023072,-0.001410789745893411
2010-06-02,0.0015577702720793688,0.0004894631085020045,0.02773206425954713,0.004194069638108251,-0.00045115571074288904,-1.1673879641378836e-05,-0.0017663610673730912
2010-06-03,-0.004439939995225256,-0.005699372486833643,-0.00771256077395913,0.013762748201576988,0.01582165115977348,0.012201999877467444,0.012291626066551554
2010-06-04,-0.00603137564764903,-0.016438877880181633,-0.06294997359075076,-0.01792565564072205,-0.02901407083512284,-0.019302705583872367,-0.031064065581901074
2010-06-07,-0.0036363931273276275,-0.004026206980611523,-0.010277178321585872,-0.011522428875845508,-0.012196431242767045,-0.005729528386514929,-0.009292813262354023
2010-06-08,0.005691127751177516,0.004109951497747085,0.015540055015563147,-0.008571053604949575,-0.009820352718084934,-0.006183463983753138,-0.007590039865562189
2010-06-09,-0.004938517855378445,0.0016655661095444536,-0.0036152114541333686,0.018255057619992875,0.019455321809705696,0.019607015737818773,0.01809212156763532
2010-06-10,-0.0013599148193928299,0.009712600726572622,0.052280503776648404,0.014828871399795608,0.020068391453150033,0.011932342590563095,0.020157827321267533
2010-06-11,0.009673541799798235,0.0004117173657361627,0.011187203406941513,0.000430071985789373,0.010995373166636034,-0.001447366699230837,0.011271240462398965
2010-06-14,-0.0025302633030110954,0.008552695671447504,0.011063626117052564,0.01793023655683551,0.019639823577461874,0.012679213496361268,0.016968409192994846
2010-06-15,0.003973289456815924,0.008232084215862603,0.04540786041802063,0.0071249419743156465,0.009734478819298726,0.008138191587161118,0.012163686065877751
2010-06-16,0.0035984457401924907,-0.0005788409597696201,-0.00968469228781362,0.002811938845797626,0.00393050997472831,0.002565164420627329,0.0008941741957011366
2010-06-17,0.00047882065057737927,0.005679618852154692,0.006466840941507628,0.001492492994951991,0.0019432365834261339,0.005256770527780467,0.0034479179169598583
2010-06-18,-0.0013172910082912626,0.0008794776975884809,0.0018919255065179617,0.002383328853359628,0.0011206840498404983,-0.0010546278116156608,0.0032569741995736455
2010-06-21,-0.0003595495575065272,-0.006226657623136823,-0.006622503667031244,0.014710089327434374,0.013185579403859159,0.01214891631731512,0.01135283896784724
2010-06-22,-0.007580846213331891,-0.0033320921830014517,-0.013071866460795657,-0.003642624198771412,-0.00828600007738371,-0.003809932366598603,-0.008088211771114589
2010-06-23,-0.006179230794704524,0.0035784942161648527,0.00579694360965912,-0.013898380889729639,-0.01729431349482649,-0.010345177263373181,-0.015106381171328757
2010-06-24,0.004002687390474752,0.001491632255975468,-0.026199577863832493,-0.017732568417133002,-0.024018975578114724,-0.014454803474439969,-0.02223592364313019
2010-06-25,-0.007655390071443816,0.0028788196091727477,0.006847266138106835,-0.009859547914028557,-0.010072077591484475,-0.007365795307028632,-0.00609343240280562
2010-06-28,-0.00857536682989727,-0.007789398795184143,-0.005598929644527112,0.013618921272410912,0.0159863980941784,0.014167948810581827,0.014881557271811332
2010-06-29,-0.004191805079719034,-0.007412309622866143,-0.04628247777420987,-0.03520045894133872,-0.040939075945203456,-0.03389311012641022,-0.04300360929522775
2010-06-30,0.010813536278269904,0.003577106199264056,-0.0013076097581882172,-0.006982921031411323,0.002879605040638191,0.0022639284681766707,0.00662033817807855
2010-07-01,0.0076703755571605045,0.022434959929625495,0.019757667809318386,-0.028624617300879205,-0.030370366581783857,-0.018285259365423228,-0.02147391565446423
2010-07-02,0.0010909395845396016,0.0050658469285492815,-0.009991919832987481,0.0010713624019572572,0.002532858077593075,-0.003982405123998359,0.0014720088795220727
2010-07-05,0.0036280375524797488,-0.0027116938579534516,0.0,-0.006281932515862578,-0.004762936982834476,-0.0030814046073423525,-0.005777145266093043
2010-07-06,0.005777534200520433,0.006919288695354777,0.028108215138776066,0.02629442257890578,0.02691179802365069,0.021226938527561537,0.027863626791953703
2010-07-07,-0.0013210879853479587,0.0007197730453446378,0.04616177301549201,0.00990531661234003,0.017397738163008797,0.008694638158462385,0.021370120041713594
2010-07-08,0.006349281629032505,0.004812213760013983,0.007789090511031138,0.01580837574587228,0.015611960169032985,0.007116498710161957,0.012085104068456582
2010-07-09,-0.0026306453028127437,-0.003952752093030131,0.0038715001374035178,0.005563869097169191,0.004576519574515781,0.004888915053829004,0.005527717856618369
2010-07-12,0.0029888211433656033,-0.004277160303314083,-0.005066247469270548,0.006574677573462349,0.00370111985572322,0.0019682568836809403,0.0018222000436966823
2010-07-13,0.0,0.01033933500313667,0.023329259800140768,0.021808509486429314,0.019458216228900524,0.01857519516167451,0.018991366085562424
2010-07-14,-0.004186841058585922,0.001540369062299982,0.0023325287270596707,0.0037978753389161716,-0.00131486753534545,0.003004606500985925,0.0005002686228488346
2010-07-15,0.003470361041579298,0.014656530180525616,0.0072539483342276235,-0.015854929654257215,-0.014182172550908511,-0.009774220982930052,-0.013286277807808385
2010-07-16,0.007142016089833747,0.0002586043942033506,-0.03201968027680211,-0.01765252577974843,-0.02306241357894011,-0.01789927296174841,-0.02139029109164576
2010-07-19,0.007491695252421444,0.0005821452256834415,0.009507399010443365,-0.006161075432332365,-0.003959027227592207,-0.005172087861032219,-0.004170298262612369
2010-07-20,-0.007361267786290496,-0.0035907910792182833,-0.003851674038625134,-0.00479410862922529,-0.005265797851994893,-0.006950185545709628,-0.0027823032471079746
2010-07-21,-0.0029811725397242295,-0.009750962757509874,-0.02464053196355652,0.018243584761123602,0.007440461149479192,0.0038283868565398313,0.004647988211720008
2010-07-22,0.0046283250414751115,0.010524922553194389,0.04375053893431273,0.02672638334877841,0.030067892552058877,0.025019998215754072,0.027903830748347454
2010-07-23,-0.009397558498226934,0.0007744690481291679,0.012443886986524441,0.005770912776199457,0.0017980920496032831,0.003930615867465944,0.0018110125120709714
2010-07-26,0.0023874599241519813,0.006633442012646263,0.012007026729285726,0.002014913131746643,0.008043383943309472,0.004509534746949449,0.008784068335107984
2010-07-27,-0.006459355032824045,-0.0006237988062238497,0.008770913269388456,0.0007692832170906324,0.008276566336697003,0.002112660788053247,0.009502211414093121
2010-07-28,-0.0002400066998785558,0.0001039629092840535,-0.005366325124718895,-0.009062437739375246,0.0010795515888392365,-0.004580912996131529,-0.0011561729488859405
2010-07-29,0.005506344266068649,0.006582753168812028,0.002545899325649576,-0.008693603169751483,-0.005039484834801046,-0.007185517190693605,-0.004776265707171036
2010-07-30,-0.007982094051282449,-0.0029904301752239084,-0.005666139346957917,-0.004496258734236013,-0.0024043766639101133,0.0021607719251911938,-0.003927175914154251
2010-08-02,-0.0026990594891607034,0.010446432862118028,0.042547495154436725,0.02691491355155608,0.029451116988448166,0.023177646540893562,0.02876746661303268
2010-08-03,0.000542752600071149,0.003722536109771636,-0.0024534324609232737,-0.0019450206778647934,-0.0012054126133104093,0.002504798657631456,-0.0011345052865315596
2010-08-04,6.030363637422826e-05,0.0,0.0032697401450064,0.0005898325250072262,0.0035187985989444323,0.0037059108371024934,0.0021651508246623074
2010-08-05,-0.0016895899679200612,-0.0050786815117948685,-0.0005436288193548662,-0.007783766919121154,0.0009222624561910146,0.0003553124334736911,-0.0020338642568130576
2010-08-06,0.001569050940532626,0.0017646474237553932,-0.0019074637700247218,-0.01611393679615333,-0.012871393768546067,-0.011744590230620746,-0.014289325111571502
2010-08-09,0.002769875192794381,0.007887125187317354,0.00435364063939771,0.014091532830613986,0.016366741971800075,0.014585705832120283,0.01709806759708266
2010-08-10,0.00024054014710219758,-0.004202688781353308,-0.005718117853053492,-0.008220903001020595,-0.012464292813158643,-0.010342056540830492,-0.009685021676105823
2010-08-11,-0.0003608319214692944,-0.003407553186880817,-0.061085683644966055,-0.024768483443192546,-0.02780226481552225,-0.02125108551666135,-0.027466475538018748
2010-08-12,-0.011905996774314719,-0.02619518817946638,-0.003197811229689965,-0.0026805800488887786,-0.0019918925210840287,-0.00307584808092025,-0.0012157240684015623
2010-08-13,0.0015081316206500984,-0.001103967401704031,-0.012895675965181385,-0.0006171893499300995,-0.002809787350599477,-0.004043875293493319,-0.004464484230540706
2010-08-16,-0.0053618886157279265,-0.004608142791233524,0.00470836225830448,-0.0024109019975302316,-0.003692810181414899,2.6130141611357368e-05,-0.0038616296377902305
2010-08-17,0.0006107173657717822,0.0032105568602749032,0.017462689605612997,0.01629894532381574,0.018050957592133442,0.01556097221422607,0.014496224210740384
2010-08-18,0.009371071527380363,0.005292525997281642,-0.0014434851442663651,-0.002377611157315009,-0.004158076519059512,-0.0032422063312802576,-0.0033038637309384614
2010-08-19,-0.0034052193007012197,-0.001827205331509851,-0.02605114287436994,-0.016307106299669184,-0.020922253200987655,-0.018135426752622686,-0.019853749736356938
2010-08-20,-0.0020657929053225876,-0.0037726963300603726,-0.01644578000975669,-0.013585699708845048,-0.013039461962117183,-0.01158424322567013,-0.011671513979635503
2010-08-23,-0.00573347732557035,-0.007680836874902004,-0.0027171067463432463,0.0016338433106844854,0.00765889394539444,0.000957051729783953,0.0063565451702017935
2010-08-24,-0.0024252614804286215,-0.0059180871120244295,-0.018304441192393602,-0.016299614598840422,-0.017637275481850078,-0.012635025468681093,-0.01755370668553812
2010-08-25,0.0055034951720248,-0.0001642736980887827,0.0,-0.0053431151586809,-0.011790482984862778,-0.006073550362492725,-0.010434716003250293
2010-08-26,-0.0017334034313802053,0.002453840014940038,-0.0030832651399500827,0.00798802851293453,0.007173835495854801,0.002214696037418942,0.007504426002774358
2010-08-27,0.00024436011375256455,0.0033488892934487834,0.02470776774155643,0.008934594430048808,0.009283289437909821,0.006505528159227781,0.008959055548523392
2010-08-30,0.0028053496891208302,0.0037299821012289247,-0.022240452424817876,-0.004710866489055025,-0.005841771656967428,-0.006534267612139504,-0.005252628415739584
2010-08-31,-0.0028053496891209733,-0.006926953201297012,0.0036901152448417162,0.0029113448737619102,0.0010834445355813757,0.002164295250409122,0.002435294050520862
2010-09-01,0.009240198576184872,0.0016860217365177637,0.04442510093988669,0.028195415724273025,0.03740617852894138,0.026428068262726628,0.03459178320351167
2010-09-02,0.002779582921920991,0.009074472093895964,0.012835666547925338,0.003220473321048138,0.002092229923416413,-8.186342996858974e-06,-2.9492207135959374e-05
2010-09-03,0.0049359333241169165,0.0017940314883815697,0.014673933811113265,0.008476690354310496,0.011164432936674197,0.00831042034439882,0.01136714397885738
2010-09-06,0.0019195776546113259,0.005298241237920658,0.0,0.0035763894186223296,0.0034063234335069514,0.003323109086322016,0.002680127020102721
2010-09-07,0.0015570239772013986,-0.00199656779676877,-0.030155342785773483,-0.008415760003665073,-0.011167394028999491,-0.006053976560697963,-0.009648439491763526
2010-09-08,-0.01179743640849101,-0.014905775134682301,0.009375840961284987,0.011134940808076149,0.009124448227598694,0.0075799994419914,0.00939048748120052
2010-09-09,-0.0038825510397823707,0.004256166238409801,0.009866448092856542,0.009489286887750397,0.01214713024360929,0.009216965402034663,0.010673392120670514
2010-09-10,1.2173011534993518e-05,-0.003063653161283119,0.005758606300965837,0.0011052054711222462,0.000985548096228233,-0.0010855328464739846,-0.0007298549290821926
2010-09-13,0.005624714026034934,0.0018803207976895843,0.022147727726705327,0.006872667742152295,0.011031741297821036,0.007519827606566513,0.008830182887711447
2010-09-14,0.008222346647609808,0.012116094124892242,0.009780528966515517,-0.0016023090292931693,0.0019226823189368498,0.0021902986409370064,0.0005025054242540866
2010-09-15,0.002299345254177366,0.009259067637498604,-0.0011132169354817509,-0.002587092061323406,-0.004982722293704816,-0.002159965164914405,-0.004324316925614045
2010-09-16,-0.004447713027230539,0.0017944556937577775,0.002502634689482348,-0.003549351036510712,-0.0051628515070654525,-0.001953434708270018,-0.003495272263799002
2010-09-17,0.005165135446170194,0.004670317385591432,-0.013671376248081549,-0.00038853238947238146,-0.0038292930889449995,-0.0064032364418172595,-0.00983049686202756
2010-09-20,-0.003592413153739,-0.0024552993407984166,0.0181690001698265,0.015630151269945478,0.017574280905665277,0.013566747950624913,0.01629513699248601
2010-09-21,0.007886314441184034,0.0017624675229667383,0.006076305233673489,-0.0025635229278214156,-0.0009534897707031333,-0.002959313052687871,-0.0029013970455107805
2010-09-22,0.01006578455990762,0.014438189232468136,-0.0005513140636474119,-0.013634741013431987,-0.013126109594217913,-0.010837693741979246,-0.015063424786492571
2010-09-23,0.008517907911303734,0.010059428719971893,-0.019190966097356908,-0.004586541453112664,-0.006564905910109312,-0.003811840470670627,-0.005157152907048737
2010-09-24,-0.007775846668505298,-0.005382034059724284,0.042606488004170905,0.015000202762195155,0.019183561455648264,0.018199613905740535,0.019576241833762473
2010-09-27,0.0023167814104201553,0.011938324449518322,-0.012729046312085676,-0.0020147340408352035,-0.0043239826033302205,-0.00308648966388998,-0.005896833669106367
2010-09-28,-0.0019989236539303666,-0.0029744172808687758,0.012459741046994221,0.002961473305577435,-0.0010121032643642031,-0.000446084823638496,-0.0006160966794593862
2010-09-29,0.010421014200586208,0.009763951553616946,-0.00919404728769818,-0.00688411744247008,-0.006728495462096881,-0.004658620439738705,-0.007927976328449588
2010-09-30,0.00471799700396943,0.0042021163021390764,-0.00272032194392585,-0.004356629622582684,-0.0058881818480711005,-0.0028695095856920865,-0.0017489187342332822
2010-10-01,0.004672800999342255,-0.000435887455197779,0.008948954914542395,-0.001825930605580743,-0.006234393636637031,-0.0028423916798246238,-0.005470004659186364
2010-10-04,0.005041559635038729,0.011301804002874567,-0.02100741286856195,-0.010178066484335571,-0.011517589681124669,-0.012495334363542561,-0.011737456719318024
2010-10-05,-0.007849516516914085,-0.007494084714141646,0.03999445281744483,0.013916053237033812,0.022250380294035425,0.013217982335468085,0.02107933900703793
2010-10-06,0.0073556432899145084,0.011621940993247981,0.006074411570018677,0.005773832830104908,0.008798425446055882,0.008793495702501071,0.00774210201644032
2010-10-07,0.008008771319201094,0.0062030022828410275,0.0018411181930700433,0.0020752177251583746,0.0014757211153926546,0.0008798961815487378,0.002471720769979688
2010-10-08,-0.0006839331626497208,0.0005707906624240265,0.003672902037894032,-0.0033818324363847335,-0.0019353278775621349,0.0024538554841726672,-0.0005204129895428617
2010-10-11,-0.0006616165979866294,0.003557968270295541,-0.0026222162745090836,0.0015143484939779514,0.0014100616539629502,0.0028314580239541735,0.001538986389383141
2010-10-12,-0.0033947807096785286,-0.006992247269975627,-0.0005252855126469064,-0.0058025014926056245,-0.005222565711287796,-0.000783242506693691,-0.005020240920127705
2010-10-13,0.007641940775165052,0.0026407171180504964,0.021310607149318418,0.019592550324652645,0.020979489411661768,0.020402509858545182,0.02307673163232134
2010-10-14,-0.0022750935385459515,0.0036109743582841878,0.007174164066811095,-0.0011419799364410547,-0.002398210763773775,0.003219605262988855,-0.001564279766414722
2010-10-15,0.0009106586355815519,0.00747240431001589,-0.002044447345886313,0.00035157923845612586,0.002144812794850731,0.005719974732089263,0.0019514021974492291
2010-10-18,-0.006048503936147097,-0.007681872905857012,0.004849067626052023,0.0007904006979849122,0.0018611343605417327,0.0037405239442978785,0.0031867486609199478
2010-10-19,0.0034282069044887942,-0.002036708965121064,-0.02866604049037467,-0.007549222460069298,-0.007152937756232937,-0.0039885197173800645,-0.004708087023366105
2010-10-20,-0.0017126343776412572,-0.014224451459383641,0.02458405205908134,0.001649817923279631,0.0054955217993939804,0.005203121929517638,0.004988695638487433
2010-10-21,0.00694644806466872,0.016177411923509133,0.0033175660588201307,0.006484543523544111,0.013007550684267347,0.013164450150267853,0.010732938342248425
2010-10-22,0.004754884605636236,-0.0033177572614473817,0.0025446613983556884,-0.0024890745590403955,-0.002511997973775584,-0.0007823229122636557,-0.002970816716726798
2010-10-25,0.004057716730362434,0.0019503246474671958,-0.0015261602872962677,0.004271485260118801,0.0003773220652609421,0.005038892006652793,-0.0007867444218749103
2010-10-26,-0.0019253592405574,0.0003486567540382671,-0.006383287613472006,-0.005180795710476649,-0.004490711031867278,-0.003834628938796145,-0.005296966977195253
2010-10-27,-0.014977055364777687,-0.0068118389124068365,-0.012370851072100123,-0.008162165479708956,-0.00962131165837243,-0.006948973534003929,-0.00945888647557862
2010-10-28,-0.001030195388168516,-0.005512598943926412,0.010832877475012543,0.00032544741294076413,0.00498525152553127,0.004144836948891293,0.005677636221282864
2010-10-29,0.0,0.0,0.0,-0.002576505046277037,-0.00034951186016991603,0.0009230119020672877,-0.0001898030627316247
2010-11-01,-0.0029820118816614232,0.014195311128468011,-0.011092722262204263,0.006266818415707798,0.0019831912786704695,0.0005284999852552816,-0.0029075757437502354
2010-11-02,-0.005182221387139952,-0.004601149220226048,0.02459777720216092,0.007837141627350653,0.006386529008720142,0.007459052848300618,0.008522739299274763
2010-11-03,0.010566282873655476,0.008956863160489622,0.0012649226221898141,-0.00872162963680017,-0.0059102608929905865,-0.005501814915536495,-0.010746093332365468
2010-11-04,0.0019402894954970444,0.006477529785477337,0.022741997808042255,0.017831534339604285,0.019032211742252787,0.017508812972763754,0.018822399337972646
2010-11-05,-0.003312143712182673,0.007102992808711045,-0.01644258508983716,0.005057448915427983,-1.2778135998651848e-05,0.0028927906319993627,-0.0028714618035473455
2010-11-08,-0.006519345120447961,-0.010755222451550838,-0.009337670341560826,-0.0006055204446519876,-0.000773911387895854,-0.0005479863087043251,-0.002778594940233167
2010-11-09,-0.009394303341571273,-0.014754701630107541,-0.011731719938790937,0.003024030079921565,0.008145697226237357,0.005511788825678256,0.007876931713997953
2010-11-10,0.00011625105196734457,-0.0070623717178888,-0.0023116018750032057,-0.004756199757438173,-0.014618294771537955,-0.0100640435650865,-0.015588014311384684
2010-11-11,-0.0070916031044303785,0.00026172033842768085,-0.015287260285545586,-0.0036473432340317683,-0.005441064864536578,0.0005311680708078199,-0.005182175602236823
2010-11-12,-0.010129331742241362,-0.011287233725628645,-0.005760709918015815,-0.004738099842971468,-0.009412323989223927,0.001664391879407072,-0.0031095120132841937
2010-11-15,0.003435010733461397,0.0052853524569610255,0.001312473038202476,0.006766063403410904,0.008607804464967814,0.008216085144466827,0.009176777738632794
2010-11-16,-0.003092119569928872,-0.008684748826313858,-0.02657608051038168,-0.018460107160881534,-0.026689374860804718,-0.018870078653509825,-0.023687546774447208
2010-11-17,0.003893134245334587,-0.006224990968142396,0.006442499339828537,0.006728319586236006,0.00791025662767154,0.005512059950875876,0.007495798079132928
2010-11-18,0.0021171504143455313,0.004692205558127927,0.02823023052325667,0.013871106827775492,0.019743908578176095,0.019515589180222,0.0185691725941337
2010-11-19,-0.0004700984452805943,0.0075919229732363085,0.004671807190615526,-0.0048925407027698075,-0.002021203414286516,0.0016730372577876886,-0.003325740219766137
2010-11-22,0.009231952387920907,0.006357057443670333,-0.02013893768262602,-0.0062881521449560315,-0.010748834278425138,-0.003146589736843685,-0.012133426839248977
2010-11-23,-0.006531986646264544,-0.010418692601628437,-0.04236451170223065,-0.022444997128162534,-0.0250486623139276,-0.017306467835327386,-0.025965216649531577
2010-11-24,-0.0069407557582648405,-0.015976469224680656,0.00522341216616973,0.007083166466128153,0.0062072180959831654,0.017562956080425907,0.006785028323645872
2010-11-25,-0.0012993961977908774,-0.002126081609495989,0.0,0.004645116282578673,0.003412300385775753,0.008152782017271726,0.0025456975944236158
2010-11-26,0.00047270948888844934,-0.0013616062857695526,-0.019659857340367477,-0.007436679318769745,-0.008484420858178372,-0.004469521605863196,-0.010210934514420025
2010-11-29,0.0029493297530177,-0.007654296583068306,-0.024056998035494603,-0.019792504434892437,-0.02489805452885145,-0.022295205736484667,-0.024784324741897533
2010-11-30,-0.007567789180373464,-0.010181003400475444,-0.025236677813943974,-0.0068789755246448136,-0.007318524783497626,-0.001416353798600382,-0.007130324941600418
2010-12-01,-0.00954086745235393,-0.008572467909573613,0.04143278989647846,0.025302488958219738,0.016168561160801544,0.026285256550720403,0.026386035687521358
2010-12-02,0.007247440194358605,0.010172388768412144,0.027246426263358933,0.016685582866313654,0.02096801188038464,0.013162574678249403,0.02163157698046331
2010-12-03,0.00809264854933073,0.006914477075129106,0.012537850204900848,0.002164854331291209,0.0009363035271078393,-0.0014224257963543303,0.0003594678615555632
2010-12-06,0.0038279282555976047,0.01501982086632797,-0.012811989884993684,0.00043823908127455375,-0.0003520285575978526,0.0009580809275415779,-0.004477366424519393
2010-12-07,-0.0059543326572982225,-0.009666231231329044,0.006835311978756334,0.011241118110937651,0.016209933768227026,0.006811331244221394,0.01176464107694661
2010-12-08,-0.005692640680156545,-0.003183907449486137,0.00787085507967476,0.0014720386275977905,0.005621221667370079,-0.003725923383852139,0.0057669512306675694
2010-12-09,-0.0026199937359859373,0.00046369032544568266,0.007541032216779124,0.007642627743967021,0.006780251347262228,-0.0016800485310501981,0.007689549310163382
2010-12-10,0.0008343727360571795,-0.0006622619605450978,-0.00026834564331633615,0.0023727811032706455,-0.00018144261101326895,0.006014158865940244,-0.0004154513399521698
2010-12-13,-0.004537833159005054,-0.003397481941385476,0.013065143755749353,0.003107574367609435,0.009055750768153752,0.0033087722800279784,0.005562917112564526
2010-12-14,0.010477498261472113,0.014917942056763405,-0.0002646891192975339,0.0014791774652312966,0.002676014661919831,-0.0002831705364835563,0.0022038702525519665
2010-12-15,0.0035469664081360414,-0.002581966069253917,-0.020073141209914606,-0.0029319238094273597,-0.005828103550069236,-0.00157077300593093,-0.006900835618835643
2010-12-16,0.0029462016948799876,-0.010301564827892904,0.007004021706467644,0.0031024440814136187,0.002103396123221848,0.0011437814337082654,0.0013326979151538603
2010-12-17,-0.0034184089707700923,0.001204167071185813,-0.009395801309664671,0.0004829540301701246,-0.005417959311147171,-0.0059899023926985664,-0.008472850948605838
2010-12-20,0.0017460753349771748,-0.005677107403229118,-0.0005458678683565563,0.0031197022808618032,0.00457405251743768,0.005163895838933518,0.006165001694282424
2010-12-21,-0.0030457786426418996,-0.0035744203663818073,0.00788553115433245,0.00843107453242613,0.010856946771797335,0.008426220343640295,0.013215249081571012
2010-12-22,0.0005791770008338543,-0.0021359203069993963,-0.0005421228055764584,8.422955772681594e-05,-0.0019828810007193895,-0.0014237774862035136,-0.0025615445632126755
2010-12-23,0.005585289912077563,0.0019391577993921958,-0.005706947102949492,0.0001122379267012045,-0.002142731098406558,-0.0014484305253031364,-0.001782257081126971
2010-12-24,-0.0017523504501514172,0.0008922552685333885,0.0,-0.0008143963640981049,0.0,0.0,0.0
2010-12-27,-0.0011071230497473605,-0.003616551633095957,-0.00272917502437494,-0.000983867999664797,-0.012640565477693034,-0.01239784313248548,-0.013358065155333108
2010-12-28,0.006109075054394997,0.00836675800694652,-0.006856248511066654,0.003144907828420916,-0.0008988502589073605,0.00019653358525259087,-0.0007821749544775231
2010-12-29,-0.0018757650424602666,-0.007869529179463017,0.011219377050289943,0.004559398286110608,0.008240699013719906,0.003346342774421471,0.005976486558377589
2010-12-30,0.0007976510652501776,0.010510944369789865,-0.004910058550942387,-0.005485047592771765,-0.010305679735169826,-0.01168701430085556,-0.012106488847134932
2010-12-31,0.009940123246671121,0.005782565559017043,0.007355911073051088,0.0,0.0,0.0,0.0
2011-01-03,-0.00453778363841767,0.004252149381005747,0.008648963359254464,0.009773611471724055,0.012926535232941065,0.010867579969111552,0.011472742445758277
2011-01-04,0.005466089029143074,-8.014293648722583e-05,-0.001616157224330727,-0.0027827267532832,0.0038813238139034025,-0.002060873430784979,0.0016679539219701994
2011-01-05,-0.009766858434145521,-0.0026811686131298852,-0.009478658657032353,-0.004412514789963295,-0.0029204591419999338,-0.00510670740659534,-0.0036738671565410374
2011-01-06,-0.006804450625370398,-0.012404565265891997,-0.016185139959085902,-0.001092132579889482,-4.870913447618069e-05,0.005972244679360534,0.0008783081417752837
2011-01-07,-0.009514117856584913,-0.013538462981196597,-0.01701300400039578,-0.0012617225013652625,-0.00999746904787903,-0.004817259517778609,-0.009914185096602444
2011-01-10,-0.012458231979717429,-0.006559274229663551,-0.007623854017018062,-0.006275996130694996,-0.016576613349683487,-0.013152010423879193,-0.017012086495335258
2011-01-11,0.0023357608642032,0.005404806830928461,0.007623854017017945,0.011480656778363409,0.01562930658197955,0.012249161403359635,0.0128550015000408
2011-01-12,0.0001924418246600618,0.0014660361185259315,0.04294627515112981,0.011405587470381293,0.02130226654135652,0.018159926117164292,0.029076827377697897
2011-01-13,0.001921883425298416,0.011058331339293227,0.02448893789049245,-0.004480082409949785,0.007515284103145572,0.0008950972759233329,0.012601274424972367
2011-01-14,0.01109862053362014,0.016987137040285576,0.012802530185265983,0.0014679172503327062,0.00212360830231911,8.343437996106477e-05,0.0016380294135351647
2011-01-17,-0.0002373573695873345,0.002018398499029463,0.0,-0.0006645093101142852,-0.0019777425206282035,0.0003334609687862649,-0.0033510474252207135
2011-01-18,-0.008440097877869247,-0.007225863458861638,0.004661679620675588,0.007312361118592056,0.009331464894436514,0.009196013133543951,0.011949848710196543
2011-01-19,0.0034418233695220533,0.0070653041776155955,-0.005181595052723928,-0.01599063991735331,-0.00900449576910583,-0.008532251110986107,-0.007448898529864216
2011-01-20,0.004404528289625239,0.005513552064375582,0.011107061277388456,-0.005097271339204471,-0.002989311107522414,-0.008292331148912436,0.00125099984257799
2011-01-21,0.005330855999509469,0.0011844727598855896,0.020341558822244185,0.01369246598309311,0.013181837496780447,0.0054164599025979055,0.014629044596104337
2011-01-24,0.005655012741950562,0.011187004268384345,0.00802226881133949,-0.0001661890215435493,0.003915214422084292,0.0007572577487065882,0.0028573272295161043
2011-01-25,0.0025695271131160103,0.001799360949958059,-0.004002975197119313,-0.0061965615955408004,-0.003375175315815587,-0.0012402338200753443,-0.007168837333476349
2011-01-26,0.013512890406806711,0.0030746547986904953,0.0005014209387058617,0.009128621648107835,0.007299842049004901,0.00963472819624101,0.003375211589957082
2011-01-27,-0.005076432868379212,0.0017533191205943912,0.015662121521028298,0.006277723361370022,0.0025898315110261857,0.003952972797799492,0.007375563426536222
2011-01-28,0.0011380196124329588,0.0009464381911931488,-0.032592487892025346,-0.008738929900643753,-0.014202863448821958,-0.007403437830790883,-0.011985620270384419
2011-01-31,-0.005119810172873159,-0.011013589801631637,0.017931615248172442,-0.0011358859251512888,0.0007942066081976098,-0.0035711356208799217,-0.00016926890091336814
2011-02-01,-0.0017514283806529852,0.010341441443834042,0.02545567504826933,0.017476293109666433,0.016618139091409027,0.01497600714749596,0.017844852902043587
2011-02-02,0.0013780300155187902,0.008428214648801158,-0.005383246643684993,0.0007625032278901011,-0.0014964926110407693,-8.353287375170911e-05,0.001956934849590064
2011-02-03,-0.00512466183510087,-0.0008708792191564442,-0.010357463771194142,-0.0068280155482792,-0.007389765231515143,0.0013925035497920962,-0.005728849511799197
2011-02-04,-0.00966538574815795,-0.014091146651487621,-0.0012401573423092484,0.0016976868712299349,0.0026274472629786317,0.0031269917120328797,0.00256721661717701
2011-02-07,-0.0015408968000224627,-0.0036448069825923807,0.004951578620558327,0.011803869222067056,0.01071281670093637,0.009298128536578949,0.009276922548947955
2011-02-08,-0.00041526827160098947,0.001249711868901054,0.009830577116332007,0.0034009406095571316,0.004261458188645476,0.005424877543821771,0.003727585778103947
2011-02-09,0.006446877618409453,0.002572171414704725,0.0021987120202981033,-0.005214165004811958,-0.004276139677329488,-0.00031962710399179023,-0.003582377114086211
2011-02-10,0.004658409195633488,0.006877982506284142,-0.010548343427686376,0.003865947091080632,0.0010749981261529826,0.0026437018729734965,-0.0019613317495344017
2011-02-11,-0.008438678941271649,-0.008715887067009048,-0.0019750318409697946,-0.0025936617408790566,0.0015055706355548957,0.004203581927562926,-0.0004329929382461385
2011-02-14,-0.0007222324904574394,-0.006778061147924772,-0.008436803590262255,0.001405800361557126,-0.0011441770830776478,0.0034439335366010875,-0.0019826192833364243
2011-02-15,-0.003785526680768361,-0.002145678192252829,0.0002492046219428697,0.0009180654294012068,0.003343440057804708,0.0004609356467884862,0.003994185495738023
2011-02-16,-0.005555709798274673,0.0012949713556189896,0.01875676101362726,0.002641458324936834,0.009906134026578639,0.0019251306746629693,0.01032773437450106
2011-02-17,0.008333940402300923,0.005671923890932834,0.005850553117368672,0.004029663843556573,0.00025297384054925794,-0.0011862554713103282,0.0008553446407710631
2011-02-18,-0.0017087395103862553,0.0037265989873324114,0.0048501126834061435,0.003212112879283629,0.0011625507236862425,0.002872147831731439,0.001128394199657564
2011-02-21,0.002135486219732026,0.006397415525529514,0.0,-0.008777254197052171,-0.014472265808469692,-0.014238860744911177,-0.01830866895506496
2011-02-22,-0.001185802472549026,-0.002273853873248204,-0.03896952465865208,-0.005650645262974446,-0.011571554530697881,-0.00047266709721611674,-0.009677062063170727
2011-02-23,0.0038842168419143458,-0.0006291640435710969,0.005017648048236954,-0.009781151859627612,-0.009214527530557537,-0.017054147867711176,-0.009568601192179954
2011-02-24,0.0015589256666595649,0.006584959722761727,0.0007509111164543642,-0.0041427806497363545,-0.000867587918232272,-0.008949400010168987,-0.001961379429454441
2011-02-25,0.010097533824305735,0.004054861981699148,0.010942458615831426,0.00832305428176752,0.015034897462806684,0.0076378105869293195,0.012096281667572357
2011-02-28,-0.0033936073447826108,-0.0062134108425232456,0.013023877510744915,0.006413980104528114,0.009771874392649213,0.012056167354562853,0.009359705899836463
2011-03-01,-0.004370085247036899,0.006323988320142943,-0.019475783645362225,-0.0032018061987464357,-0.01056572233512144,-0.006763450980566337,-0.009946138542586337
2011-03-02,-0.0030185372209119306,-0.003600907318075315,0.006451906134617226,-0.008433414336427818,-0.008104705395100385,-0.005856509083702562,-0.008236223655708289
2011-03-03,0.002535691686827934,0.006854273404183277,0.016678925677753323,0.007481728873251892,0.006532371556840922,0.006224715666351704,0.0035222272895215853
2011-03-04,0.009880709017580891,0.006636313575586683,-0.014949246597607024,0.0009516854631760462,-0.010036020262517006,-0.006533937360809075,-0.006778882092592059
2011-03-07,0.0030278516063022435,0.002277849059524925,-0.006192120786612506,-0.005095240476799302,-0.007440169866556338,-0.0023666321113350796,-0.006040221815717672
2011-03-08,0.0023344681212662784,-0.0019148780882221393,0.002233785592290466,0.0008192074128974679,0.006369989404727752,0.0003936465699750986,0.004764474396376291
2011-03-09,-0.002683354756717949,-0.004736478296190604,-0.004472116716269571,-0.00035489915321671584,-0.005518272717964041,-0.004609539239331982,-0.003506427129884539
2011-03-10,-0.0022125391584486647,0.0003058256639182276,-0.02164668845957292,-0.0112852424891279,-0.007494585879540198,-0.009681018912492942,-0.008684681220759289
2011-03-11,0.0013746587608242987,-0.007285940264144612,0.006087941397009369,-0.008513541891014345,-0.00894761709775184,-0.011620216071208915,-0.00893751680262337
2011-03-14,0.009385574994072308,0.009610277810928372,-0.005324812176749677,-0.007688151886905972,-0.012973592763723967,-0.016588964371945018,-0.01106366096134098
2011-03-15,-0.002401695885388131,0.004119090114892922,-0.024190755100814493,-0.023368167557247133,-0.025381003528574995,-0.03240849369227421,-0.024098547462482463
2011-03-16,0.0061084560307147215,-0.00041960146146790336,-0.040399046938510645,-0.014147653324902245,-0.022546204602007843,-0.020335816464656032,-0.02287290624536059
2011-03-17,-0.00246193370791737,-0.007274305353067483,0.03779064510011985,0.01750325529052242,0.02396283513912887,0.021721768630044706,0.023576616980928045
2011-03-18,0.0009671052881963894,0.010608528143582223,0.014885646781394698,0.0032872494461227996,0.006321414120980991,0.0011290237051308015,0.0023124087080640156
2011-03-21,0.004936012088664853,0.009758236005273894,0.031225175729754955,0.017791218668243534,0.024429993231178608,0.022510499779182087,0.024128141119817106
2011-03-22,-0.0019485864264150684,0.0032788511749044322,-0.004760199094446855,-0.0008975355865589827,-0.0030113526562151774,-0.005170220949520138,-0.002106523078772109
2011-03-23,-0.006445666522166129,-0.003448881865391004,-0.003774071253805929,0.009383930153073329,0.005385315326888812,0.0034566473673837386,0.003999271673544778
2011-03-24,0.0023529209101239876,-0.004396579999944026,0.025141393709936538,0.010095156853850698,0.013983004245723607,0.01879944698062123,0.015079916426345964
2011-03-25,0.01243329029519558,0.00466587303668697,-0.011123605794014802,0.003461294684898029,0.000891499081848331,0.0018414760901834658,0.000532561259332421
2011-03-28,-0.003076717350251592,-0.010348458425385322,-0.0017413825340991153,-0.0002193756958188668,0.0011497997839569902,-0.0011134298848889228,0.0011774387231032887
2011-03-29,0.0048387535418286986,0.0038223155090464124,0.005710292107285917,0.0036688145350685488,0.0027245310569702754,-0.0006040395653933983,-0.0013148927304249167
2011-03-30,0.0009649068355046145,0.0022271443473864377,0.011324949037240573,0.00534219008336391,0.009146043561689677,0.01754098120895927,0.008725349058697136
2011-03-31,-0.0029544960346032448,0.0007198385926761102,-0.0034334785513906157,-0.006135072290789196,-0.008800077336466093,-0.0022470327197023523,-0.00873222644859005
2011-04-01,0.004768380569581301,0.00264427337899569,0.014631092568589093,0.01042091695169194,0.01630582317408837,0.01947868774917783,0.017709525315420048
2011-04-04,-0.0007931527777817952,0.004555258551591935,-0.0009686023483186486,-0.0011916758670325364,-0.002924318182060488,-0.0006241639679620699,-0.002392338040180752
2011-04-05,-0.0009072506245977359,-0.00022757676402840172,0.0,-0.00013555648750149677,-0.0002918939477554137,-2.790054110390579e-06,-0.0016523762521683106
2011-04-06,-0.010378105616650814,-7.100784488771909e-05,0.01610394045498199,0.001841384727554732,0.0015871452799569533,0.005531444722624832,0.006929610717079948
2011-04-07,0.006513183074841843,0.008137852341283986,-0.002865090166112064,-0.006105604657231445,-0.004917972330845526,-0.005047996915365844,-0.0026250448220958796
2011-04-08,-0.0020522189681226304,-0.002319553553933248,0.00833419674000322,-0.0012256403875425198,0.008308821848211634,0.005312705766611523,0.007050714262631007
2011-04-11,0.00795726540587082,0.01113145467756859,-0.002136228971719552,-0.001281687685459602,-0.005730438780070739,-0.001686348691090891,-0.00338292923724157
2011-04-12,0.0,-0.0016761853499484781,-0.004764796065284163,-0.015676060198301853,-0.015495638522218325,-0.01425119810516191,-0.014305523331628777
2011-04-13,0.008119127530906994,0.0026601441342125054,-0.0016722819753287482,0.005500879779480311,0.007423437199906065,0.010512061979597625,0.006001028553669935
2011-04-14,-0.0031495951767365536,-0.0023713673931142335,-0.0007178196611549955,-0.009082912147818402,-0.00898634500522234,-0.0043855129616549105,-0.010995904725767572
2011-04-15,0.0,-0.0006930226081929647,-0.008895394595524454,-0.0013361848636161428,0.0010296174304452157,0.004430068328184405,0.0004557582853436402
2011-04-18,-0.004856295338313164,-0.0013268596090236307,-0.03239557818244782,-0.0177612790367737,-0.02373922933400748,-0.021322658933166774,-0.024655302815178005
2011-04-19,-0.010126941654936127,-0.013201218389951367,0.008445238877935727,0.0013884559791403285,0.007019468976475235,0.0017716226828136067,0.003382713934199019
2011-04-20,0.0043363926077941515,0.007983030985188096,0.031887814499531576,0.018793276123813273,0.02427456721645615,0.029379568077567548,0.02208755030612823
2011-04-21,0.007939282957541687,0.012204045850334869,0.008350031983855926,-0.002392571099384156,0.004300701981710095,0.006366650734795182,0.005077102966263959
2011-04-22,-0.004449595751952812,0.0028197058735337246,0.0,0.0,0.0,0.0,0.0
2011-04-25,-0.000760573546032984,0.0001454486848794958,-0.0002372148815830368,0.0,0.0,0.0,0.0
2011-04-26,0.0028349485317974653,0.001500587530156706,0.01415766885429164,0.0015029451425690719,0.005803825180264785,0.008329222498440526,0.0064702051991130825
2011-04-27,0.0066588197756796775,0.0074483253643903595,0.02498945989027878,0.00044491190769714876,0.005529387677708671,0.0065631182409580805,0.007493770811097682
2011-04-28,-0.0005626142172578101,0.006247150367585707,0.005015202353207312,-0.0006117943080264594,0.009098719558266459,0.009444857144133225,0.009273126916801655
2011-04-29,0.0032810847642418136,0.004325157197472595,0.0011361906737640745,0.0012510244785567165,0.0004919785419638319,0.005235580114841592,0.0019678700220205295
2011-05-02,-0.005534577861726872,-0.0033787059479022425,-0.0006816839182987007,0.004490638501915536,0.0004503815749422024,0.0017524386978883288,-0.0007840706644356074
2011-05-03,0.0036031956227284383,0.002013989446320694,-0.002502936510418367,-0.003157940831865196,-0.0029078117010665977,-0.0035852222757537917,-0.002828959866304455
2011-05-04,0.010621181638194612,0.0006375870341181958,-0.010996862331373963,-0.01259215515480902,-0.013196791199232217,-0.017045544767034564,-0.016252556016945606
2011-05-05,-0.0004449463507301242,-0.0002372689773264426,-0.030167289225661538,-0.0030672609165415914,-0.009507965669143362,0.00041079354137617697,-0.008668837191515882
2011-05-06,-0.012764750688464416,-0.01942983162322825,-0.010261349173970303,0.012045941602501421,0.013181558246169935,0.015507528618075956,0.008966854042092484
2011-05-09,-0.011310014393310471,-0.013249060409645273,-0.0026418784008395944,-0.00892251915027793,-0.012584989640534124,-0.01096853803194477,-0.017249757957878448
2011-05-10,-0.0019622293752119715,0.001608901978955893,0.01716766416020864,0.014282357360587356,0.011228726212335427,0.012205054358433493,0.012538251802893516
2011-05-11,0.004909718014273109,0.002432457672316356,-0.020781917806859795,-0.0013858095813085052,0.0013735299589093344,-0.0008628926909363985,0.001159548247371352
2011-05-12,-0.01362638005110744,-0.013981429050206752,0.0021702951756720503,-0.008439335610146339,-0.008609989018879069,-0.006841128411237835,-0.00866289896648622
2011-05-13,0.007116668670951663,0.0018918337014444718,-0.019455703972909782,-0.007467969679977904,-0.0011041692340257427,-0.005474442761941229,-0.007725882416978332
2011-05-16,-0.004907401597552745,-0.0112977703556589,-0.0007370413828944167,-0.0072402535182928655,-0.007249682117357594,-0.0021324028575555785,-0.004601893781945136
2011-05-17,0.003831648929996441,0.005675407039250048,0.00147294277261664,-0.013085488976200354,-0.012164456261769816,-0.017876526177191054,-0.01106640435339144
2011-05-18,0.0049569997741339186,0.0078031559590804175,0.007091787294717831,0.0039608698731083,0.009197502457897045,0.006439487123906048,0.00619216962830486
2011-05-19,0.004547021837643285,-0.0009698341247315047,0.00752519515435385,0.004971837050498685,0.012426241753761457,0.0074616485303612475,0.008093289364954855
2011-05-20,0.00034025036374244177,0.004271393752962423,-0.02324263012962692,-0.007438399443821836,-0.009201156920496955,-0.012500654401687837,-0.012749622338582036
2011-05-23,-0.01392882149538384,-0.014807295825034516,-0.02303560854370716,-0.01673703159200703,-0.021239573221428117,-0.020197569103938186,-0.02114718792818278
2011-05-24,0.0017230611699134565,-0.00491080546945864,0.0022771373885601266,0.002158565572845847,0.00253069656163197,0.004083493461025451,0.0025055761996713895
2011-05-25,-0.00021804282941499756,0.0044313439043920265,0.007804196916078989,0.0049701208692587056,0.0030870043054145916,0.0028320576712869572,0.005542827721362768
2011-05-26,-0.006980956485094097,-0.001000576421538962,0.004003138338485376,-0.0012765165744240627,-0.0030001818504554337,-0.00795943706727823,-0.006060566654860172
2011-05-27,-0.002929016097193642,0.0035557552337789756,0.009940736893732448,0.004605155896724172,0.008581433403222151,0.006917227843848478,0.006968907901352644
2011-05-30,0.003911092187018532,0.011415397512140662,0.0,0.0004045146285255907,-0.002140987821433437,-0.0004426781781194217,0.0
2011-05-31,0.0028830068711557418,0.0017457562225029375,0.02972216445532233,0.00931520210094657,0.016205186480978746,0.018457730505330255,0.0
2011-06-01,0.008941986256835666,0.007345661044578624,-0.032446115712084576,-0.010037588872754879,-0.010569893699700102,-0.010510624550421933,0.0029254216983182033
2011-06-02,0.0019041468133299334,-0.005768888070189921,0.009869681241054497,-0.015468047082493809,-0.01908218124815677,-0.020055887480418453,0.0
2011-06-03,0.008224654978075,0.009787892775456952,0.007825551761831676,-0.0011750219046503176,0.00020816380614914918,0.004922705986519668,-0.013726896373686447
2011-06-06,0.0059475911453729284,0.011597947006651978,-0.021172832239925915,-0.0031203039218566414,-0.007036332468493828,-0.003446621832994949,-0.008562581932275859
2011-06-07,0.0011224461174854422,-0.004926573458887725,0.014328419679924992,-0.000737343548176659,0.002202888353759171,0.0026332709051704248,0.003310545674020954
2011-06-08,0.0019053451273403647,0.007039112620537417,-0.015074654526090404,-0.009724642572584815,-0.008804306430962838,-0.006074799680374155,-0.008120807333938392
2011-06-09,-0.0036344645490438547,-0.005740449916637077,0.014339114377537229,0.0070953247535302634,0.010540948332864468,0.013984889523389981,0.009424738675906406
2011-06-10,-0.0038958198473981226,-0.0059254296558553035,-0.033191263065024484,-0.012532415811948727,-0.019147462548300995,-0.012616193911279522,-0.01654288825973399
2011-06-13,-0.0036958674250467485,-0.012692808665095298,0.003040492230128119,0.0005989645057284466,0.0006620567101405993,0.002153330576502804,0.0
2011-06-14,-0.003096078996189945,0.005864798918182356,0.024735935897305016,0.010393929618024952,0.014851304890910775,0.01674643572194507,0.01719772979242581
2011-06-15,0.0019631159094233653,0.0022949095577444933,-0.04543965109771764,-0.010363963400364985,-0.015050927647529005,-0.012529601712544582,-0.01757841480484325
2011-06-16,-0.007430124624635153,-0.01872429047038763,0.0007744477558694314,-0.005072123013249759,-0.0038267536167884897,-0.0006860860257398854,-0.0003221762982993531
2011-06-17,0.0033862655063597764,0.0012062446435934565,0.029761199315314808,0.0022840729366325756,0.008253651135006696,0.007545035968315743,0.014361950309332934
2011-06-20,0.004859692200549201,0.0060386183828864196,-0.006722255289829046,-0.004422634371234538,-0.0063174327779351,-0.0019337148115464021,-0.008013665947289977
2011-06-21,0.0008491667416788474,0.00281814011555654,0.028386748213621697,0.0134776960090904,0.020168165440887665,0.01874569044934762,0.019452858626449854
2011-06-22,0.0032766589295749847,0.003918490776311298,-0.01319799549949696,-0.005877897719249323,-0.0014712515199314631,-0.0010052150184860448,-0.00247270007053668
2011-06-23,0.005399969905190421,-0.0046917760211844595,-0.01700621113736569,-0.016899958389966524,-0.02182573396105359,-0.017848173106994027,-0.02324055823297705
2011-06-24,-0.0011226390165350254,-0.0031013901197990096,-0.022868710528601146,0.0005172077545658826,-0.000789687637929243,-0.003932513352558618,-0.00550063429044699
2011-06-27,-0.0030372611554902586,-0.006939573877147329,0.01661259205094661,-0.0006998264834878544,0.003099714234721197,-0.001894682612871631,0.0029596824076766923
2011-06-28,0.0085259764412466,0.010212755077597753,0.016597317624064488,0.004222251144763085,0.014471136575425664,0.008758821634724601,0.009703408716118623
2011-06-29,0.0031228976617468447,0.0028675385374914127,0.021878508561047373,0.016176440242542015,0.018606239621784135,0.017105655369882004,0.018750660367313328
2011-06-30,0.002768973575888429,0.008391341255214162,0.021409924205000912,0.012949657691326439,0.01466678309227676,0.011192750656321072,0.01627334758566011
2011-07-01,0.0030492825586389493,0.0012459111671488774,0.014184786821006792,0.00928989177623418,0.006293267591132183,0.005839519275498723,0.009482581382942347
2011-07-04,0.001725595816949081,0.0029618306887010224,0.0,0.0019815622188741216,-0.001058613493305549,0.0031650392022895503,-0.0019074541533081863
2011-07-05,-0.0008403384268473341,0.0009018643223208997,-0.019866077228169125,-0.0011651440086803695,-0.006083759993283699,-0.0004730446191458536,-0.006880280190539194
2011-07-06,-0.007037634121239996,-0.008621839124782656,-0.01246284415131238,-0.004322973736919875,-0.004405451811694546,-0.0011095697911152353,-0.006292361717733276
2011-07-07,-0.0031239428922809277,-0.006715271964029441,0.008243067924235617,0.010309094333192251,0.004689385126820291,0.005401744280997037,0.004185256843872274
2011-07-08,0.004459755981032599,0.0022956118798976646,-0.028511861862641465,-0.00779479433456214,-0.016826856234754592,-0.00923889535193555,-0.019316939313360953
2011-07-11,-0.01427422358666187,-0.011383380227067048,-0.05092989279492394,-0.01862604592479607,-0.027469468201198388,-0.02357523473733164,-0.02944268317598442
2011-07-12,-0.004252098303636304,-0.011423944125107234,-0.010287215276198485,-0.012090913298760525,-0.008808160750306491,-0.0077907008276641345,-0.005778589824708432
2011-07-13,-0.005374783580292861,-0.00511173719776712,0.0199361265306624,0.002586126418786442,0.00506117508826787,0.012980366979889909,0.007957775529012282
2011-07-14,0.0026512446059024464,0.018810520333179828,-0.009110583624958217,-0.007596863745477793,-0.01114466808634347,-0.007337091845637823,-0.031073980177567833
2011-07-15,-0.0038710831718936425,-0.0054227942930777095,-0.0002694062689077172,-0.002939622535430093,-0.006590151014299556,0.0007454014698544437,0.016354975302276357
2011-07-18,-0.0003423467214090033,-0.002417961070239253,-0.019576545637922205,-0.01936743272313801,-0.020571971455450786,-0.015661945182138634,-0.0200166658797973
2011-07-19,0.0025074180976668733,-0.000790533833871936,0.01795993784179721,0.009240216901150466,0.012045350768349982,0.011852796720380929,0.0036616905775208714
2011-07-20,-0.0005692727267284877,0.004313475947415048,0.019230872026746792,0.013641636653760208,0.016014771623832733,0.003980840850414886,0.027642730963857467
2011-07-21,0.005338803989984897,0.006826186504122887,0.03611309138736486,0.018606974623472067,0.01641749423702898,0.009479487095092273,-0.027642730963857463
2011-07-22,0.0004417209148428034,0.01045733930256299,-0.002554780217676729,0.005152117439774587,0.006775956661425083,0.004960147674391083,0.052049136114780334
2011-07-25,-0.001575303814529573,-0.0021894102326816866,-0.011837298147683277,-0.003935723782010466,-0.007766826475957328,0.002474268691319227,-0.010842724476456683
2011-07-26,0.001088204822300807,-0.0011791597831046106,0.007992164558539046,-0.0015726737136011718,-0.00660194044210339,0.0006683217226149213,-0.001112679498498832
2011-07-27,0.0003851755207376624,0.009457845483739503,-0.0336887770875435,-0.010868326706156155,-0.014307654995146721,-0.013254427097904448,-0.01691072829872608
2011-07-28,-0.0032896681482433377,-0.009357234372762336,-0.006127884354365523,-0.0016224759198755403,-0.005750232733115973,-0.008671555199173734,-0.0003527175262799003
2011-07-29,-0.004977751592695631,-0.0028562109862000085,0.0013352129540204524,-0.010094063596328058,-0.01080242608773408,-0.0043613435367576055,-0.008349610069403494
2011-08-01,-0.0006739127403957354,0.0022095686914159834,-0.028422538961199065,-0.014163387830382625,-0.02333725803426555,-0.029024026503830246,0.0
2011-08-02,-0.000845927153332694,-0.0070990908034767085,-0.03435597227118596,-0.014241840382648596,-0.01835559266543921,-0.022869597975023366,-0.048129698621031045
2011-08-03,-0.004274905487845359,-0.00624157307721745,0.009052710863831878,-0.02952535744255156,-0.019448226409184047,-0.02324376532221756,-0.018664998632475054
2011-08-04,0.0025579583875378893,0.012594024584066252,-0.08366322017084062,-0.03218381639728947,-0.03973484550329271,-0.03459924291706072,-0.03484586621794954
2011-08-05,-0.008051606794475996,-0.02012000780048922,0.040503231217877904,-0.015070613124451916,-0.012665908991921295,-0.028236915121419057,-0.01551596773208055
2011-08-08,0.005068568552560943,0.016009126384070146,-0.08848251926382668,-0.044823086490459296,-0.04790925688692007,-0.051475968833767226,-0.03785902930089895
2011-08-09,-0.0024158663989023114,-0.008667356908595254,0.0485913616094684,0.012938251748823676,0.01618728423403644,-0.001045567389326503,0.0032001067577668
2011-08-10,0.015316356122864746,0.014876011691912402,-0.08957397308156677,-0.034664653021918394,-0.056073891084944455,-0.052682951632238115,-0.06318182571387569
2011-08-11,-0.006029991551347643,-0.01812998575949092,0.04834365053526359,0.019712881868855784,0.028452568306140145,0.03229426928061506,0.028235717079770756
2011-08-12,0.00015976278694832604,0.0071727551751329995,0.033859229918404725,0.03170665401567629,0.039417869456715784,0.033928355862011705,0.04063552464040719
2011-08-15,-0.0006733666148408153,0.0033488515448092957,0.026465485409142214,0.0061476228170418545,0.007804288840027408,0.004076551370887293,0.007405303973899976
2011-08-16,0.0057492725808182725,0.011441583538398128,-0.020013005960028186,-0.007484535747905136,-0.002522476375777533,-0.004550230569458651,-0.0003485509800544956
2011-08-17,-0.00592057787002777,-0.00279714310252304,0.007020090940246754,0.0039029908616111265,0.007228811163723515,-0.007696048906558291,0.0032010903227903836
2011-08-18,-0.003993312874509116,0.002162104171317879,-0.05694427200293756,-0.04568890586646022,-0.05634644897220584,-0.059946604653817875,-0.05489143917632099
2011-08-19,-0.005334069549058367,-0.0072889300409729,-0.025763654615626293,-0.019613049428104018,-0.019383425775299234,-0.02216133696302763,-0.021779844788273908
2011-08-22,0.005093219228712756,0.0031275498094733645,0.014756880363358114,0.008065150398279122,0.011327785694984093,-0.00113572038772957,0.011201060554785189
2011-08-23,0.00010320914138672415,-0.0005745892309913628,0.03800539580743456,0.00703102717458536,0.010760032479756054,0.010648700939971577,0.007569594894798245
2011-08-24,0.0032169661557804987,0.005284477204432829,0.0053136006196636614,0.011644994187772128,0.017732032542261984,0.026523287743271326,0.017447057904835327
2011-08-25,0.0060396115189767135,-0.0017165651054168517,-0.0287766236836284,-0.011034434333667067,-0.0065670554750115314,-0.01721090799301388,-0.009875736987590313
2011-08-26,0.00262094080698174,-0.0027345999796553155,0.00830660350745456,-0.0068096757167357734,-0.010105427360963135,-0.008390941162941807,-0.011917171312886818
2011-08-29,0.004510999118522923,0.008458165568049786,0.0282328266341899,0.016707101866214123,0.021327872326265415,0.023661912241382047,0.022060928693439376
2011-08-30,-0.002032521777307976,0.0020169063278352513,-0.009634548860214871,0.008426336917175939,0.0017548600511375642,-0.004622586637519465,-7.152323227003183e-05
2011-08-31,0.00022600993105017462,-0.006298246965419108,0.01979024090532442,0.032227767540639315,0.030243096493076146,0.024663602360456706,0.027721280420304986
2011-09-01,-0.0005651543301991995,-0.004061876891663101,-0.019166122014425035,0.003510026971451123,0.002781126541241629,-0.009416996186295669,0.0015929071119235832
2011-09-02,-0.0038518545034791404,-0.00786068113706364,-0.04012001861771709,-0.025949521958975773,-0.03657827912338877,-0.034132426498784896,-0.037574548699455694
2011-09-05,-0.006605204426089799,-0.0073464386750377,0.0,-0.04272501315932119,-0.04847672995218616,-0.054192799159501905,-0.05243817427248384
2011-09-06,-0.0020587914427992182,-0.0067024208587801466,-0.053381467115909825,-0.004089332206639142,-0.011366132063898656,-0.01000184752653485,-0.01297726373324442
2011-09-07,0.005059375483969939,-0.004266017699107671,0.029046015668285977,0.02785273874700016,0.035620009334831185,0.03992408520030285,0.03359117424085371
2011-09-08,0.0036046203849190756,0.0058704776329306626,-0.02323683359401023,0.00829154649452786,0.004107856377254398,0.0005419231794666494,0.005673822404517373
2011-09-09,-0.012414977265406017,-0.01297290065871201,-0.05641756535596138,-0.026060951466660903,-0.03671444632773148,-0.04124414359185222,-0.04236106642654052
2011-09-12,-0.014038551942657861,-0.02205722342215124,-0.01892317539708232,-0.02798667684297423,-0.041100932415738235,-0.02291994996851299,-0.0386708788917198
2011-09-13,0.003722659774855124,0.004361773914954049,0.018202276332250324,0.00583061763673129,0.013955595993544801,0.018368058681460735,0.020652330576822468
2011-09-14,0.0064815449577103725,0.0018869418026663388,0.03160166201934515,0.012913885469278795,0.018552658502277563,0.03309286969770545,0.022690120248142282
2011-09-15,0.005430512482096295,0.004375422555973764,0.039409000672810286,0.017968863323639925,0.032190965391125294,0.030983973560516763,0.034086920976501595
2011-09-16,0.007476115441199935,0.008905725369257938,-0.010119250156899096,0.011459373851616151,-0.004785513961124013,0.011779779547280766,0.0016964068056424763
2011-09-19,-0.007728580698044706,-0.012158241542317604,-0.03155034471099791,-0.025524449516513868,-0.030509436080799535,-0.028684028106802848,-0.029696324528850508
2011-09-20,-0.002988455776827292,-0.007017934770640378,0.0035162710392375274,0.017720670660492276,0.014871873245753293,0.02835570891802219,0.020918836571623974
2011-09-21,0.0016102992405029478,0.006470001854692044,-0.036094774094571534,-0.01390467941276515,-0.01629463034079489,-0.02505798672740924,-0.019779324587543338
2011-09-22,0.006643723401790887,-0.00791112328165159,-0.036691288429107294,-0.04541509887627352,-0.05393178710680541,-0.05088653833912056,-0.05019811427418563
2011-09-23,0.0019390296272990839,-0.007768149485341671,0.017587403267329774,0.0048470208891379365,0.010168629565131612,0.00624474874447019,0.015058308135795834
2011-09-26,-0.003870303715224275,0.004891980751379578,0.03784974787292384,0.019119413080429203,0.017367192993881717,0.028269441275762922,0.027898994243257532
2011-09-27,-0.005977475869385524,-0.0021381407579063793,0.03646984529681131,0.0442568538425984,0.05578451237327888,0.05156598554787166,0.05176282684515082
2011-09-28,-0.0005985575929137054,0.004742617170867145,-0.016667024400018684,-0.01331334358664842,-0.009224111131827752,-0.008926738141049316,-0.007957694723492718
2011-09-29,0.0008631425122940397,-0.0032950491285057494,0.03170481862679431,0.020168260272154286,0.010635447843639142,0.010904040334160762,0.01631359835991083
2011-09-30,0.0017012578616346647,0.0035531410374232885,-0.04155700291442275,-0.013471624206340856,-0.01520591945610256,-0.024694307417545854,-0.014927091392778674
2011-10-03,-0.015427792360067069,-0.016692734873780066,-0.03746874046455603,-0.016336507994476272,-0.01866083656633594,0.0,-0.01918580483254684
2011-10-04,-0.0030136890558739994,-0.01249433640377093,0.03037139548378096,-0.02045157213971224,-0.026407977523057975,-0.053248373582551495,-0.02229755302093862
2011-10-05,0.007923597767986295,0.010185547222206373,0.028437944130386337,0.029300641643566865,0.042362214639701586,0.04796542684131743,0.041373247351380614
2011-10-06,0.0011020369783627181,0.0007334911524802194,0.03402836270562568,0.02738245670851061,0.03355106744135509,0.030982129254436497,0.0313291094568646
2011-10-07,0.008485107239900501,0.006651891750708847,-0.007050626920870742,0.008709035820957885,0.006543588364501753,0.005379454589786675,0.009035053833337008
2011-10-10,-0.010051512442440664,-0.0032043246063185433,0.051545657496475154,0.017296051668733853,0.02106825434521262,0.029784374538121404,0.02248906106469639
2011-10-11,0.010970751329210698,0.01846812889909193,-0.0009602420268846111,-0.001569347850731358,-0.0025178045836828124,0.0030258344437317413,-0.002083381255367351
2011-10-12,0.005337756280253747,0.0007502681894220026,0.025613970740338804,0.02448609578949387,0.023888538637556977,0.021833266233579767,0.023968082133222057
2011-10-13,-4.569049281395119e-05,0.010659367654543866,-0.005007489740171901,-0.009204623303618981,-0.013346643702185435,-0.013372992631148252,-0.016847439175317204
2011-10-14,-0.003341535554178996,-0.004101649642825564,0.012162643845171,0.016739266681863513,0.009664641491244639,0.00881341761514356,0.00979528349684084
2011-10-17,0.0051107039576597825,0.010396739799124411,-0.03855115833197217,-0.010537830281990498,-0.01623790073679371,-0.018225479156759643,-0.016950503547909803
2011-10-18,-0.004698120512100333,-0.009778471612249585,0.02103977675657793,-0.0018731527239040269,-0.007914843010125568,0.003063856033695639,-0.003928373356278733
2011-10-19,0.0016485654533560125,-0.0002886106177471514,-0.016860701760145983,0.009994087026454842,0.0051568406605827346,0.006126694236256358,0.010036992121426825
2011-10-20,-0.0020611488989154187,0.0018153769005150302,-0.006759638101024528,-0.008889778364661415,-0.023479753390842868,-0.025181070520543455,-0.025343363343459144
2011-10-21,-0.00018339470342729482,0.0010191461677499425,0.031163020959336134,0.02212721852086059,0.027904063815159003,0.034845872972472734,0.028526992486644694
2011-10-24,-0.0042739850263069055,0.004972779627426743,0.014607768647650607,0.008533959593110764,0.01536995514755129,0.014021258528344738,0.013411237503465467
2011-10-25,0.0019324070994423486,0.005373474888955781,-0.019944567929436927,-0.010891991711330578,-0.01444019677041157,-0.0014080328614756586,-0.01065571187010537
2011-10-26,-0.0013798998410623946,-0.0012800483196722503,0.01251194951544109,-0.003745001698755906,-0.0014722537373628843,-0.005086744622294453,-0.0038041782423286576
2011-10-27,0.0004602010681890349,-0.0019862878480350443,0.08202554337516574,0.0374989945027964,0.06089145587828328,0.05210379874040241,0.05897820949559943
2011-10-28,0.013140794277072468,0.02117679458620206,-0.019081471865450988,-0.007765059403345906,-0.005951927764648536,0.0013166318597385646,-0.005895538029217492
2011-10-31,-0.00400393171359601,-0.00239252200635293,-0.05922094792491341,-0.017760082864097776,-0.03210175579500849,-0.032811689651712,-0.031828932291549136
2011-11-01,-0.017684951812190798,-0.020004690410207387,-0.060315202568368025,-0.03747393871240144,-0.05531605106546844,-0.05125268791294133,-0.054046022512599476
2011-11-02,-0.0064009051062014705,-0.014830645922874523,0.017284572274003346,0.006796759120731233,0.013678981952614416,0.022224400387984684,0.01413142933368624
2011-11-03,0.004554638550294686,0.002488550171164383,0.038063378763623264,0.020873179495049392,0.026921725629135206,0.027698757872030383,0.02416156521011039
2011-11-04,0.0016142517238971164,0.010168339083803348,-0.031939748222492736,-0.008343408415282418,-0.02276398155441101,-0.027609873733755553,-0.02434480278634313
2011-11-07,-0.0024397233095187687,-0.002941386783075982,0.002567878948793634,-0.007378884827045582,-0.006407431636175136,-0.006301909645300251,-0.006809188300261735
2011-11-08,-0.0038459473856704302,-0.0021213249233897192,0.02156071120508168,0.01401315200230575,0.012710459498058485,0.005510431887576415,0.011915107181038706
2011-11-09,0.0027984871483596923,0.004813917186178885,-0.07521876815020397,-0.0320225797872589,-0.021916315156859323,-0.022373951083151444,-0.023640418523752278
2011-11-10,-0.01020558068966273,-0.021921876021723154,0.02405710775021067,-0.0002717304409292933,-0.003361509425525646,0.0065433890169805595,0.0024554403685090125
2011-11-11,0.0043196502643680895,0.006146491362933261,0.03821728643372977,0.022376218178684824,0.02721017643954472,0.03173805472602201,0.030523879513126274
2011-11-14,0.004254425691754731,0.01291731230363892,-0.03163587835144971,-0.013648492648191726,-0.01292053795830919,-0.01195986150813812,-0.01582038672252333
2011-11-15,-0.0006533340172084886,-0.011882458131531732,-0.0075720986069334265,-0.013461713591330594,-0.019428767305805266,-0.008706077082636512,-0.015111538133480202
2011-11-16,-0.002769809514985109,-0.008627619080228318,-0.018343213469410657,0.005243486855152159,0.005158644971493644,-0.0033394322069213054,0.0061743161844610905
2011-11-17,0.0014734917614727832,-0.004904600520091122,-0.009808558174025454,-0.014572365069795546,-0.017978477954601575,-0.010743467369419814,-0.011164550936323393
2011-11-18,-0.0017895376215899495,0.0012642820600115257,0.011154056426703031,-0.007609533743652574,-0.004421304353709156,-0.008571370881855136,-0.0027235878790240306
2011-11-21,0.004403768158597429,0.005330151020494553,-0.02898720249424063,-0.0323571081777818,-0.0346507630758921,-0.034061883671831786,-0.03475473650057942
2011-11-22,0.0048021461480881955,-0.003376779108307488,-0.013236185765456607,-0.006945570614479645,-0.008415453489422799,-0.012314157438358479,-0.010923766367153044
2011-11-23,0.0020857489092548694,0.002781611528772255,-0.038239133698083974,-0.014990257140240177,-0.016950719886601188,-0.01448301030540544,-0.018906467645683493
2011-11-24,-0.005106213816734147,-0.012643902231596928,0.0,-0.004335139803990518,-6.375264598343483e-05,-0.005449303127638961,0.0
2011-11-25,0.00197592219489131,-0.0015742945900413458,-0.003649950135846263,0.010110382706198608,0.012227173254432906,0.011859927059092376,0.006877307811360558
2011-11-28,-0.0022086119588642494,-0.0013188670609156415,0.0613341262009643,0.038257247205937185,0.05315139211717927,0.044936455572011424,0.051014748693574016
2011-11-29,-0.00039580099032656335,0.0002662579405180645,0.005828733501679177,0.008661925869654563,0.004579739169344004,0.009455062628376122,0.0055700804928980755
2011-11-30,-0.0056740535279732884,0.0005328401093880924,0.05907515001636395,0.041318498547739974,0.041375338446572776,0.04861513459605979,0.04218301110220516
2011-12-01,0.002105264742666855,0.008953751721584781,-0.009390009494617813,-0.00908408654529369,-0.007851067763763032,-0.008735921149608201,-0.007144250546477306
2011-12-02,0.00310306241937247,0.001708834052709402,-0.0006507132257824235,0.012714688821667805,0.011120227871986674,0.007394920160508013,0.012310215103597212
2011-12-05,0.0012105763711610731,-0.0035622765220722865,0.015824519902178296,0.014293795195570969,0.011413496723348569,0.00417004747761206,0.011413757584061289
2011-12-06,-0.00459404765719129,-0.0024125830984946276,0.0035183901197971858,-0.000983827964416071,-0.0067859380129394065,-0.012735334007954539,-0.005365930665151437
2011-12-07,0.004244998642290861,0.0018893801748214758,-0.0003191376585758438,-0.0016088731160302536,-0.0011485609795152119,-0.005670527531379112,-0.005015309188336937
2011-12-08,-0.006889763151126688,-0.0006168565991606585,-0.04474205300033559,-0.014964652602312693,-0.025670029664906627,-0.020270020312138797,-0.024551305094887912
2011-12-09,0.0,-0.004360036407616262,0.03672512201932384,0.015851476292644332,0.024526458627039272,0.018931279598455076,0.023557244635763842
2011-12-12,0.0007497009541576017,0.0019636871984335218,-0.048145966048220794,-0.02388927636790407,-0.02643424447902186,-0.03419928753128296,-0.031715291882611955
2011-12-13,-0.010452094929122937,-0.015115494136826025,-0.02670531741574389,0.0039264515121347566,-0.003524507794440939,-0.001932649351286201,-0.003743561544487961
2011-12-14,-0.0049342830384914325,-0.011602076165823342,-0.014680282196027248,-0.021703561372980126,-0.03387670392975101,-0.01731481232214264,-0.024658256643099643
2011-12-15,-0.002249857969344175,-0.0023926060770595933,0.0038658398129305656,0.008419025704809615,0.007551646445665545,0.009728491008308707,0.008567345580276227
2011-12-16,0.00010725433529107489,0.00320015492202198,-0.011089335648854132,-0.0020045750159663773,-0.008852778875312743,-0.005045378653155531,-0.010014480879787029
2011-12-19,0.0005955849355322247,0.0005604067527000442,-0.0032216867380677416,-0.0004422461400197989,0.000638998539778818,-0.0054640456423492596,0.00010440204238498081
2011-12-20,-0.0013108549136445762,-0.00223975638032038,0.04487283544402732,0.026491886915192716,0.026932130036864937,0.030619479802294406,0.026624380069327318
2011-12-21,-0.004182338406235047,0.006145455045773066,-0.008261925040470625,-0.0032858880789450725,-0.008189495555855363,-0.009537334986786659,-0.008005738654186311
2011-12-22,-0.003719010881458701,-0.003671001038711747,0.010316335332187579,0.014456190970122788,0.013546011558771645,0.010417803150862985,0.012693361878760976
2011-12-23,0.0006007374899184319,0.0012265345745922584,0.009194752153952794,0.008516017546292243,0.00981238131082917,0.004560531025883222,0.007604075364038677
2011-12-26,0.004027952706189774,-0.000848226908701346,0.0,0.0,0.0,0.0,0.0
2011-12-27,-0.0006701759789062056,0.00043050615470083324,-0.0033956801966672184,0.005120195782896102,0.00032876281452063976,0.0018404075482335483,-2.6222565841220173e-05
2011-12-28,-0.0011979478242647905,0.0016457621879670619,-0.02444605905702774,-0.008472241061710843,-0.010375552315495891,-0.02032304633977227,-0.01552391553932511
2011-12-29,0.003290802738683484,-0.011140426244686018,0.023085009079297957,0.01295522677579535,0.018223849856985296,0.013340892082143112,0.016383678593271247
2011-12-30,0.003958439757877026,0.0022259091925654617,0.005096119817387846,0.005487526967592511,0.010258751190470974,0.008439611585648642,0.010532062785608455
2012-01-02,-0.008688562292639566,0.00031094713551305017,0.0,0.0,0.0,0.029594918147160386,0.0
2012-01-03,0.0005999445295648411,-0.0014762947781102548,0.034635476461538556,0.017668719425939953,0.026726661280324453,0.014875153626126873,0.0311766405486912
2012-01-04,0.000719558677917834,0.008851823260751207,-0.01950208519118089,-0.011097730683405405,-0.016074146285815088,-0.008962347570779365,-0.016887198718609164
2012-01-05,-0.006977062626171927,-0.009589221588583472,-0.025351534590621998,-0.008332669494331665,-0.015379187802974037,-0.002549175130877936,-0.014634863684299932
2012-01-06,-0.003870341662799904,-0.010522396330770147,-0.02145429504749857,-0.002600287415295015,-0.002403528755879154,-0.0062647224673896655,-0.007411657549225916
2012-01-09,-0.003642132157204763,-0.009082195049580685,0.006971384473605437,0.0020871920469346227,-0.0030870220093192125,-0.006739476652213379,-0.0053215765643817746
2012-01-10,0.004974259134123983,0.007509521425102243,0.02198578037413906,0.011924989626638906,0.026222330769198127,0.023933406342056887,0.026337764947322408
2012-01-11,-0.0027024843331521315,-0.0018890205884630877,-0.0030627131751900156,-0.01227793831092837,-0.0018579537264094463,-0.0017279517735762629,-0.0033966300788872148
2012-01-12,0.006567683586581989,-0.002190950600397528,0.009835990228118095,-0.004341211555455484,-0.0015145175388373928,0.004357953402283402,0.0027063412907357906
2012-01-13,0.0073269186244204944,0.007561179282910563,-0.019424641041127438,-0.0032925206017823563,-0.0010912239396649573,-0.0058641674941091885,-0.0033477068199715553
2012-01-16,-0.011192117877850514,-0.013624806787234982,0.0,0.012690768531342808,0.008879620504804939,0.01244521901852041,0.010022298045063072
2012-01-17,0.000362986476086318,0.0015822010941941955,0.026151762244144523,0.0076645900170741795,0.013853973566335907,0.017991555230551255,0.014741092601948527
2012-01-18,0.0049477746587001815,0.006213452606059865,0.016293046115712542,-0.00038033346700065636,-0.0015486217629314886,0.00341117941611882,-0.0025024674360800796
2012-01-19,0.0034849574993483603,0.009373893106578754,0.02185722712045263,0.015597869603843595,0.01941561534754047,0.00966114547293485,0.018402131957660123
2012-01-20,0.003950931444878961,0.007658858192625108,-0.000969095358733302,-0.0005306369620516635,-0.0022374292755218406,-0.0018516428399487585,-0.0033237702853501205
2012-01-23,-0.00946027556735731,-0.006203948598389735,0.008683467323832851,0.00842493756276276,0.005081129646153903,0.005019861757251241,0.005948575900786745
2012-01-24,0.008336421843345395,0.010973357237505504,-0.002243935026560608,-0.006366542177278946,-0.004734989847343619,-0.002706927360500418,-0.003845230469695778
2012-01-25,-0.0021075190429493515,0.001081792797326048,0.011486754553609351,-0.004778194224058576,-0.003065480259966681,0.000409604929381853,-0.004512483267266812
2012-01-26,0.0033508740436947945,0.005072846961054672,0.0041161598055518495,0.01052544463564155,0.015204668267537455,0.018207990966934543,0.01609360723620935
2012-01-27,-0.0024761930791592068,-0.0011135545992719772,0.0025244135858714313,-0.010775967778382092,-0.013310593800740966,-0.004270689915580694,-0.009712017503188184
2012-01-30,0.005934964893246105,0.008758027146282257,-0.019733562146303226,-0.011748290296636732,-0.0161354931273597,-0.010424228857292503,-0.013219945507619794
2012-01-31,-0.00405634979971353,-0.005190425851082879,0.0054499560649512455,0.008957625927820977,0.010027263772703531,0.002241271513246635,0.0049944495552850885
2012-02-01,-0.008403374116690798,-0.004771364838780931,0.021506203235742528,0.020758312657597294,0.020675746609744725,0.024127111794008338,0.022151568163655357
2012-02-02,0.0018066260798458732,0.007086626342989132,0.004370970345593334,-0.00644853861529376,0.002728289844119015,0.005875386531068699,0.0029743212866566522
2012-02-03,0.0003729794940734056,-0.002499178845178526,0.015762532156686434,0.010071041229435675,0.01506661122155062,0.016545983020583948,0.014820130437434263
2012-02-06,-0.0009748016816791926,-0.0007617070612131868,-0.005843216947438178,-0.00389932499352105,-0.006629403101995525,-0.0002719349312844539,-0.002890685766969021
2012-02-07,-0.0012048038922400249,-0.0004199085772778022,0.010432609234489314,0.002795583172748133,0.0018395763547827022,-0.0015725809896345799,0.0024811690113991985
2012-02-08,0.004870526820765441,0.009624903949070934,0.00699639514611033,-0.0019653458204889306,-0.00045152240691852523,-0.0008058129473281538,-0.0004774958329266632
2012-02-09,0.005085779454838487,0.0,0.0033284975505956126,-0.000645680585087331,0.00430449389500463,0.005915417119570911,0.003741684436436386
2012-02-10,0.0020270489707167956,0.0022548533864811308,-0.0288092083996335,-0.015592135122037989,-0.01517275574084958,-0.014217944825067568,-0.01662210816139444
2012-02-13,-0.0010726777043453238,-0.003142081581407857,0.007743055014421132,0.007841923135231327,0.0033769430654974454,0.006776706199904252,0.004336040094458904
2012-02-14,-0.002543145235215913,-0.005978392592413037,-0.01023376362666482,-0.0022963957981364564,-0.00263606836105035,-0.0015267743174919263,-0.0013052656056278288
2012-02-15,0.000274944352931232,-0.0018404004398631696,-0.005313867025288806,0.0030710252118912396,0.004348285550887053,0.004411947462492434,0.0022760497055371214
2012-02-16,-0.0053928244260402075,-0.005775290821672951,0.015856282105970666,0.007160105285308575,0.0008549744910228929,-0.0008852738958132101,-0.0018501215224384661
2012-02-17,-0.002165284965228024,0.005250071880236851,0.010738230816691197,0.008421295995326109,0.013572870041266758,0.014128160977757709,0.012360261627578716
2012-02-20,0.00357018514003734,0.007616250294251725,0.0,0.014080243646166246,0.009525291670257641,0.014528841011076956,0.0
2012-02-21,0.0011153422387592921,-0.0016917171206937813,0.0060843115704111985,-0.006243446718096004,-0.002104434413143065,-0.005783587172828946,0.008411909317163948
2012-02-22,0.005260041936623591,0.002909280005583503,-0.007611837998840883,-0.011380419681772655,-0.005170236011086262,-0.009352863903526685,-0.008931845025834382
2012-02-23,0.007956789696446429,0.0009407535629053901,0.010337716264654807,-0.0016845217576023086,-1.7421719998753907e-05,-0.00504056210590964,-0.004344446032567254
2012-02-24,0.004720339424894521,0.008854252024843193,0.010231940435234522,-0.004023771954158184,0.005704094366484607,0.008040215391995408,0.006204541661286861
2012-02-27,-0.0018972319605523723,0.0069650518107681305,-0.008418601915040375,0.0002154436071075407,-0.007405448115817034,-0.0021627608529356823,-0.004220935561459737
2012-02-28,-0.0011683931085898398,-0.004501296873633843,0.008418601915040307,0.0017523464054334283,0.0036372016850701456,0.0055367613940844294,0.0026466151741549246
2012-02-29,-0.00047248614020250324,0.005309678317946272,-0.014172024453461515,-0.004001198989676851,-0.00044597190479916347,-0.004591170826016701,-0.0030246923941524687
2012-03-01,-0.011371120325687382,-0.011724316253571386,0.015668038135735342,0.007068215770298418,0.013601707287601628,0.0124209268081358,0.014444616153125023
2012-03-02,-0.0026684330351042377,0.00013324235170368798,-0.012333220073272715,0.003973166359569661,0.0004113589528892479,-0.0029430441973548028,-0.0009813890527657278
2012-03-05,-0.0023031353026944762,-0.010298493213170072,-0.00242420266001456,-0.006763683637112958,-0.0039005482183155464,-0.007965059946376677,-0.006422299616548891
2012-03-06,0.0003842482870880934,0.002997753502724959,-0.04880520885269502,-0.025220223475684422,-0.03649402175607984,-0.03457493035595967,-0.03472437703333019
2012-03-07,0.001679254196220187,-0.007772924268490518,0.015803163348619212,0.006623110120560591,0.00881441790298646,0.005712488836968919,0.007034686366360028
2012-03-08,0.0009583296581819052,0.001260665083961073,0.030572661921335422,0.01696813321196261,0.025043925258268675,0.024202930588954997,0.021488287596549038
2012-03-09,0.004062579568132256,0.01022232014269834,-0.011010077187145927,0.0028258563822959903,0.0026184575421014642,0.006659996089525291,0.0006878417881810296
2012-03-12,-0.001431934265319643,-0.011351733684889787,0.0027637256801871,0.00021470358352932318,0.000739538068759598,0.0030678897323218844,-0.0003895830171669801
2012-03-13,0.004527560323601768,0.0032866561325980946,0.015820666121939435,0.016393512286637463,0.017073703305027492,0.013608656124041434,0.016503462171024753
2012-03-14,-0.01007195524973171,-0.0066934155038114425,-0.003931741338745755,0.005145333129824981,0.004033951616440004,0.011866257496375652,0.007003666989958309
2012-03-15,-0.0010452395721589625,-0.004437467232810932,0.013843027834681113,0.005686066028842127,0.004394847245576662,0.009143886439217475,0.007421516819683404
2012-03-16,0.0009612082142408118,0.004306770378691392,0.009456621139099217,0.003188011379414796,0.004075276888211687,0.0018695819310181694,0.0055091774612137925
2012-03-19,-0.0009612082142408289,0.007495963026750442,0.007100579977192087,-0.00014879980366634118,-0.004726310406415876,-0.00050301835951769,4.5957248067407504e-05
2012-03-20,0.0008410898051199112,0.003947674646958991,-0.012757870935051034,-0.012182701308933423,-0.013237420568873448,-0.013974350064582138,-0.01227002094956739
2012-03-21,0.002159569732174423,0.0006351659930329813,-0.00960097705199088,-0.0038320250848226283,-0.0009804089198096498,0.002319069651174074,-0.00351077166517909
2012-03-22,-0.0022797025714609924,-0.0014286315996364265,-0.013965061270250118,-0.011737964417885037,-0.01568931874022785,-0.012817759337210835,-0.0146576075754573
2012-03-23,0.0022797025714609473,-0.0010569483511521601,0.004879694504493336,-0.002235492559002771,0.001070704804398484,0.002054873009706819,-0.0018949257121606438
2012-03-26,0.0023940330873516618,0.0059068709937708545,0.015396285668449633,0.012309373493246,0.007394547191165359,0.01188088628978173,0.005701626567734582
2012-03-27,0.0003586752566778362,0.005781443740594299,-0.014180294587538703,-0.003762089172629069,-0.00929206055792779,-4.662736219994528e-05,-0.005788732640605583
2012-03-28,-0.001674634188206841,-0.0023485638912794206,-0.01130619332899921,-0.010296283175062298,-0.01143249315984674,-0.01137983672609464,-0.011362390196265856
2012-03-29,0.003585043686631733,-0.00018658498722988308,-0.014237457736240414,-0.014009596048785329,-0.014396913316970673,-0.017825230589553067,-0.017756058905415692
2012-03-30,-0.004902808099492942,-0.000932462583469887,0.011467838506348856,0.00750860929159276,0.01254693298610504,0.010372004370582381,0.009955432897446341
2012-04-02,-0.0001199024061590222,0.0033340279933281388,0.009507602036071944,0.008862974695141109,0.011355267475903161,0.015684969141409065,0.009601397273727502
2012-04-03,-0.0035069592711152644,-0.0018683789688872718,-0.02848509163091859,-0.013448325130104547,-0.016341678419721766,-0.010594940573002391,-0.01701597131574634
2012-04-04,9.630307006640112e-05,-0.008140106869707212,-0.029320154165116588,-0.025665833230115936,-0.02777160246254042,-0.02879972880410601,-0.024919773426020322
2012-04-05,-0.0058637566560893065,-0.006157205126725581,-0.01203825423769397,0.003308023459218083,0.0019116002319496776,-0.001298043606682824,-0.002471268999303199
2012-04-06,-0.0015742992207707135,-0.006028089273925127,0.0,0.0,0.0,0.0,0.0
2012-04-09,-0.0013340657070150207,0.0010718930789401378,-0.0036075371610486172,0.0,0.0,0.0,0.0
2012-04-10,0.0001820524695867226,0.002461893528647215,-0.03035078660374673,-0.028995942329440062,-0.031271799637927755,-0.025234264022324635,-0.03012911575198877
2012-04-11,0.0005458140683887742,-0.002880336799999552,0.018786379111573166,0.0060617620557349245,0.0062243240780202064,0.010285307305781869,0.008505539308318365
2012-04-12,-0.0010919985745521422,0.0035361162191303876,0.014189352184748502,0.010054286264374582,0.00986568014503746,0.010211805238477503,0.0046360584936656676
2012-04-13,0.003030486090148397,0.005261813324024981,-0.035348335713195005,-0.015429835344480195,-0.024990137407318435,-0.023913296250857342,-0.026157068322352497
2012-04-16,-0.0030304860901483504,-0.010104434712292337,0.011474567988333573,-0.0003267425980916972,0.005063821988758463,0.006251781770759104,0.004215361803433933
2012-04-17,0.00249778373166196,0.005367571161522159,0.02420124696848817,0.023127658337705755,0.026850735611072398,0.02619061833126034,0.028218119746035157
2012-04-18,-0.0022307309619744283,0.0006565486513049737,-0.0171792408997351,-0.01023807433934548,-0.015987350775582543,-0.010192959460551192,-0.016703637981145297
2012-04-19,-0.006355716430265719,-0.0011814984245596726,-0.018496574057086577,-0.010474292659941903,-0.020663914591820664,-0.009073916780853229,-0.018719277151266065
2012-04-20,-0.0004887071143635652,0.001969930835327263,0.017830250793685352,0.007922641461270098,0.004576771692662306,0.011757515912898515,0.011575605868346021
2012-04-23,0.0004887071143635738,0.004479552111485653,-0.02601070114229607,-0.02598152001674999,-0.02869949655062353,-0.03422590705103683,-0.029167336159842676
2012-04-24,-0.003548494808871629,-0.00400612013976583,0.012244978840423065,0.011255185289615213,0.022640870829388673,0.010281192951842827,0.017333522355725578
2012-04-25,0.0018370104489786744,0.003478129990540043,0.02305860442082333,0.010837761508040594,0.020035683844422805,0.017163356971757814,0.01685732054237149
2012-04-26,0.0006115390787102117,0.0026430230552151124,0.006257307726633828,0.008245096723956106,-0.0012811493275671252,0.005266130792064493,-9.470066739515639e-05
2012-04-27,-0.0030616613920818455,-0.0031707498898219497,0.004912590607751666,0.000643850693289908,0.01137705712027274,0.009071611615936026,0.00914144090476697
2012-04-30,-0.002702049644101941,0.0038325762457608417,-0.01116989833438555,-0.007915435093368709,-0.016505820770407027,-0.005917783746348842,-0.016166567531015
2012-05-01,0.0029473687363182448,-0.00013234824245101287,0.00527219295365499,0.0,0.0,0.0,0.0
2012-05-02,0.0006128884759701423,0.0,-0.015899832370903828,-0.004649106072090769,0.0042024462753294314,-0.007485199990574594,-0.0070136397362686636
2012-05-03,-0.00516032810056474,-0.006992582137937592,-0.010404682799265126,-0.0014022036097449118,-0.000920965450310178,-0.00243637902732624,-0.0014025229787643153
2012-05-04,0.0006157544138253077,0.0006575988363033622,-0.016326797933137852,-0.01807780706017821,-0.019229085287383305,-0.020062626419600795,-0.017092476949968106
2012-05-07,-0.009972044994997745,-0.014225414648115053,0.017675898248738848,0.012514743440009983,0.016389464576005378,0.0012199827886498855,0.015337621842458262
2012-05-08,0.002657345458101411,0.00701557572102152,-0.017332848940169197,-0.013711724212731126,-0.02821440962057905,-0.019170348155960675,-0.02079202996689567
2012-05-09,-0.0022098030511758437,-0.005081105594241374,-0.01973391982553535,-0.0017313926028037965,-0.0019701122045371025,0.004732161341833033,-0.00469782815978866
2012-05-10,-0.0037230634432929865,-0.004538151038832012,0.01216303419259142,0.009518968978008545,0.0036871066557515133,0.0065710884791379,0.009725072181931825
2012-05-11,-0.00013719653514381519,-0.00012929310372926858,-0.003459938939334887,0.007694610103365679,-0.00012776555303628688,0.009456553282156143,0.0031809372053146776
2012-05-14,0.0011222278412616458,-0.0027126475267236125,-0.027408797961968365,-0.023968167551672775,-0.023201691467593884,-0.019638589867452604,-0.023602669103545946
2012-05-15,-0.006777614139277486,-0.005275033838975709,-0.017972901245537697,-0.006091313069505524,-0.006140472767586162,-0.007921933024995907,-0.010628746220257444
2012-05-16,-0.00035141636940125217,-0.007542386821841305,-0.004726366785107647,-0.004228479284870719,0.0030880428861043635,-0.002628061381222907,-0.0015295484512394717
2012-05-17,0.0033832138594412416,-0.00038197372840965374,-0.013206380504766697,-0.016267674412923205,-0.012104417678614855,-0.011864710395865397,0.0
2012-05-18,0.006110935393837458,-0.0025429984175696727,0.005156571130057833,-0.0050432644809477204,-0.0013255805491714072,-0.005999891699721129,-0.01419002209516407
2012-05-21,0.004094566293049281,0.005858493118947677,0.024674541774598883,0.006110804393853264,0.00634614447797403,0.009493578500960817,0.0025472246282318054
2012-05-22,0.0021027703282295324,0.002942062817123323,-0.005751449162353661,0.018449272528450446,0.01863511608715466,0.016380566139895563,0.019659895078560134
2012-05-23,-0.00731698610262281,-0.011463643314812278,-0.013427892868990326,-0.02321038158692755,-0.0265549650999607,-0.02355992530413604,-0.027180506513890774
2012-05-24,-0.0031166236961038935,-0.008198335999705948,-0.008438846119250571,0.010047510577840483,0.011579990216011204,0.004783535137405755,0.010474214742985401
2012-05-25,-0.0004995713623885046,-0.002007683905399019,0.0025762309447770783,0.002325502715543236,0.0031842415984543473,0.003800593637557836,0.002477821699362871
2012-05-28,0.0011237034037203427,0.0026360258467293643,0.0,0.0,-0.0016319308207942485,-0.0026454770540640118,0.0
2012-05-29,-0.00274898015535017,-0.003513170149624311,0.003301889187963445,0.008536960689476182,0.013620389520633217,0.011580275618945429,-0.0007218850663558358
2012-05-30,-0.0015026553428025963,-0.0037505140697335257,-0.035418793723551646,-0.01573594298228989,-0.02266218300586139,-0.018306764199680234,-0.020639212802130363
2012-05-31,0.0013775016228439114,-0.008325603736317203,0.0034102439165670695,-0.0019630047602480216,0.00047406889796007084,-0.0026177275512148483,0.0013033917523433546
2012-06-01,0.004619544980003917,-0.000989540607499971,-0.02334157474236082,-0.022027194859485587,-0.02230180819350735,-0.034773391019380345,-0.024014923811430104
2012-06-04,0.006109854069260468,0.003219473991748515,0.01993133082579363,-0.0024697694227134638,0.001361574059400055,-0.011981676973839062,0.004966737703680583
2012-06-05,0.006761607366352047,0.0085944941124048,-0.0015187290603436692,0.006759814912343571,0.01064217705300457,-0.0014781307789618614,0.004008433825730843
2012-06-06,-0.003881090659194103,-0.0037458462319731444,0.03547125554251556,0.022208568686037315,0.02393674201240542,0.020656674582117476,0.023868325534966994
2012-06-07,0.0025274896083931184,0.008887825815465206,-0.0062560284081292945,0.00516860664221668,0.004150348886053884,0.00820875939890334,0.002499573851013912
2012-06-08,-0.0033302172913095094,-0.0002514601675504715,0.004787821892763961,-0.0040024783616819755,-0.00635979545278492,-0.00218335678021634,0.00038247168518583575
2012-06-11,0.005421348017588266,0.005925750663966395,-0.016296664625345722,-0.001166128280534821,-0.0029305148464464415,0.0016672248235574667,-0.002896092917331266
2012-06-12,-0.009978355244151962,-0.01331509384024409,0.01482576396539777,0.0021254553467514752,0.0013629319944722116,0.0032823885229746543,0.0026535057479095364
2012-06-13,-0.0033815717398787233,0.0021234780766652577,-0.004424545016053501,-0.0014050606343725802,-0.005552099825745057,-0.0014211780085552203,5.603944631754818e-05
2012-06-14,0.008617829373104739,0.005517325267162982,0.013216183879659857,0.0013023233331953146,0.0007950239060820362,-0.002258606127056078,0.002194911991386423
2012-06-15,0.0024046939996140307,0.004284340363286039,0.017903448336059072,0.01899770687762089,0.018029747997468613,0.014683340454135243,0.015254009870604926
2012-06-18,-0.004456293194365305,0.00607974464967934,-0.01715136363681832,-0.0019172101271112492,-0.006964876136157217,0.0030118031797303495,-0.011801315527360915
2012-06-19,-0.006441684264207778,-0.00847626681486473,0.027449817618335898,0.01603183107244104,0.016730358363507985,0.018263064723855874,0.019464796614031225
2012-06-20,0.004224692834231665,0.006572341197575767,0.004381332653113434,0.0037701434631056034,0.0027544834042723433,0.0045110095952688774,0.004303709045976934
2012-06-21,0.0008675676744937916,0.0,-0.025832113595592367,-0.004333513787783969,-0.003941860988971292,-0.0076952088455496444,-0.003662465328803525
2012-06-22,-0.003599140518509848,-0.010218955642809488,0.012630415732138125,-0.00959369372103845,-0.007516431149986907,-0.012673099281611767,-0.005749766007415749
2012-06-25,0.00024859968299130003,-0.0011290236798987073,-0.03569805880498809,-0.01510891726009299,-0.02266258424500413,-0.021114637654879594,-0.02598864853595083
2012-06-26,-0.001716782665126947,-0.0026295053401312342,0.003437322865338793,-0.0007819115234529934,-0.0029597018323850367,0.0007009172384817372,-0.001296187161694498
2012-06-27,-0.005643946415913793,-0.001374578399849958,0.012125804594515675,0.013578603429368993,0.01659404965312479,0.014928739200166507,0.017543074552065212
2012-06-28,0.0029382943987325254,-0.0011231776588813778,-0.0011306250231691729,-0.002855773384386223,-0.0037418063725600916,-0.012776765531199613,-0.0036963098962277878
2012-06-29,0.0008735766905933813,-0.0026160182764403176,0.06213159022212286,0.033384392715442614,0.046411119654339486,0.04240100405369104,0.0484453013756184
2012-07-02,0.006527686822575467,0.017077075094517676,0.008468966169758563,0.009585848586950252,0.013531685324954407,0.012360453055392457,0.012008618293960233
2012-07-03,-0.006465307058342652,-0.005817033089813545,0.0087459016438258,0.013032340258143841,0.009521833916922818,0.01256373583529848,0.012292747529701602
2012-07-04,0.00199380385717006,0.0018889965824749808,0.0,0.0015575769561356363,-0.0010552004581006558,-0.0020406529619559585,-0.0034622511518594638
2012-07-05,-0.0002490453028947827,-0.0071093551558247935,-0.03473077756837724,-0.0059254247525786915,-0.011817666232484482,-0.00446396815873017,-0.011959254119144806
2012-07-06,-0.006621281517414867,-0.010012806791382391,-0.024088426619987155,-0.010051319814446012,-0.01893418457193405,-0.01938163465242547,-0.021861584278279843
2012-07-09,-0.006665415270667119,-0.009741754197162366,-0.0007397862502164876,-0.004658401488872817,-0.0037909521252901548,-0.00352252328853504,-0.00340550749624378
2012-07-10,0.0007820379771922573,0.00381134718047147,-0.009284596533415323,0.012918817520350116,0.005877858433535606,0.007915314997410574,0.006237574596554076
2012-07-11,-0.004321477159529537,-0.005037857568511677,0.008915488802319446,0.0004479779029518834,-0.005735334643208573,0.002407665238448274,0.0019517852296198103
2012-07-12,-0.000253259356786344,-0.0007472579485057693,-0.008542550289244994,-0.0036218907905269234,-0.007014828643538267,-0.00535998540746268,-0.008144431884010702
2012-07-13,0.0008862404217269407,-0.004460309563896552,0.013706624193036488,0.010159483494010678,0.014449332858766041,0.021231565252309657,0.013853301466599372
2012-07-16,-0.005456517955233645,0.0045950129266621766,-0.0018413859166964723,0.004376945188710686,-0.00028618071309684457,0.0013137600335994563,-0.003161185450666841
2012-07-17,-0.0012732203417597325,0.0015936500109216209,0.009172487774940835,-0.002154427378357878,-0.000921815895751601,0.0018138322048845007,-0.0005374367779050631
2012-07-18,-7.647365476831289e-05,0.002210738434247454,0.008727555061167753,0.012168028078885422,0.01822463457926306,0.0161033945223534,0.014971209320062387
2012-07-19,-0.00043328392974214565,-0.0014743828693702388,0.00649591355425728,0.01034859696286453,0.00869056625684068,0.011005282541775782,0.007739048851396712
2012-07-20,-0.004471402779556048,-4.913176596867201e-05,-0.03887532247441415,-0.008501712418204146,-0.021603527994617844,-0.01917689250758052,-0.028690526632260616
2012-07-23,-0.005392285896369385,-0.012274862527051808,-0.026143146523393883,-0.021559940508257207,-0.02934402842281319,-0.032294060674954474,-0.026274885720793874
2012-07-24,0.005776322478036253,-0.0002425354611856021,-0.022516306993557802,-0.0038100242159756614,-0.008694738999510798,-0.004515309519294057,-0.012824456865336393
2012-07-25,-0.004104141349964862,-0.005151551233425392,0.013260747173922128,0.0043212017131848395,0.002293560796127752,0.0025177713045593615,0.0035029943772953574
2012-07-26,0.0072988250370964215,0.0064860945199821576,0.0513513900439088,0.023360366707081772,0.03987900533275854,0.02716826143570769,0.04170991838242471
2012-07-27,-0.0014044096960592924,0.011477609095058215,0.03685384317685572,0.008760563570578382,0.02252795498614285,0.016039683144415035,0.022046958391994855
2012-07-30,-0.0005367152667793776,0.001966784285227875,-0.0024859977068252934,0.016381728412544847,0.012277274038262152,0.012576450981215593,0.01683967015308442
2012-07-31,-0.0026624654066122293,-0.0036845910317584796,-0.003562827379591672,-0.006655271518172488,-0.008786633623409817,-0.00026579809168987496,-0.0062537683427026204
2012-08-01,0.00549627288020858,0.002823623134604158,0.00035700540465568345,0.0037909802601857135,0.009042599628523083,-0.0026318006614057736,0.0
2012-08-02,0.0036898118944947056,-0.00429369295542993,-0.035588921367924096,-0.017080716969561458,-0.027191124548504423,-0.022211094447331464,-0.0271791735948858
2012-08-03,-0.0031800543099841905,-0.005006360772785269,0.0637299689128837,0.025346486480036765,0.042911832975021366,0.038540269995177595,0.04712752123996235
2012-08-06,0.011350812870968783,0.020177824330586288,0.012752449456306896,-9.079121688495668e-05,0.008078888995144754,0.007698615277823267,0.011207388798548738
2012-08-07,0.0009317095870135288,-0.003102311736323295,0.0189962885943992,0.011794616873756214,0.015090345362555166,0.007090279419842043,0.01691099875660517
2012-08-08,-0.001939969106550615,-0.00024778126439503194,-0.006405086023578822,-0.006843170726018421,-0.0043589802072368155,-0.0002584010400600554,-0.0032672900210824222
2012-08-09,-0.004499055476165265,-0.0011018543184398008,-0.005085332306684217,0.00785963268775284,0.005351726051201357,-0.00016648572335752635,0.0019551030595782487
2012-08-10,-0.003896113048843576,-0.006425823283212942,-0.0010203690113531959,-0.003472236653524966,-0.006119819954253668,-0.0029375774259486676,-0.005686982004544074
2012-08-13,-0.003911352138300697,-0.0013760045967251909,-0.0006806968671185375,-0.0063770974797440405,-0.002684398223128045,-0.005035275254040284,-0.0030005146801964683
2012-08-14,0.0036188302767628353,0.004084343226895655,0.00238031885665325,0.004546381206934234,0.006939454332512287,0.00932153583782419,0.006736509000409999
2012-08-15,-0.0002289832614900953,-0.0001232066733541915,-0.0027207450783678843,0.0008707134159336441,-0.0003101885717304717,-0.003963794513478121,-0.0007815223735886871
2012-08-16,-0.003083561844954213,-0.002953957235042525,0.019562117245255656,0.001709347215657045,0.009030779726558238,0.007098920363625719,0.010698102873149965
2012-08-17,0.0020398108964172538,0.00554573565452952,0.0020020778308589998,0.006034159326023681,0.002264325806888489,0.006353131575246533,0.006087606946880402
2012-08-20,0.0008910915869021204,-0.0020492605907647047,0.0009992560902628794,-0.0057345604543959545,-0.0022384424614415475,-0.0010230810240985867,-0.0021102150805694508
2012-08-21,0.0002544193237729884,0.00167857661380693,0.011258695871348222,0.006181267762862382,0.009351113391450897,0.007879336727034216,0.009663957334186643
2012-08-22,0.005708180084423078,0.009931792186990203,-0.0009884351119135123,-0.0114972130394067,-0.014804756602142425,-0.010146747575171311,-0.015189464223746629
2012-08-23,-0.0020258643395042156,0.004626998126816065,-0.013605538740541519,-0.006101414590977058,-0.008438970252915255,-0.009762891976781343,-0.009652078893260753
2012-08-24,0.00390873129359593,0.0021331197630722566,0.0,-0.0012732543857019295,0.00018931666625670126,0.0030889409737287618,0.0020808736773481502
2012-08-27,-0.0011242623401590906,-0.004536841412042091,0.005996057302069528,0.008187454519449685,0.008590524177953885,0.010897174141507409,0.011270464829278634
2012-08-28,0.0006317813955889706,-0.00022501368530915386,0.002653251329192168,-0.009432020819569743,-0.00907412801533917,-0.006372918951377821,-0.008034379049397532
2012-08-29,0.003152783495773589,0.005641499164331914,-0.00531403065015506,0.002790450120737698,-0.0051596962593748194,0.001126027048847542,-0.0032360857798809633
2012-08-30,-0.003342298597822005,-0.0032633973706506884,-0.01577455935256315,-0.007936867043582515,-0.01023997911523014,-0.016551376378267278,-0.01257963788696825
2012-08-31,0.0008208976019070611,-0.0016277448098997063,0.01743836418339214,0.005298237828597006,0.009999806556029075,0.01086095815183508,0.01523812573014363
2012-09-03,0.00025239628969267615,0.00526845091391233,0.0,0.007895183912855538,0.011836804705569342,0.006297923761666611,0.009160141978154956
2012-09-04,0.00012621186536159463,0.0007549483439738081,0.0036502258193259825,-0.009779839955660952,-0.015955953959875195,-0.011794441054148543,-0.010870090367531879
2012-09-05,-0.0032861684911415262,-0.00414502090738888,0.0009931571194794434,0.0005170661651680868,0.0019838856037235,0.004621040013705188,0.0021605753895592673
2012-09-06,0.0029075603360873186,0.005404462387742879,0.037666773867343475,0.022849222839422645,0.03010487956348651,0.02868012164924527,0.03348164963304171
2012-09-07,0.0005047288915723094,0.0023973159741334086,0.020502041330422587,0.0033828360106566264,0.002609265224593653,0.0065596785332175675,0.0053915452276756684
2012-09-10,0.008167421030354389,0.012841104350352605,-0.012882671063873146,-0.006150961499201307,-0.003701019105290218,-0.00011086686870050125,-0.003974668644503074
2012-09-11,-0.0015027688569723553,-0.002683590425237534,0.021586873281725216,0.0018164873441247028,0.008873676481812663,0.013276279938918925,0.011450712172128398
2012-09-12,0.0020032152311216054,0.0070436513619412215,0.005862978867146439,-2.9690864981117323e-05,0.0018330488585952935,0.004561321367302848,0.0027916919428317795
2012-09-13,0.0017495554598279729,0.003992063028549831,0.013751430728156887,-0.004472946096926563,-0.01183682870069936,-0.004532599784968738,-0.008449538738796948
2012-09-14,0.004236273177447894,0.006992120632000732,0.01386406176459814,0.010938144511509457,0.022444107415252806,0.013830807177087975,0.019985984812552652
2012-09-17,0.005010431610900784,0.009399574000485786,-0.005101251670369871,-0.0033460342281368296,-0.00781758186682279,-0.0011393149240922333,-0.004244778121262218
2012-09-18,-0.001659132982350641,-0.0004852626786234526,-0.014545914855288528,-0.004995379802845661,-0.011604374735696104,-0.007592546522812489,-0.011746423704897006
2012-09-19,-0.004968964532911486,-0.004878140489867131,0.006086360605038326,0.0007151293161942707,0.0054312291279367975,0.005844569500406954,0.005573076312428329
2012-09-20,0.0018041029368682068,0.0009135958493321619,-0.010062457200616933,-0.004388397999823456,-0.006220115234052813,-0.00017178752093125697,-0.005717941924009502
2012-09-21,-0.005959664819622054,-0.006507866478759256,0.006257747329013677,-0.00026929289956828344,0.005908584918029848,0.008372722026207407,0.009376104806175647
2012-09-24,-0.0010885277746249921,-0.0003891232295926891,-0.007058153920865859,-0.006937061685889251,-0.009533449063068264,-0.005174653920249891,-0.007474347462976542
2012-09-25,-0.0017290436974699826,-0.002072788097304648,-0.010215123895409923,0.007983965562888981,0.004732576749977073,0.0016106607574705113,0.004131618754605334
2012-09-26,-0.0010288964636728985,-0.0032173351848969363,-0.017260630180343354,-0.01947088098828359,-0.028570270001819748,-0.020216161533234595,-0.027615712254667635
2012-09-27,-0.0006278191440459436,-0.0014308808636272067,0.01226990503529792,0.0032564124886832117,0.007143131762362541,0.0018549727326267142,0.003013257715898361
2012-09-28,-0.0008042859931517169,0.002450565575717097,-0.030156299894096152,-0.018212990187551594,-0.02487565920831545,-0.010184736029255232,-0.020886527980217846
2012-10-01,-0.0016229738984502912,-0.00810251126769299,0.011216196568287637,0.013339667487856005,0.02361295946100897,0.015207745675322319,0.01798934787307914
2012-10-02,0.005938219915418376,0.006167365293188808,0.008251538208852613,-0.0008552715658842429,-0.006059111518236219,-0.0028525546826844586,-0.0020911675555643086
2012-10-03,0.0018758343088111447,0.002193411869076394,-0.003482753372313079,0.0022588476091413255,-0.0024075260886434564,0.0,-0.0004452835299134873
2012-10-04,0.002620240825040726,0.0005167929922704262,0.012293642324561963,-0.0009761678435739663,-0.001416163774839528,-8.896026807038887e-05,-0.002703766035329756
2012-10-05,0.0016310564774830365,0.0072633363443466385,0.00842252705288012,0.014753581350110428,0.016284446724662727,0.012604349904215875,0.01812300896832734
2012-10-08,0.003216975252553215,-0.00013013878206721803,-0.009363481487692253,-0.008941281219898534,-0.014718556411912324,-0.014522629094322403,-0.013971891085627486
2012-10-09,0.0034661928866767853,-0.0029892407744781476,-0.025084307034961142,-0.005659751818760117,-0.006996321179091839,-0.007804141399398021,-0.00960497332250518
2012-10-10,-0.006695625862685044,-0.009171333805507767,-0.002575789522339565,-0.002780719247491934,-0.005011356977031125,-0.004058217778539665,-0.00636669771287542
2012-10-11,-0.0006719829903443284,0.0,0.011538623831011334,0.008379724824582872,0.01411608886533787,0.010557229746284235,0.01235549126068828
2012-10-12,0.0031446888304053934,0.005803126070959652,0.0019102258922279126,-0.0048668554952366085,-0.007244076013621518,-0.006780970628478992,-0.0072596656861461896
2012-10-15,-0.0006579615992838467,0.0007762529468751664,0.011070736751240545,0.004563439450610075,0.009163906452206156,0.0039685826993270164,0.006471297976872907
2012-10-16,0.00129065252891824,0.0019433776831409243,0.029140457477452145,0.012847692326167812,0.023309059494609003,0.01571610311365607,0.024948456867022347
2012-10-17,0.007783141562728693,0.01069111837891596,0.01365502363421345,0.005915795574710266,0.007557917616319265,0.0024751225329362127,0.008570327116380725
2012-10-18,-0.00012308977052254963,0.0006556786485944823,-0.004531356780881035,-0.0011028007013332303,0.002174793348121775,0.005755249094443891,0.0016951195013534366
2012-10-19,0.0017215866300054816,-0.0036137535535062447,-0.021110892462029955,-0.0034354359045788,-0.008699203717354638,-0.007638090822119492,-0.012489320444963597
2012-10-22,2.4606111807976507e-05,-0.003574497430014742,0.006779763848699948,0.0008673796970116409,-0.006099228364035085,-0.007150950403590848,-0.004391548876486943
2012-10-23,0.0023071336151110748,0.0036529385531968773,-0.02708357692207177,-0.023321912900233114,-0.02228039477997826,-0.021289265428791188,-0.02123456238281889
2012-10-24,-0.003069178737189689,-0.007422361367593739,-0.0031601831483404536,0.00531101382784516,0.005851039527974755,0.0026673322258160257,0.005096179390068761
2012-10-25,-0.005795694120170582,-0.0006484696183930339,0.0012650410755310957,0.0023109742912138177,-0.0043755311515537255,0.0010254766066980893,-0.0028750048332787568
2012-10-26,-0.007447877313107623,-0.002072220651975511,0.004101802942089401,0.0006072937891961068,0.006882272182551287,0.004381927984311114,0.005088911316675243
2012-10-29,0.0007472666210514748,-0.0010991515847128687,0.0,-0.003222663361028472,-0.007656458194808018,-0.003975054908756139,-0.00693880865835604
2012-10-30,0.002350328027474252,-0.0012270591915616393,0.0,0.011986677800755333,0.014720015726471193,0.011215221514100813,0.014875616113696375
2012-10-31,0.0014770126405390313,0.004204038424388151,0.005025384852970334,-0.004795582473541473,-0.008759293088346842,-0.0032684760421236186,-0.004920730358443937
2012-11-01,-0.0033294482427747487,0.00019439300386182352,0.01183408191831176,0.014020202613302047,0.013362135972858789,0.010282153858855258,0.012002194514864816
2012-11-02,-0.001619076156180521,-0.0012956243078193113,-0.01183408191831178,0.006448511808861693,0.004896795578034388,0.0038341674104305167,0.005227224196369593
2012-11-05,-0.0023709472175364246,-0.009343773012860858,-0.006916700013156784,-0.007492511588547327,-0.012666993895558601,-0.005089060373223257,-0.011641209129986722
2012-11-06,0.00037473009243766813,-0.0019862971328994785,0.010668620932473836,0.006810967238974577,0.008707783006589736,0.006976191049689582,0.007230514274885419
2012-11-07,0.0001249036427336867,0.0004353080305895034,-0.023686680827196147,-0.01342822775230371,-0.02005506165576227,-0.01983964273181389,-0.02266872340617422
2012-11-08,-0.003126758263101579,-0.0037584886622258284,-0.011571643837390892,-0.0013527386622138272,-0.0005603874555402022,-0.003860722690870576,1.2014431104468571e-05
2012-11-09,-0.0011029541969786675,-0.0011477221809470441,-0.00032374231502605257,-0.0014751887899923893,0.0046521984637834,-0.005770983962964187,0.00027835955519924633
2012-11-12,0.0036051126566082844,-0.0016810527694880474,0.00290656381258864,0.0012043295014804562,-0.0034878696372657443,0.0007339757926722032,-0.002543759206308445
2012-11-13,4.9973406487052396e-05,-0.0011190848708216385,-0.0038768745453332067,0.005132361117229652,0.005539184848804066,5.026566905593796e-05,0.00790067186037008
2012-11-14,0.0003248035086483064,0.0,-0.0077998660235941404,-0.010139832046790687,-0.008953881757610187,-0.009417770788666562,-0.00817559387580825
2012-11-15,0.0036157441136593473,0.0017810593602762183,0.004557160106377806,-0.018034461754244585,-0.0051958318803072626,-0.008271322452178001,-0.004486711893730712
2012-11-16,0.0027342888494687836,0.004082684996178389,-0.00815260928385481,-0.015265618762254763,-0.012159688689877851,-0.013275951820649157,-0.01409281511230884
2012-11-19,-0.004228896592426744,-0.0019540958120791625,0.029361691425878748,0.015203972784560203,0.028923594489597727,0.02462899919774929,0.027585082107099188
2012-11-20,0.001494607742957995,0.0007786051258752523,0.004757751017805532,0.0039338633929842,0.0065144109292805934,0.006875731751883109,0.005758515612200299
2012-11-21,0.0013680789663824211,0.0035177764975567074,0.004105689997726348,0.0011955756150792793,0.004409611539328485,0.0016325357133798609,0.0040004882475945846
2012-11-22,0.0012420659066915902,0.003941790057651514,0.0,0.003944321860500797,0.0059808432354604025,0.008355076444847204,0.0060972918381384435
2012-11-23,0.0024795869937824008,0.0007849969751179096,0.027049806552165895,0.011529216670519527,0.008703624319937202,0.008814007738540852,0.00861726615549293
2012-11-26,0.0014847326484847497,0.007028737624003663,-0.000920628643534244,-0.0018116131435477086,-0.007926396517113844,-0.0023422941551477796,-0.005690717331791636
2012-11-27,0.0014332276588792064,0.001622071249715867,-0.010493924584419211,0.006086064728740404,0.0003398342291509566,0.005511406360016714,0.0003656850733859877
2012-11-28,-0.0029674844603439494,-0.0037591118197992574,0.011107742452878544,0.0040767002703869775,0.0037222398294215137,0.0015099858750994804,0.0013320015928263173
2012-11-29,0.0014106623792408633,0.0011650365884301502,0.010074869531044256,0.011362766284740724,0.015158227056197411,0.007806382569755524,0.013590791022027749
2012-11-30,0.00018542275076782915,0.0015556536819384401,0.003033128252984396,-0.004595037580594108,-0.003255572118509534,0.0006132511372415183,-0.0024975837714136567
2012-12-03,0.0026545673129479965,0.001791926548470343,0.003023786613273614,0.0021667521080417328,0.002613765759607735,0.004003851662797273,0.0027571343230350853
2012-12-04,0.0004931050082548922,0.0,0.007220437689881159,0.00100754591710675,0.0038868822979134664,-1.2083625518629945e-05,0.0032745667442352676
2012-12-05,0.00240040187481136,0.00785486979982089,0.0023949094399942725,0.0036365613837707027,0.002794604385941006,0.0026098225991835733,0.0004862161677541534
2012-12-06,-0.0016612366762943545,-0.0022244349806974668,-0.0017958755178392389,0.007175031189679563,0.0031005781102141465,0.010673228937420929,0.004357556397174652
2012-12-07,-0.005557250385105693,-0.008200391470385832,-0.006914039453412601,0.0038601504824549936,0.0010989489684892335,-0.0022242709705552702,-0.0007838160363456071
2012-12-10,-0.0035978010121168716,-0.004436687582816538,-0.0012071706938733555,0.0008753014777397104,0.001798352053231139,0.0017436859414141652,-0.0020587638815701705
2012-12-11,0.0002485070056396199,0.0024940274152400973,0.014392756627097549,0.0035223868194377912,0.009382441903058933,0.007781450859019377,0.010731804612207246
2012-12-12,0.002965314716116695,0.005774099182791437,0.005344530051259829,0.0006681801515765487,0.00013986646558242693,0.003293761157675336,0.0024018337066005822
2012-12-13,0.003104742056506012,0.004107610164108555,-0.0023719784260933102,-0.0015112895921456627,-0.0009684859706803546,-0.004318037258103277,-0.001019465961726167
2012-12-14,0.0020973224204430224,0.0009151741165565272,0.009160005054542533,0.0016274685385154375,4.121274707498525e-05,0.001909317300586928,0.0010954803042490925
2012-12-17,0.002953461488388448,0.0066397813111627535,0.004402113886166067,-0.0030535794851688646,-0.0014227886538360237,0.001114334440275871,-0.0009622536511403239
2012-12-18,-0.0019803093652085058,-7.895767899669292e-05,0.011065573747187368,0.0007570086968811331,0.002890128360442164,0.006375494007593394,0.005876887187228358
2012-12-19,0.0022260805783467165,0.0050150872193668785,-0.000579484468675837,0.004471966387914948,0.004364761481371904,0.0019475066720175379,0.004224068283046458
2012-12-20,-0.0013153887854366352,-0.0011900064672992097,0.008080929993012806,0.004221220629738766,0.000583767348565288,0.0004693555270878043,0.0013589741309919302
2012-12-21,0.00045507171903292346,0.0016928992825087793,-0.00692953090631464,-0.0071809753273124905,-0.0014546901188054258,-0.004686361301677572,-0.0027159297711140933
2012-12-24,0.003069178737189784,-0.004213894903889022,-0.0067143523292482535,0.0011616924683013374,0.0,0.0,0.0
2012-12-25,0.0017146285677624449,-0.00011865561036998284,0.0,0.0,0.0,0.0,0.0
2012-12-26,-0.00036716256883364314,0.0,0.0020478632800804493,0.0,0.0,0.0,0.0
2012-12-27,0.004153399754818391,0.0034328757995704495,0.010179384599773066,0.0005513470150853532,0.003506193239730413,0.0025699414056536735,0.0033363979313855573
2012-12-28,0.0019486391393762066,0.0018533322975444059,-0.02016745968764793,-0.007892721984656155,-0.014808670276099284,-0.005696763766015824,-0.012521860371199076
2012-12-31,-0.004511949516365926,-0.0017078663728159408,0.023056682212139606,0.0020738464996912383,0.0,0.0,0.0
2013-01-01,-0.010319456773986746,-0.001995376539259237,0.0,0.0,0.0,0.0,0.0
2013-01-02,0.0028361377870262036,-0.000263984770794928,0.010333118570766351,0.021648366593707495,0.030918195757230676,0.02162228496167325,0.0
2013-01-03,-0.0012321183493296966,-0.0011871216201709736,-0.015539955145821592,0.0015122302422245742,-0.003423166014288705,-0.0028760274449845004,0.027918065065555997
2013-01-04,-0.0013571079913606303,-0.011403246248573008,0.008662952845845616,0.002818686650557163,0.002375486838359172,0.002566204909920003,0.0030052778060254194
2013-01-07,0.0038444587639968495,0.002662234107940564,-0.004033244962799723,-0.0013941443602736524,-0.0068275417692256965,-0.0056367259459390705,-0.005102793047983666
2013-01-08,0.0009587914599776722,0.004400356419408042,-0.0028912972915188496,-0.006082705859792707,0.0003346567537855004,-0.004774303580472253,-0.0015259330173682702
2013-01-09,0.0007368955946880724,-0.003262866762420411,0.0017358782255674475,0.002546137654740438,0.0031172204353170896,0.0031966369664014984,0.005535540137569697
2013-01-10,0.0006750718782133938,-0.002103949719068507,0.020028789865602182,0.0019694948180797684,-0.00386219701856361,-0.0015555186662783527,0.0006944580303118361
2013-01-11,0.00734672233643453,0.016585816427728228,0.008181823375637139,-0.0015981212634542258,0.000782790563632989,0.0009154007787175368,0.0035090025531812072
2013-01-14,0.00902061341744697,0.006672030251265356,0.002245491262228074,-0.008000411262415427,0.0006015374487625668,0.0018116145144473769,-0.000968213284579414
2013-01-15,0.004095437916989522,0.0011899556887180166,-0.007597940881420755,0.0014959410941847745,-0.0029436939804891923,-0.006959893891318013,-0.005010330034112672
2013-01-16,-0.004819876933076127,-0.0052038452318998365,-0.006803247501586153,0.0028132959909676065,0.0030084098084066876,0.0019808279929324755,0.00035156488069053125
2013-01-17,0.0032559941675330303,-0.0013298913070807386,0.012717817409621697,0.006714040642463339,0.0095591841670266,0.005747245579943394,0.006046309432045833
2013-01-18,0.007436709253764712,0.0061324875816171605,-0.00224904280787192,-0.0008545687212938264,-0.0006759642278801935,-0.004305052364325499,-0.0034410310479642305
2013-01-21,0.0036025472628616363,-0.0039371499292233485,0.0,0.006193532520070399,0.005716488738797303,0.006035823343082685,0.006269007074635238
2013-01-22,0.0006903300924529847,-0.000639118809533329,0.002529631562888764,0.0010757088516987626,-0.005868860672521163,-0.006817723309684636,-0.0036484809697717147
2013-01-23,0.00033314610424008205,0.0001863436607826252,-0.005066072542360937,-0.00124565434593725,-0.003974755547420661,0.0014710807651728026,-0.0031041326110905426
2013-01-24,-0.0003331461042400841,-0.00041267119656229377,0.007029323194829725,0.003167678339526817,0.006953442957203313,0.005252433219830066,0.005405751694002845
2013-01-25,0.007822752208678715,0.004561876596430402,0.018324022613774117,0.0045360083484009455,0.0069027769050169835,0.014076821901652851,0.0077627709115426925
2013-01-28,0.007691712818869805,0.00720526666208905,-0.0008257011172135851,0.0026389012365023177,0.0007223078714866779,-0.0031827523194155436,0.00011662853863729751
2013-01-29,0.003578638634630771,-0.0014667117329918023,0.0008257011172136608,0.003917386892048234,0.0013031228907608582,0.0019857488133548087,0.0017365199900827753
2013-01-30,-2.3310517208930732e-05,0.0033672400333745137,-0.0005505967140504118,-0.00150911973815388,-0.0053765550203102586,-0.004758636236663208,-0.0062575214961557634
2013-01-31,0.00258832004246829,0.005669026242172078,-0.010793169384548973,-0.008962125405343073,-0.008780903181706467,-0.004524218900362569,-0.01072304664670806
2013-02-01,-0.0013982993840521382,0.0031391697187494287,0.012718549277991016,0.0033807095159099788,0.010905842723892311,0.007346911890291778,0.0026233227236331707
2013-02-04,0.013205385943416548,0.002766859073976453,-0.0455267147019825,-0.01661879729400249,-0.030572377721272782,-0.025229485563891433,-0.03183255748724951
2013-02-05,-0.013438591292904211,-0.010089889790595784,0.01342294643246582,-0.0036097265301418082,0.009460814157341717,0.0034542758688803354,0.009870498734685733
2013-02-06,0.011134403805939934,0.005147642770956367,-0.011699357278308594,-0.007403301628456812,-0.014119306151453537,-0.01095129070843972,-0.01285373198476808
2013-02-07,-0.004392533862362365,-0.0042419638290926475,-0.01620381947033173,-0.006264807171796082,-0.01155455777677219,0.0012747039137264193,-0.007451298056794935
2013-02-08,-0.012778216411233228,-0.009998165808551313,0.008134891520892463,0.004151952425334203,0.013364688747859241,0.008041777685735533,0.012386831904605093
2013-02-11,-0.00746705951214785,-0.0015786369380713376,-0.002608129477618642,-0.0004057690006063659,0.00029590857122719375,-0.002407438863034952,-0.0029278806113185664
2013-02-12,0.011904259166487196,0.0026369420998443764,0.013543014109499853,0.0035012752051186476,0.009813139723276756,0.0034588536886036155,0.009948016486515995
2013-02-13,0.0025084444751893938,0.0036121084503193085,0.004283831773821896,-0.0010693919936469707,0.003236231126567691,0.0067265314760469935,0.0030269522521200244
2013-02-14,0.00849349182673624,-0.0005647434735789681,-0.013195553892336542,2.8943761831487232e-05,-0.00785276041756375,-0.010519522689435873,-0.008128977263146035
2013-02-15,-0.0038780587207433038,-0.006833340927921165,-0.009866662049599764,-0.006934653568076101,-0.0025184236979448817,-0.004949884521983206,-0.007652514858571154
2013-02-18,-0.00029006292010329347,-0.0006674703230669799,0.0,-0.0006407678126630584,0.0018205405661712506,0.004627476413499858,0.0005313136633353861
2013-02-19,0.0005915838403496218,0.0002402834820688379,0.021351076153734314,0.012737901422439232,0.018582549851462935,0.016087566981477737,0.017321911210581603
2013-02-20,0.0068064949370018925,0.003637031257409674,-0.022810191392841246,-0.011631459147602158,-0.00696785813794118,-0.0030424105114646707,-0.008305226454143083
2013-02-21,0.003793270330039773,-0.009200664271603936,-0.0236418774427743,-0.021265762849396134,-0.023200371653443946,-0.018982495267590858,-0.02321514597825231
2013-02-22,-0.008271813201949458,-0.0059551867332724336,0.024809600697222177,0.010321689371750226,0.022229558229510362,0.010277278468359383,0.01930650084501793
2013-02-25,0.010792735241985943,0.00011880151420411266,-0.03987438862455317,0.0011468827676697768,0.00405246619223527,0.014419305675977465,0.00825844511009564
2013-02-26,-0.01396755462984613,-0.009965896210080764,0.00544943375945015,-0.014714205480040241,-0.027076901860480486,-0.022912732178319843,-0.031153100422613524
2013-02-27,0.0023415159560212016,6.532770422518989e-05,0.021802040365736863,0.006184381976933175,0.019025917539433324,0.01030854730685165,0.01596583540748592
2013-02-28,0.004159453075134462,0.006488650933249562,-0.005035424347278166,0.009322987399279184,0.008499626948519233,0.008544885829492583,0.00825870836574574
2013-03-01,-0.007058171194713202,-0.006945851952969497,-0.006254479330536579,-0.0023520070275320987,-0.006221323615367639,-0.004341798694420094,-0.006399674689134383
2013-03-04,0.005073091791516083,-0.003298765151000186,0.007738086262973144,-0.00044169647742787614,0.002658715857101529,-0.0021402802112732034,0.001157266211819977
2013-03-05,-0.004840846127154657,0.0014720743721258502,0.014130238835327163,0.02017329828427548,0.02065711669704642,0.022958211136877446,0.02385267707275853
2013-03-06,0.0005802399816145516,0.0009520424019637552,0.004084489407892898,0.0024788453292562775,-0.0035524493221214593,0.006209156966002676,-0.0011673242175838574
2013-03-07,0.004052624512185561,-0.0053745988191833995,0.009560994080306867,0.001467168768434644,0.005291036752509228,0.0025776938916029727,0.0040814563031916495
2013-03-08,0.007941587821388377,0.010174907119175859,0.0028792399068554224,0.0130231674624094,0.012148511646646036,0.0058645767579584744,0.013997468479686253
2013-03-11,-0.0014914669107494033,-0.009447805340505221,0.0008621659219792904,-0.0024716134381076458,-0.0010108574523982122,-0.0002730209157399638,-0.003697144867809349
2013-03-12,0.0037015624963255924,0.0034347096884790665,-0.004606643649926486,0.001421221931244471,0.0009640009856678427,-0.0022783025083995736,-0.0025263939099905044
2013-03-13,-0.00021738015811165193,-0.000260538476319298,-0.005208990544953363,-0.0001136477267582258,-0.0010239517611351817,0.0006011206761302245,-0.0026290098866107873
2013-03-14,-0.006704042295078156,-0.005457516704327802,0.013829542229310151,0.010821349940776822,0.00922211795710943,0.010912633303395454,0.014669676643176074
2013-03-15,-0.006934820056849348,0.004155454167862972,-0.001147485693261776,-0.006399580795847426,-0.007141409566202237,-0.0019278072258827681,-0.00693915893111273
2013-03-18,-0.010551893709736356,-0.009235076987730174,-0.021468967362856767,-0.0016133172935431648,-0.004839975180930549,-0.004005337727547725,-0.007456963963341181
2013-03-19,0.004852502617669046,0.004043603955159299,-0.008540749021149723,-0.002723236516822362,-0.013082289424191092,-0.007884264890838065,-0.012463367803991661
2013-03-20,-0.006119243938848997,-0.006284440059350325,0.01613675887080903,0.006568374965181043,0.014150890922599618,0.0067938807000583025,0.013730341498018854
2013-03-21,0.006002642027133855,0.006025543886735387,-0.014363607597331062,-0.005546270360661773,-0.014389256704490294,-0.008718312649231607,-0.009264229083705004
2013-03-22,-0.008552590495642333,-0.0028431453016186975,0.012324066083904121,-0.00475010049729184,-0.0012087407434000917,-0.0026710259660751765,-0.0008386776467845839
2013-03-25,0.005280739728774336,0.009191736350872682,-0.02779598550672832,-0.0057758689675660715,-0.011285405176033264,-0.005126047792442724,-0.012151789623844741
2013-03-26,-0.008580669357283584,-0.01279855965292542,-0.0005996075384646847,0.0015759191807596946,0.00552655211697639,0.001113613099139913,-0.003084802039259444
2013-03-27,0.0013094453000678224,0.0001285792032281428,-0.016639519994191485,-0.008944124115553589,-0.009919280359654647,-0.011561998337874382,-0.010910822770925624
2013-03-28,-0.004501917169933504,-0.0064094619706589395,0.007900429758470232,0.005588705855324334,0.00531503880254509,0.0007982617506008587,0.0044152092307222085
2013-03-29,-0.0014458432660138401,0.002968842584348151,0.0,0.0,0.0,0.0,0.0
2013-04-01,-0.0007000081997071295,-0.0007942122216494621,-0.005767377247733595,0.0,0.0,0.0,0.0
2013-04-02,0.0016720220585271005,0.0034635721258691036,0.017202875758712502,0.012560809901130782,0.019624420531602637,0.018878298490793494,0.021034682645909554
2013-04-03,0.005199745741650651,-0.002310380161702017,-0.007207230409224363,-0.008260961012374429,-0.013335635561388441,-0.008739138633013574,-0.015338332564549986
2013-04-04,0.0003535327124644302,0.0023103801617020657,0.005410432980652797,-0.008820269793898048,-0.007699433130870347,-0.007310681430683251,-0.006683906201516096
2013-04-05,0.00035340777125519016,0.006057776525567641,-0.008428738865967516,-0.01693774095413727,-0.016964679150829075,-0.02050197168762433,-0.013886113685720574
2013-04-08,-0.002948982001254321,0.004924874541507465,0.0042233337909023914,0.0005868730794422528,0.0009003907219322283,0.0005078046792923948,0.0015344278454580685
2013-04-09,0.008364213234320001,0.002862429557109776,0.004505151304148418,0.001289838173453583,0.0010739193962282906,-0.0032849865985521325,0.0022683080586364886
2013-04-10,-1.1661102796160455e-05,0.00390333717036839,0.021053515378594605,0.02081594446216161,0.019689267786719342,0.022414008269284247,0.025298437454172495
2013-04-11,-0.0021226990767049566,-0.0019079428869484103,0.007308519757996514,0.007859316571476089,0.008498090661848598,0.007779530317726892,0.004763906899343915
2013-04-12,0.00015260546573394408,0.004540512323350586,-0.00554964971544259,-0.0075150866175675655,-0.012354617001350274,-0.01624736235417319,-0.01539655383147166
2013-04-15,0.0013137803161516416,-0.0011796306732325752,-0.024612044590564028,-0.006763120002377809,-0.005059318536181641,-0.004158549722442472,-0.003331958199962017
2013-04-16,0.00018759198219106497,-0.003413021443032482,0.019325879994751074,-0.0014737370661255542,-0.006676347145512745,-0.0039037912345400716,-0.00588839402541869
2013-04-17,0.005493561755219415,0.009456885713221962,-0.03505987875191901,-0.01441853087698631,-0.023764967625878302,-0.023648528092350452,-0.0216209577621411
2013-04-18,-0.0034445696257604983,-0.010970123494505981,-0.0009155966170566292,-0.0003521190177157512,3.6153455482306377e-05,-0.00391270775867745,0.0007868521461865339
2013-04-19,-0.0012288914046838793,0.0013957078225384414,0.00820772903654211,0.0028135758996350813,0.014507917349248936,-0.0018441555285836303,0.007663734751314557
2013-04-22,0.004335326945037375,0.00019578428287324982,0.008441866337682305,-0.00472310478763897,4.6527871005303036e-05,0.00243002094495378,0.0032799276629741875
2013-04-23,-0.004686706357184158,0.0004570764704050366,0.023439426802607213,0.026350111501303477,0.03522004854923964,0.023798201902191774,0.030216638207988897
2013-04-24,-0.00048045787951632256,-0.005159080449683407,0.014556424909281896,0.010796465921453821,0.015707107917058923,0.013079028810607813,0.014602562400341546
2013-04-25,-0.0015131442719826457,0.00176880818137652,-0.003764368207246343,0.0031118475037182573,-0.0006429360964631198,0.009470388977415844,0.0008729791575892965
2013-04-26,-0.011166673435557996,-0.0007808119108683959,0.0028968502878443585,-0.0072002139854265,-0.007952422087057343,-0.0023134644320767406,-0.007787939922827974
2013-04-29,-0.0008787769435244663,0.0027092938375022375,0.02174654109359848,0.007510823714644948,0.015271020689920877,0.007488467140523382,0.012572336195795378
2013-04-30,0.004244246558060494,0.0040775361015878255,-0.001133256709226215,-0.007823775528351293,-0.0030884860077007173,0.0050940030552831805,-0.0019817676012238725
2013-05-01,0.00250492604901812,0.005515454091312861,-0.007394773909277611,0.0,0.0,0.0,0.0
2013-05-02,-0.0011807618639795405,0.0010539995886262228,0.00682805884473564,0.009657456593023818,0.0005210309645253909,0.00604710256559171,0.002540980751000326
2013-05-03,-0.0065193362064334,-0.008923937204134204,0.017425650984369115,0.007888750122100115,0.0139456618738484,0.01996834292803279,0.01633574939877797
2013-05-06,0.0017822264256458276,0.004452029941140388,-0.004187850907883127,-0.00047544344104645867,-0.0015114886954850108,-0.0012578205633983163,-0.004773108414859142
2013-05-07,-0.0014255411147937101,-0.004060036509057848,0.005858868470980512,-0.0026893545933078726,0.0036482851937910407,0.008555386231698957,0.006725171468249207
2013-05-08,0.004152072869878565,0.0005230267281386599,0.014086216153411229,0.004059247975323097,0.008875847978553,0.008268338883058621,0.005596297629899222
2013-05-09,0.0023531192916322954,0.006428270664547212,-0.01353006277271031,0.003402695433369115,-0.0070261399058106355,0.0015551894798330492,0.0
2013-05-10,-0.003430986752079008,-0.009692264624364979,0.0041610501865734974,0.005608687267001519,0.006406691828111505,0.001939412208717868,0.000222581191440739
2013-05-13,0.0014330190064398534,-0.005316899434552162,-0.00499582296652506,-0.00013849924555261314,-0.002185111426334793,8.457547921259479e-05,-0.002822442992938224
2013-05-14,0.003897662214516865,0.0017518545012306938,0.004165290492670963,0.007091563591555021,0.005273535628891393,0.007199317559864177,0.006545842684385884
2013-05-15,0.0014136182433520362,-0.003927706249768594,0.0008305324738540215,0.0065227288129324585,0.0040687856389996155,0.0027913113427841946,0.004977591994840766
2013-05-16,-0.004838082193708964,-0.004234363049165181,-0.006388221130371578,-0.0019140665493039405,-0.0007938181593279963,0.0008905171721807285,-0.0010256351857723994
2013-05-17,-0.0025345383322315724,6.449566130111644e-05,0.01163506649184801,0.007389743963627163,0.005563674779020582,0.0033552155408146686,0.004014462785520988
2013-05-20,0.0025345383322315945,-0.0037035254520621902,0.0019255731240872102,0.005121655202671314,0.005378815331464787,0.006862571274915863,0.0
2013-05-21,-0.0009466911223714809,0.004309137552953992,0.0005499648729614923,0.0012695703232204144,0.0033080522325504317,0.0019340847134635426,0.0012979242266812614
2013-05-22,0.008723356233422295,0.0021681104975852144,-0.008830531557828395,0.004497975229060628,0.0036922609850259945,0.006903414231771027,0.004723682339631805
2013-05-23,0.002344636813200602,-0.005976506282108431,-0.00027676524289657606,-0.018689555045421108,-0.02094301600804414,-0.02119495985633717,-0.02075347440013434
2013-05-24,0.0024443601590993466,0.0064417355681352755,-0.0019428347101095545,-0.0016167608727091325,-0.0026148277903840513,-0.0056023816709539235,-0.0045081586168859095
2013-05-27,-0.0013325212634879616,0.000982699770850516,0.0,0.005279057841310731,0.009650506120250707,0.00934529747392488,0.011048271669074884
2013-05-28,0.0013325212634880685,-0.0002974735779145312,0.01050016663787295,0.013386652112946647,0.013771551150782782,0.011571444270072052,0.014516703125311461
2013-05-29,-0.0016249575822299266,-0.0067930257062580645,-0.004131327611418101,-0.014232703826536753,-0.01905178819316196,-0.017159983001791595,-0.017548112864136496
2013-05-30,0.0010524125587611098,0.007867125813207816,0.009614059121702165,0.003924038162214472,0.005568080579683835,0.007602468643503049,0.004532947759503606
2013-05-31,0.000981295206578622,0.007394543733594915,-0.02183306247315905,-0.011791066381989608,-0.01201287459652198,-0.006132949999245389,-0.01061633555895201
2013-06-03,-0.002408198525238669,-0.0036456286015574156,0.00973160356787458,-0.006377266473988503,-0.007096037781944248,-0.00757940564809392,-0.00793855700387522
2013-06-04,-0.0017337327983663726,0.005865508342304203,-0.0072201428731417695,-0.00180181029159201,0.0013152761088131419,0.0012254619129834893,0.0028927240318402216
2013-06-05,0.0014059295772797758,3.930123857307964e-05,-0.014881932419525195,-0.020632048099774168,-0.018871115168274704,-0.012100490665588586,-0.016970075408913193
2013-06-06,-0.005047253316908578,0.0015176148155457577,0.00676622265612484,-0.009905611750256166,-0.009954772675667736,-0.011951009400476826,-0.012299800760765572
2013-06-07,-0.0012010201797440952,0.011562487392139139,0.010621111359405515,0.008857095558729945,0.015171630631638674,0.019063129838050644,0.0177291851839735
2013-06-10,0.0017068793991286697,-0.0016278842001214964,-0.0002781543284498881,0.00048184513184321235,-0.0021274490245102176,0.006401369228324323,-0.0017195532825554213
2013-06-11,0.001022786963729909,0.0,-0.012592679588048083,-0.007281440830386831,-0.014019932168554189,-0.010312213988504914,-0.013401137939407125
2013-06-12,-0.00014105536047066797,0.0,-0.003668273442139152,-0.007507399913934837,-0.004434392045531,-0.009677607971232887,-0.006235835065293798
2013-06-13,-0.00047016477545502416,0.008699546948616884,0.012918219126083647,-0.0012950792188207176,0.0011275580079452504,-0.005897040901649276,-0.0018055001071825077
2013-06-14,9.410669611133526e-05,0.002123207300073294,-0.010941135497845774,0.0021576222069705654,0.0018886759618683797,0.0040151840130966225,0.0021054899160038577
2013-06-17,-0.002106520447515057,-0.0014427438243390341,0.015672784018094577,0.008099720973478577,0.015256880746199237,0.010740701676304547,0.01317330302041865
2013-06-18,0.001459717323591087,0.0010818738294116166,0.005539065602027236,0.0007978310203279759,-0.0008052249912962261,0.0016757797275378766,-0.0006514188152433315
2013-06-19,0.00706818831997524,0.002006501235949165,-0.024602676044121672,-2.8510947119056763e-05,-0.005509173301474758,-0.003948443339802523,-0.00629537259791819
2013-06-20,0.002636241807043898,-0.007350838923890919,-0.03837203841838568,-0.0265542668969219,-0.03725692956267172,-0.03331666518664641,-0.0370144999861914
2013-06-21,-0.006369274360449017,-0.004244322372817905,-0.0064060376337810344,-0.012479530079758555,-0.011116074632336437,-0.017718013398375823,-0.014396851107678047
2013-06-24,-0.0016191855158916317,-0.009890867430486087,-0.016811942889742644,-0.016092584906944696,-0.01720830890290892,-0.012503970491663541,-0.014877806886530544
2013-06-25,-0.0017277494785010066,0.002059727722364065,0.00951083167941881,0.009436133598032522,0.014958683417762492,0.0153320245154041,0.012478417116427372
2013-06-26,-0.0020724978530810684,-0.0040105040554759604,0.014249129816222264,0.01603066897785008,0.020668147939078996,0.016466603878628236,0.02310163378343114
2013-06-27,0.000895488371176187,-0.005088159965166926,0.005703166387209543,0.011465016504173703,0.009655201101156185,0.006246640567469399,0.006529269074371952
2013-06-28,0.005929861562694655,0.0017323101231719836,-0.008416260012763712,-0.0004642227807259789,-0.006207117488491204,-0.003953590608808804,-0.006613785421651864
2013-07-01,0.0019649552011104317,-0.0016801881281958578,0.009612681804114162,0.008035186343088566,0.007612236169059349,0.003098477035308573,0.007666725977409015
2013-07-02,0.0034642846523718304,0.004107799317410856,-0.016882991868283605,0.0012370865865610852,-0.006633778283301869,-0.009204384490068138,-0.007432424063784588
2013-07-03,-0.002775171731589124,-0.006811097394825702,-0.0027403525225731143,-0.005709137166411371,-0.010896641448745827,-0.010349486329912743,-0.012539859891951248
2013-07-04,-0.005409101014252508,0.0024560379886374474,0.0,0.024818152209935218,0.028572167728960297,0.0208544076373801,0.02905156242970851
2013-07-05,0.007252290439233682,-0.007956968242132212,0.003651613308180892,-0.005600860314592257,-0.01466607975495302,-0.023837377192564284,-0.0192774865871006
2013-07-08,0.004999136593203651,-0.006112411572627294,0.015971731082675866,0.013020122960212885,0.018470552562933378,0.02060862521394496,0.02090472544758299
2013-07-09,-0.001973399096384483,0.003263916264117598,-0.000897222855153152,0.008253655143964476,0.005146477136196074,0.011133067247244817,0.005000883404536514
2013-07-10,-0.0005811860161434673,-0.006951877016797796,0.005966470808576031,0.005345226905674513,-0.0007886501639794046,0.0010828400900194663,-0.001664183921375586
2013-07-11,0.009500136403313089,0.031262324758573094,0.026996978923125716,0.005536460748406875,0.007380515825147005,0.011379874089768705,0.008092156467107514
2013-07-12,-0.006319494151124048,-0.006847415305516424,-0.007264639001101137,0.0024692040366186803,-0.0035965255175925658,0.00659312750747849,-0.0024084112274409806
2013-07-15,0.0020492866794514447,-0.0028903531058660607,0.004364876150311289,0.0049745272964699175,0.006074751564755337,0.002680036024567061,0.00440910602059796
2013-07-16,0.00021968186198250875,-9.146529322965793e-05,0.0002904102891732958,-0.007251448415425284,-0.0071284748152826375,-0.004108067893844976,-0.007876966084217974
2013-07-17,0.0044996339066907245,0.0070504609375198765,0.0014503142072262243,0.005313777495211786,0.005435687140109711,0.006522953797176087,0.006085032650046229
2013-07-18,-0.0074758131238226175,-0.0026005548501486573,0.012673013600325935,0.00734880469032534,0.014300596951977882,0.009929091043968958,0.013374635520193934
2013-07-19,-0.0012301370991647878,-0.00048524362217734567,0.0031436858598592253,0.0027081205240565716,-0.000629042697933571,-0.0006622645611581425,-0.0006698619315110692
2013-07-22,-0.0006621084611827908,0.0037567130208616788,0.005122302316780724,0.001702371179305029,0.003712504717598349,-6.130391075740277e-05,0.0033923994798366703
2013-07-23,-0.002582899405868295,0.0023056207727168657,0.003683028056705034,-0.004518992393184121,-0.004280767712106448,-0.002022086398889788,-0.0009177175504580492
2013-07-24,0.0018854910884194694,0.0024961438919357277,0.007887190007605741,0.008748746914402479,0.010058597701880475,0.007773184552297559,0.010721306017147162
2013-07-25,0.0018239011657675975,-0.002456469552285838,0.007269101803573647,-0.004310832609349192,-0.001699754399353974,-0.009609073392895613,-0.004354990498056002
2013-07-26,0.0016583558569997626,0.006298609757837202,0.0019484293831813092,-0.00555049779577081,0.003235408415751954,-0.006536612970760531,0.0006092104251529669
2013-07-29,0.00011588737141733554,0.000996071224831133,-0.005017264116205959,5.4270781134225744e-05,1.759294982875099e-05,0.0017111211341181226,-8.387799869872968e-05
2013-07-30,0.0015282077527177308,-0.0017922410988432727,0.0016748148727581326,0.0017902779231591711,0.00444979699011,0.001450601789652411,0.006355291818930563
2013-07-31,0.006664287380762077,9.283827323340583e-05,0.006118132170435106,0.0022198366932728846,0.0015239018770464713,0.0005983197768546333,0.0032347990443721882
2013-08-01,0.007213670920748317,0.0027496016501841825,0.014040040434604458,0.006952377902493485,0.012455026975653715,0.016152225479874008,0.0
2013-08-02,-0.003314104352554553,-0.006747556043127298,0.0038200231663343027,-0.002823656414797693,0.0007220041699695562,-0.0004507210480630556,0.015361100164318409
2013-08-05,-0.005981662168616393,0.005059723804918386,-0.0040935209365087965,0.00317262304409354,0.0010672607748842323,-0.001018790175522229,-0.0006832365101557608
2013-08-06,-0.005820808885432516,-0.0016186586244294973,-0.004384448059272733,-0.003064887841339337,-0.004305559672917595,-0.011815775522802968,-0.0065359182631348715
2013-08-07,0.004218817157828593,0.0038120974119779535,0.0046579458294471925,-0.004777454273778325,0.0014669505352789634,-0.004740286659967119,0.0013105706319273445
2013-08-08,-0.007409143882188815,0.0024650535425876047,0.014115748079856475,0.00682181087577663,0.00637560684108849,0.006977594963939573,0.00799814009292997
2013-08-09,0.0005808484351460759,0.0029259569074284375,-0.0008092094967397419,0.008721940971508392,0.0030045902939795288,0.0024001574807433253,0.0030980031423857184
2013-08-12,-0.0017434891010738639,-0.003046058189412581,-0.0035129817885150827,0.0005592241550797035,-0.0011953805376374313,0.002508203738096044,0.0005412515238761443
2013-08-13,0.00038379245507817766,-0.00348877822192013,0.004591562229419493,0.005390067604948547,0.005100356353605297,0.006737400475426807,0.005101728214614945
2013-08-14,-0.0017341984759070017,-0.0020582714775905335,0.0005389642760044814,0.005229339870741284,0.005288421745859857,0.002653438239433928,0.003677749284975858
2013-08-15,-0.0043428417411826604,-0.00010613446905685383,-0.0005389642760045999,-0.010699277496414548,-0.005117403707633203,-0.007354448504408409,-0.005703300013861464
2013-08-16,-0.0014987003544844723,0.006747681335261716,0.004839011705609151,-0.002212325045357305,0.0074698775175787244,0.001866672240532912,0.006470845459298593
2013-08-19,-0.0006328849939841119,-0.0018679052360929733,-0.012956162182579755,-0.0025382746178295216,-0.009724927470583799,-0.0030612313995729288,-0.010891967732314512
2013-08-20,-0.001055815831804787,0.0003600028474276832,-0.001903258268046545,-0.013113958069647654,-0.013571183295446853,-0.00795137900690873,-0.012606845489057633
2013-08-21,0.005501278052898785,0.0065147466223815205,-0.010397061373803095,-0.0038563485557883688,-0.003441030075136406,-0.0017630066607306016,-0.004817899716189818
2013-08-22,-0.0029107150710211095,-0.0058344394676827635,0.015555223374381408,0.011982001766420298,0.010906445244141222,0.01348428641899225,0.013510377239872777
2013-08-23,0.0023619680359956976,0.0009076660355220502,0.006477536409406104,0.0073131168760708805,0.002546532423655403,0.0022718680461677756,0.004870204446214747
2013-08-26,0.0033113566905677884,0.002353287035953543,-0.007019641709322407,-0.003154470076149794,-0.0005752004516070762,0.0021552351933987563,-0.0016290743421313132
2013-08-27,-0.0006637275181098719,-0.0005487091265873901,-0.02746662174756045,-0.023350091930786205,-0.02449142283917732,-0.023096622044070047,-0.025915490895755813
2013-08-28,0.003140051695917374,0.0009637821041912405,-0.002230075214237539,-0.0010968654909808838,-0.0020859690816130306,-0.010324152208637007,-0.0024253680780043597
2013-08-29,-0.002930398629320533,-0.004276320369498135,-0.003915248950434166,0.0072717751814428315,0.0065158794858749675,0.004482504379109109,0.005708133667477303
2013-08-30,-0.006167976480670464,-0.007426567270852635,-0.011837721660384288,-0.011506064042510446,-0.01327524663338177,-0.011216412404282778,-0.013482721549335958
2013-09-02,-0.0028162199060365934,-0.00211555551673276,0.0,0.01729107139112242,0.01819493280818718,0.01721704515687784,0.0
2013-09-03,-0.003295657098651364,-0.0013858975849495054,0.009593578446171255,-0.005893989792279906,-0.008004960263815551,-0.007690968935763501,0.011682914545350944
2013-09-04,-0.002360758698737961,-0.0012127109859999992,0.005321792100473191,0.003182197335571655,0.001596546069506348,0.0018575207988075725,0.0017925490803018527
2013-09-05,-0.0015611381501077243,0.002017569232703299,-0.0022369345338430903,0.0045786574106323145,0.0066056082022248165,0.004754531952422256,0.005751463082578354
2013-09-06,-0.0042462602605910765,-0.006250685890698153,0.011412550228438059,0.0029420021688778965,0.010523916703507274,0.004928883422242614,0.010477672801559442
2013-09-09,0.0015677760384386872,0.004246146872347496,0.011557568997442823,-0.003401665635826394,-0.0021904555035150764,7.858760380168369e-05,-0.0018243880788144078
2013-09-10,0.001991745288588047,0.006343786989198022,0.01547490947817,0.01750503439908468,0.018710938721570456,0.020358431767101073,0.01879438302019306
2013-09-11,-0.0011850998671719658,0.0006232749244094438,0.009651332459815368,-0.0033539474322298664,0.0005997575537217432,0.005806844824910476,0.004213611301608638
2013-09-12,-0.0023744214598547665,0.0037082370751209356,-0.005350420552521001,0.004283615621286315,-0.003034375127267967,-0.00020370761727702604,-0.00047851565037088605
2013-09-13,0.00020203883606509967,-0.0012509255469101393,0.005617133493623579,0.00047775097333731037,0.0019146077738275175,0.001813744078903094,0.0017594281234031225
2013-09-16,-0.0039055381720980325,0.004531864098348325,0.008234958988761207,0.008061091227783167,0.009125862650643647,0.012098913837054191,0.009556122586506014
2013-09-17,0.0006082418664024932,-0.0016018532300554344,0.004487332663511317,-0.00021065443952586767,-0.0016174184258698435,-0.0018651778951490245,-0.001275562909302759
2013-09-18,0.0012154459637290984,0.0014950357158973195,0.030093231065102952,0.0029182933258618616,0.005986166766835736,0.004538898622452619,0.006196700477419991
2013-09-19,-0.0018118123408675962,0.012284229802837462,-0.0046109437826850445,0.004348332050016036,0.008509665690775605,0.006707389808098117,0.009334360275062702
2013-09-20,0.00665880611708945,0.0008252112037365481,-0.006894901647152039,-0.001333889564462517,-0.0005659851887127846,-0.0021242741639741496,-0.0030733132275062493
2013-09-23,0.0011843980102955592,2.7128324994165675e-05,-0.0031142837810592965,-0.0066175487612734184,-0.0075408804215350836,-0.004672226370027205,-0.007144866501305299
2013-09-24,-0.0042704707338316085,-0.0026357631830961448,0.002336427910907044,0.0029465850499578805,0.005623976829887326,0.003388414487133357,0.00568848249173042
2013-09-25,0.0011880566207568368,-0.00200939757460392,0.003882470990904236,-0.0028148105363008206,-6.191559161108191e-05,0.00011889899544356639,0.0015110958226196387
2013-09-26,-0.001663688943053136,0.003346668110638331,-0.0005167084621570067,-0.004356138778390089,-0.0020591299142091557,-0.00017660673147463658,-0.0014905486394372238
2013-09-27,0.0,-0.0022817528947719212,0.0002585279762832557,-0.0057847191768753406,1.189580117885211e-05,-0.000298961348283242,-0.0012494681984024198
2013-09-30,-0.007401270142913958,0.0006880848622560554,-0.007521540268030571,-0.002264519166098902,-0.010403211711871519,-0.0077781713899538404,-0.009011753254258162
2013-10-01,0.000982073000879529,0.002202185586375878,0.012161694969774534,0.007202187504904445,0.012748350359641041,0.01096305577190507,0.013686775400893102
2013-10-02,-0.00044301979798465883,-0.00013530186549907483,0.0023123069083558125,-0.003873688631645172,-0.009201990598103837,-0.006896643225712611,-0.005027913903323881
2013-10-03,0.002212996487641595,0.004989017263364264,-0.007210989586383001,-0.0035686505395518325,-0.007284527835825381,0.0,-0.005563156904937405
2013-10-04,0.007381004364452063,0.0024357703213313607,0.0059272751727228986,0.003196370167889036,0.008748008900226166,-0.0007477451813316258,0.008983940041527734
2013-10-07,0.0034337898169144636,-0.003983941347518267,-0.003603906563622609,-0.006081799489917004,0.00031935300572255934,-0.00364687820281049,-0.00180130085134484
2013-10-08,-0.0029239116408811398,0.0,-0.007765764639269431,-0.007438942292023481,-0.007723828900537957,-0.004162769410942257,-0.006758907626111251
2013-10-09,5.9282793391552013e-05,0.002064747861684517,0.003113264967530744,-0.010268750503942811,-0.0015688927701591523,-0.004592075416127652,0.0004751597153968908
2013-10-10,0.00431747535035572,-0.005735428865251535,0.024314098201193644,0.018135704629602754,0.02182430930439773,0.019658182246054118,0.022022814224047733
2013-10-11,-0.0007439012408471949,0.00047327681604477967,0.0010105582982587059,0.005866478310293805,0.00044325605741315496,0.00448699220997539,0.001638752467038325
2013-10-14,0.0027130939798873195,0.0022208516091871884,0.004284779843706056,0.0004253267497089938,0.0007059106456228025,-0.00011697276512387748,0.0011458097064421411
2013-10-15,-0.0002356658670598399,0.0001355843264486392,-0.0032748305097303467,0.014982800348595225,0.0077981611479705755,0.009200168654757514,0.008983341682394771
2013-10-16,-0.0032927655732279265,-0.0027215330765080663,0.009792696145089217,0.0036064600228965984,-0.0028941621587912068,0.004709190944189264,0.0036013048378575898
2013-10-17,0.0024676379755631445,5.404137110702812e-05,0.01167568223194679,-0.0021413797239519775,-0.0009619014801937447,-0.0038531669463066826,-0.0016628561866776628
2013-10-18,-0.0021248983199602073,0.010630852170054737,0.00566472067711202,0.008382849083803417,0.010882454207211133,0.006009963215331655,0.007584849044018956
2013-10-21,-0.00023634745722142636,0.001093978463955791,-0.001474915050910084,0.006589054370273715,-0.0021277403301053787,0.00023912463535492168,-0.0015375083959820745
2013-10-22,0.0017714919935349885,-0.000437744149242651,0.011492691418239548,0.004907080534289752,0.004318601658561618,0.009008388409279538,0.005636805732326572
2013-10-23,0.0016505472483710924,0.007467540975660065,-0.007810106905747655,-0.004186214480168137,-0.008127593231074709,-0.003089397944855783,-0.009437786715992843
2013-10-24,0.004114488482236825,0.00017916381931931766,0.008053167826390014,0.004237442091220465,0.0035213646383043477,0.006789731891446132,0.0071993763151759
2013-10-25,-0.0004693813397534969,0.0016688072258379605,-0.0007296243550985882,-0.0026173713214188137,-0.0007908008864385717,0.0005688797088100118,-0.001468672475940454
2013-10-28,0.0018762048919814967,9.671716893585458e-05,-0.0063439710193771304,-0.0010026213344771734,-0.004856975709699499,-0.0007893219721276783,-0.0041145533375797965
2013-10-29,0.0007026354001694381,-0.0011589761458217073,0.006587678661392659,0.005974956838543485,0.006208909210490966,0.0048208964697225055,0.009419256503294645
2013-10-30,0.0025371284307748577,-0.0033588796437010794,-0.006098152347422228,0.00017897133658764045,-0.0009307501911579058,-0.0013054910618428887,-0.0032669253816626246
2013-10-31,-0.0001167285478946692,-0.0013870897864594889,-0.0009794254302246026,0.0018388022270059293,0.0060136111802125735,0.0026213872592703146,0.008925126116768645
2013-11-01,-0.011830039102199258,-0.010566432738998956,-0.006881161387326516,-0.001838802227005914,-0.0062288655645381975,-0.0028921653316299175,-0.005166621460410614
2013-11-04,0.00129908932446406,-0.0063351559736912234,0.003446599609741126,0.0049722335481469215,0.0035973639448171335,0.0032585556101095165,0.0029574914814490746
2013-11-05,-0.0012990893244640175,0.0017016166459005954,-0.014107565520350356,-0.004844461058513223,-0.00825345124352014,-0.0031164367587262548,-0.008285957224111663
2013-11-06,-0.007853959526617339,-0.0032522560106001365,0.011646950079702264,0.006928025511099153,0.007866380142131103,0.003519095043469552,0.006723237848356674
2013-11-07,0.0009048274553165761,0.0033333013812805283,-0.020912342215814655,-0.0019055125817402196,-0.001386554046616287,0.004432230740565297,-0.004400428826490044
2013-11-08,-0.008316892288479136,-0.008091529839222568,0.003014697532404846,0.0021593222943642196,-0.004811918425500139,-0.00030287493723112644,-0.002655550937737764
2013-11-11,0.0005038855314749156,-0.004575455846821724,0.008989065067746563,0.0034958107560495613,0.006946970728610042,0.003253038104155444,0.005887313782929938
2013-11-12,0.005740223906108621,0.004588879886957575,-0.005483717093170801,-0.005248309599931534,-0.006163357910537095,-0.003451311683075583,-0.0059630950053124986
2013-11-13,0.008430906268573308,0.0022822211669795006,0.004488905573896766,-0.005608284848230189,-0.005606936016807788,-0.002388178268646183,-0.004461812133806073
2013-11-14,-0.006393872373194973,0.003689395211376175,0.003477485519749065,0.009388791055603795,0.010317076054281204,0.010418411575020634,0.010706528515674323
2013-11-15,-0.003468968160697915,-0.0030172041273950605,0.0034650318121088944,0.0011895604490162305,0.0019402264179690988,0.0020777285808885925,0.00027506799033151307
2013-11-18,-0.0009558107422118711,0.002599033341362619,0.005421489243727047,0.004139784368602004,0.006606431106761106,0.006169301647510439,0.008725857478863707
2013-11-19,0.0015526755122142136,0.0015114296273465266,-0.005915586636211101,-0.0037856844505328373,-0.011262845567639353,-0.0034898930582188963,-0.010482204888677328
2013-11-20,0.0030982081987550067,0.004656302346840675,-0.01143703704704507,0.0026766954504541802,-0.0009179435965220505,0.0009546183316315661,-0.0006068585613556917
2013-11-21,-0.007403921598193979,-0.009895853774490438,0.010200052105908573,-0.0030561150741953945,-0.0033958625381076773,-0.0006511779129410115,-0.0009783804841452363
2013-11-22,-0.00215982890301886,0.002825068525748274,0.008871393630935082,0.0011881771421300856,0.0057732561825955455,0.002493600116486281,0.0038161626189314644
2013-11-25,0.002758982200014275,0.0059588583834959555,-0.0012278383548669561,0.004185276274264156,0.005463664821101484,0.008738129892542381,0.005472605723869965
2013-11-26,0.0023570583618498595,-0.0018278517193040253,0.005389947189437043,-0.008464257620188759,-0.005688057005707597,-0.001062923382848765,-0.0033021290724923164
2013-11-27,3.58289605241429e-05,0.002966928314919584,0.004144460937314881,0.005339594645925272,0.003614728778029556,0.006551057661929813,0.006518787953122566
2013-11-28,-0.004071336203454707,0.0004342076453011844,0.0,0.0013367437794658344,0.0021778578978846747,0.0038680021942878885,0.003164345654931936
2013-11-29,-0.001200608986080458,0.00222859244271521,0.0017016908592737431,-0.00050425366027255,-0.0016771977221405351,0.0019081581291858316,-0.0018708448069157304
2013-12-02,-0.0035623517980220673,-0.0013866282541871052,-0.007557828679419785,-0.0014131719971605982,-0.0021908598470137676,-0.00035516538046781996,-0.003053250510923403
2013-12-03,-0.0020758549185672724,-0.003173857804059327,-0.013552261737695769,-0.013781704419029766,-0.026808596823124618,-0.01917439852328087,-0.020801589001980602
2013-12-04,0.001665873975788303,0.0035814610221002333,-0.008720909269630824,-0.0062410923060199465,-0.005749333701003373,-0.009014477440858416,-0.0073664000733411695
2013-12-05,0.0003617608412178887,-0.00031248678852761186,-0.008544354796614629,-0.011479100352330894,-0.011786588477821481,-0.006110078305944635,-0.012982703030867805
2013-12-06,0.008882517089118386,0.006132633494046031,0.0167692723451172,0.008563521051037784,0.007159820982904653,0.009580862541954852,0.009024003199214174
2013-12-09,0.003018906985935734,0.0026691858140464662,0.0017355351485145434,0.00095557829606047,0.0011447928926583409,0.0024782554018465144,0.002925299824984509
2013-12-10,-0.003508941895944804,0.002456481749918085,-0.0069610998372024065,-0.004709319435140177,-0.010446040669706056,-0.008818321502493296,-0.009348643290272475
2013-12-11,-0.0001076146947407989,0.001760358115441614,-0.007514088576830925,-0.006270275097082929,-0.0010466582408794952,-0.004104117452346421,-0.004586893134306057
2013-12-12,0.006673812834490874,0.001570332213457252,-0.007316383983955692,-0.014008630372402563,-0.004350186665972196,-0.006644214225323484,-0.006532290936876689
2013-12-13,-0.00047523676426911796,-0.002560997572613717,0.0015186489969335473,-0.0025441842895400297,-0.0023152557903373893,-0.0011695912202050066,-0.002119711178947979
2013-12-16,0.0015555226515131025,-0.0008384085058058076,0.01704719264972796,0.012079844012791678,0.014712475410191463,0.017292609282384415,0.019269562482575612
2013-12-17,0.0015294515990979052,0.0017189040283475162,-0.009741802619491926,-0.008609705361644621,-0.012515243402653371,-0.008596779334627649,-0.012502425177950775
2013-12-18,0.0022484090242791033,0.0006057839562805383,0.018650382235154996,0.007901639589274145,0.009994978080548937,0.010579895027422253,0.011266275170114191
2013-12-19,-0.013207395191184593,-0.0062874649198490975,0.003933843759486696,0.013757020075429519,0.01083298267867298,0.016632252242901727,0.013225986361186633
2013-12-20,-0.0005990815001046124,-0.0021326298229233658,0.0068302935589967945,0.013136229017666015,0.009463369749341062,0.006878734269099498,0.011428178634105288
2013-12-23,0.0035889749609947187,0.0016537596963132426,0.010473816894145907,0.010062572894195317,0.005118304866740174,0.009385491627538389,0.007045420815697458
2013-12-24,0.0003581758405528437,0.0015742855027451362,0.0026619887380360634,0.0027520661030945525,0.0007399165864548111,0.0,0.0
2013-12-25,-0.0033361470160391707,-0.001314346278958142,0.0,0.0,0.0,0.0,0.0
2013-12-26,0.0007304150005922735,-0.0009846052395807224,0.007703522764879532,0.0,0.0,0.0,0.0
2013-12-27,-0.0015811090431390427,0.0020249925521883703,0.004307104396343052,0.010983071830529564,0.013945453713737559,0.010542945873458668,0.013089275332847601
2013-12-30,0.00011981658859631746,0.003938549209401466,0.0052394765322712165,-0.003047110735510877,-0.0004536092180200862,-0.003889918999465367,-0.0033611368715576193
2013-12-31,0.003469945980204164,0.0043407179968599,0.0023724887235362143,0.0050402310838123295,0.004722602535367148,0.0,0.0
2014-01-01,-0.008962658173065371,-0.004725722993673581,0.0,0.0,0.0,0.0,0.0
2014-01-02,0.0008071848140646235,0.0015819955860336674,-0.029824492202404032,-0.004915121187887602,-0.0161140544690577,-0.016053374544656038,0.0
2014-01-03,0.0004695347361659347,-0.007297207137206514,-0.0031783510590274555,0.0053629978590410635,0.004807156440451334,0.003728169604745994,-0.008582548467663932
2014-01-06,-0.0027602311432111193,-0.005179913046636604,0.0024461270606000378,-0.005287969963015803,-0.004745592998120645,-0.0007581332724821584,-0.0017156161000013092
2014-01-07,0.001977550725483774,0.0026411895770189855,0.012865656653508101,0.00777262847527168,0.008277838851558942,0.008260252785982983,0.013527467786734382
2014-01-08,3.61151072512017e-05,-0.001144479138039092,-0.0024152120404556,0.0022061264619145393,-0.00040363385584388776,-0.0008798499776524114,-9.645360355667116e-05
2014-01-09,-0.00600466292446158,-0.003262645920922542,-0.0014515917394967615,-0.004690784974170317,-0.008442049125228647,-0.008058363632248699,-0.0065796611459789526
2014-01-10,0.0005451197566071498,0.0025820750366173165,0.010358085090701486,0.004913676139453064,0.006007743703932802,0.005464982226339174,0.004484661510902737
2014-01-13,0.0037113831246655504,0.004746537900696673,-0.009147864923447362,0.0024230564293993727,0.0029763036206858014,0.0038907376264148835,0.0025064126601983755
2014-01-14,0.0063510822170698995,-0.00013672835915707617,0.012974382553723546,0.004041939325243603,0.002560520031801572,0.00318517448178639,0.0024360517437547673
2014-01-15,-0.002881823583379297,-0.00010936126318097094,0.011629824276161663,0.005029482962622749,0.013448451179916946,0.02005842928142499,0.015657988413071717
2014-01-16,-0.0006014595307257495,-0.0050718162732845155,-0.0044937708847407965,-0.0025238586560463565,-0.0029590362321102875,-0.0016553578783902922,-0.005874419867271408
2014-01-17,0.0020553975696327273,0.0013744992602880853,-0.011202126133299415,0.0016424920594495236,0.0019035970507820983,0.0025949789262800105,0.0012372973848739882
2014-01-20,-0.010877691296211786,-0.006664171796130559,0.0,-0.000637075861388181,-0.0010728194519375538,-0.0027812099235054216,-0.0002949535330223871
2014-01-21,0.0009948692056391114,0.001583902921653464,0.007878325414452126,-0.006911075479612175,0.0002336730563181886,0.0014624821660842668,-2.8493557980131168e-05
2014-01-22,-0.001966466952901142,0.0007454711611054409,-0.003096286925888693,0.005562156801259818,0.00025664990716931527,-0.001029269707089081,-0.000574225293788671
2014-01-23,-0.006558561707197059,-0.0012466634062765418,-0.0011934320392183913,-0.008775655798173073,-0.01023023719663134,-0.009205751568199288,-0.010908861162007698
2014-01-24,0.006351988192475315,0.010783407536758027,-0.03722624472891507,-0.025172458281246698,-0.028308845517314257,-0.025130877235140694,-0.028928323755902
2014-01-27,0.008676036718423054,-8.212318839923763e-05,-0.0012399360743800749,-0.007799788475726086,-0.004071783765936478,-0.004567454532208973,-0.004494542842966855
2014-01-28,-0.006066512189413289,-0.0009713591007093001,0.013558509652914878,0.0036780772620882553,0.009779360875585964,0.006151654096946622,0.007923090541399553
2014-01-29,-0.0013100241552952783,-0.0014348021439030973,-0.017786732593770713,-0.007421151882515445,-0.006787161576872842,-0.007488408133184948,-0.00897524103819625
2014-01-30,0.0009705369569093351,0.000259510826606219,0.005716578292227405,0.0007189226421778066,0.00552719148813093,0.003928341308693504,0.00524947515782175
2014-01-31,-0.003522632737140297,-0.007335049649193158,-0.014730244749562334,-0.007109164419477207,-0.0034268544862070117,-0.007173493299767537,-0.004416333530139595
2014-02-03,-0.001485634377273636,-0.00521998441625946,-0.020839566249891854,-0.008358477628630746,-0.014013748050728704,-0.012973840929307947,-0.016728616868615237
2014-02-04,0.010208736352890989,0.0027282950262569393,0.008948375941744741,-0.0016957619618577279,0.0023586537905974543,-0.00640037130027719,-0.0004960712552645389
2014-02-05,-0.0016902018967326993,-0.0006760842601348421,0.0017798453219468391,-0.0008620798771668572,8.253402220727228e-05,-0.0012705216949439164,6.7576476793282e-06
2014-02-06,0.0016902018967327125,0.0014202358194438222,0.022111758959648616,0.014940774861847065,0.016930572624108457,0.015268410263255348,0.01616563049113419
2014-02-07,0.004369189652408993,0.004204705929538309,0.015290019693675347,0.0029050855705539456,0.00952448820951328,0.004886163639931188,0.009158162505787944
2014-02-10,-0.003235905816222279,0.0020000328221204703,-0.006137500749478176,0.000256695759870438,0.0021144436066060225,-0.0012973014769409525,-0.0019634140005998168
2014-02-11,0.001913912846547357,0.0019631073408210953,0.01587905739944154,0.013561198818149529,0.010842243186418642,0.020130990972851325,0.014583856465570377
2014-02-12,-0.0030471966827341794,-0.0005184279490139596,-0.00024221877231324904,0.006209217449230608,0.005164906364828278,0.006438973899176714,0.005771208858773008
2014-02-13,-0.013235601856472034,-0.003594259837032748,0.009650353793061024,-0.0010574090777429798,0.0016940247145334761,0.0059330492208973335,0.000988257058153775
2014-02-14,0.003599445973767538,0.0065036045972052875,0.004551253082095742,0.004899845664996624,0.0063193372889326855,0.006815570317732863,0.0067911065030610875
2014-02-17,-0.004577743641230031,0.001546920297079445,0.0,0.005723601324484178,-0.0011458300288922218,-0.0005839410320802614,0.0
2014-02-18,0.0026271578708379818,0.0003288604857311306,0.0035787197834421286,0.0009466280998501545,-0.0010293152897536586,0.0003127379780241056,-0.0005195597607455339
2014-02-19,0.006386272414619402,0.004188629412028152,-0.006930370755205845,-0.00019917967071403863,0.0023963028757449825,2.7902031118017134e-05,0.0010772614558218253
2014-02-20,-0.0018205120675670763,-0.0022956100866479315,0.00478497294137568,-0.006947419461322935,0.0033093774232686147,-0.004274129673967999,0.0002531206955717064
2014-02-21,9.716417458833219e-05,-0.0006725703844722217,0.00262201472347927,0.0040043491181686024,0.0058535454777035555,0.003953209303144153,0.003223868094044177
2014-02-24,0.003177389469342387,0.0012219115686215951,0.007351696818740083,0.003490813953732749,0.008652100002497514,0.0053692711875948426,0.008154034155699754
2014-02-25,-0.0017329871408143674,-0.0001373720963159454,0.0011804302304256988,-0.0024672504596060193,-0.0010369582546415543,-0.0009883221112085634,5.381710998780804e-05
2014-02-26,-0.00032754772041262466,0.0007282994530443482,-0.005442978231258616,-0.005328878537601101,-0.004003802339217412,-0.0038860629484784347,-0.002946569008257937
2014-02-27,-0.004255565808396431,-0.004676494630947171,0.0018966665643520377,-0.0009035182642321403,-0.00011827630457976856,-0.007626027582666039,-0.004217649448177759
2014-02-28,0.0003654628568163912,0.0018624739877314625,0.0033106944924133175,0.0006526185900540395,0.0026554575097087665,0.010762323060906444,0.00454795585456599
2014-03-03,0.00279757411066506,0.0050570921596805795,-0.02970962062775743,-0.026312974270247053,-0.02694970133634335,-0.03498240906217182,-0.030709043110589786
2014-03-04,0.0008741764085911331,-0.002902725952262302,0.024028011732637546,0.02678960687989914,0.02418272922160456,0.024305635560482743,0.026604422254258554
2014-03-05,0.0004610228084006445,0.0003022944204060538,0.0016599737928654887,-0.000275953769352521,-0.0010583415167492397,-0.004927137745977058,-0.00011482467977211509
2014-03-06,-0.0035726030177551807,-0.000508330407654611,0.010375626680435877,0.0036059598712064427,0.0058558727393851154,8.913710833356381e-05,0.002725917966499709
2014-03-07,0.007929909958463988,0.009341556042900706,-0.008007425320365542,-0.009493500732082655,-0.011526363835677322,-0.020337737084503222,-0.01577636313870453
2014-03-10,0.0016893860495986953,0.0011236074046602443,-0.0035539273145814613,-0.007294138584248329,0.0010117410654118522,-0.00915872916544937,-0.0008144728206682727
2014-03-11,0.005386964452143498,1.3828816686088018e-05,-0.00618903208641931,0.002259810393518415,-0.004843649961669366,0.004553863322718763,-7.759968929282319e-05
2014-03-12,-8.399097977553124e-05,-0.0014978010486165843,-0.0014336196642567545,-0.007331087531729853,-0.010041801048699226,-0.01287826142100112,-0.008798382141156283
2014-03-13,0.00310140975317489,0.0033453626005333277,-0.026655219321659974,-0.013762821826138711,-0.013030802960192775,-0.018774129423990666,-0.015093112109335746
2014-03-14,-0.002909491786258542,-0.002818620131832985,0.00392170631606979,-0.008872074170543894,-0.008064324503887246,0.004273514240907263,-0.004946790115246845
2014-03-17,0.002263708833635846,0.0034306602332643083,0.016737453171836753,0.01109727071322608,0.013098133081677682,0.01365129999071235,0.014718237635937437
2014-03-18,0.0012792557704172705,0.0009743256101407129,0.009576617026669369,0.006312047808980098,0.00962121520202213,0.006693688942582495,0.008022352186564542
2014-03-19,0.0029469356400264536,0.00030648030633230396,-0.013915845466617166,-0.0012592105341971988,-0.0012062440015549506,0.003725786802842246,0.000848800276089966
2014-03-20,-0.004417675380771926,-0.008047481612097382,0.006262201431282872,0.004976289379151396,0.004597082231726118,0.002053534133574969,0.004067894036629695
2014-03-21,-0.001149388829586637,-0.002691068308819494,-0.00296485167903821,0.0013807003967925065,0.0017013665252178707,0.0050239024503792706,0.002454199923398547
2014-03-24,0.002034543561671596,0.00097891349810862,0.0,-0.008029839269042556,-0.01368868210407338,-0.016638988595602255,-0.014174003456080176
2014-03-25,0.0026982473716957254,0.0031366427844640413,0.014140831051607855,0.012542382594937082,0.015725766508015254,0.01615293792123696,0.014222412692319641
2014-03-26,-0.00361927822560429,-0.001438290216428007,0.00023774041964807978,0.009518842721247457,0.009400576959373453,0.01172950074668998,0.010769673196868688
2014-03-27,-0.00514680922919719,-0.0026772660661445744,0.0019018770694084815,0.0042741093526280655,-0.0013897076307495223,0.0002782975709295031,0.0011430792728743648
2014-03-28,-0.0048954459733675185,-0.00295872581512067,0.01133389617292382,0.007996274865269961,0.007326206940610326,0.014285105717713025,0.01226746370684904
2014-03-31,-0.0015967928528039283,0.0007834988526700136,0.0016423400675637694,0.003527911510394365,-0.004489455429800624,-0.0032680496178663435,-0.0034195747375670004
2014-04-01,0.0006051720280990039,0.0016653768207834318,0.010029062733767654,0.005959251843418267,0.0079880976587291,0.004989650480144781,0.007794690804312052
2014-04-02,0.0034061886672837887,0.0014336317462118945,-0.0020907804545159414,0.0012812151279416612,0.0009347132517876894,0.0020440344938002946,0.00034825850417581194
2014-04-03,-0.0017137391529616333,-0.0019293691033437019,0.0011624533070847217,-0.0011086366447399438,0.004159875318102362,0.0005672044304128321,0.006039875892227835
2014-04-04,-0.001474680091042917,-0.0032303382860289142,-0.0020932266199136544,0.004353420211273974,0.00788457187279899,0.006928942569559568,0.00732323872298803
2014-04-07,-0.0003387889589224763,-0.0014399224816908297,-0.004666590761381149,-0.008428843272876832,-0.01086699127457502,-0.019256448485582816,-0.013827537331275019
2014-04-08,0.0010885048414980816,0.0028408233964540954,0.0009355031019280137,-0.003719412079324578,-0.0025392439030293024,-0.0021113522975327987,-0.002611736845314378
2014-04-09,-0.004482432745889298,0.003648447142524785,0.012768310095327204,0.0021093802048016597,0.0040259602199932696,0.0016380964797621696,0.001613133694935467
2014-04-10,0.0010922034044971074,0.004465217246398965,-0.0223939163910548,-0.003700585966660314,-0.0065920247144888484,-0.005464901722944706,-0.009448171410007861
2014-04-11,0.0038011021183009587,0.002260909576430914,-0.004729487724778273,-0.01569854237220101,-0.010850652470417417,-0.014837913207196933,-0.01158658686239897
2014-04-14,-4.8324976038649405e-05,-0.0028980703209830214,0.005437017378956351,-0.0002528023992430977,0.0042741317440067195,0.0025602344861757223,0.004811073438019938
2014-04-15,-0.0021773332217641887,-0.002102331890052032,-0.006148021857627456,-0.0073078347000428276,-0.008982961771984828,-0.01787559448787915,-0.012871612402618223
2014-04-16,-0.00014530499764676144,-0.00037304300096163267,0.012960947592569556,0.008444826952069374,0.013783783063504921,0.01558694895333988,0.01532422080221191
2014-04-17,-0.003737246042135696,0.0010917269907322023,0.0046719766231510815,0.0019426547421386674,0.005917978341650864,0.009813401396860088,0.00525811048306726
2014-04-18,-1.217315971911822e-05,-0.001077831383595211,0.0,0.0,0.0,0.0,0.0
2014-04-21,0.0005104933586813999,0.00022092284394073823,0.0020950352557384255,0.0,0.0,0.0,0.0
2014-04-22,-0.002079897599558224,-0.00146331426406953,0.008567850499316541,0.0038738710485427563,0.011754236875695174,0.020030326461284987,0.013808694850701748
2014-04-23,-0.0007064625350881908,0.0010903923275149465,-0.003927059716590697,-0.002413131416412864,-0.007415547673589238,-0.005839819740181085,-0.0074408235287696835
2014-04-24,0.003102218256875287,0.0006630679110028417,-0.000695187624651877,-0.0006041746159249656,0.006373590390643828,0.0004702549032885715,0.004348283991528478
2014-04-25,-0.0005953765541389268,0.0009263849724542293,-0.008841053000637573,-0.010760278349094347,-0.008048787690499522,-0.015528343792042612,-0.013384688106400401
2014-04-28,0.0007775180448451397,0.0006226545920465611,0.0062898934763852225,0.0022375479438760076,0.003795961273594704,0.004754970809292032,0.005841766831785877
2014-04-29,0.0005827601509956307,0.0008861423143385382,0.008095571435070748,0.011966793049022092,0.00829420247194783,0.014478055055765576,0.013441165323264238
2014-04-30,-0.0035016659581339595,-0.0028357831743951265,0.006199965553668282,0.005206356034218548,-0.002290475912444729,0.0019919746393336915,-0.0032120917024879157
2014-05-01,0.0009495701779030549,0.004014023231827639,0.0020587586390943707,0.0,0.0,0.0,0.0
2014-05-02,-0.0010591995979025548,0.00012479492008045753,-0.007337781705702937,-0.00330085275238992,-0.006532921041623072,-0.00492827569497873,-0.00643010386113465
2014-05-05,0.0010105311990132833,0.0001248652790770361,0.001150420757565147,-0.00449373398517243,0.0010133596956621769,-0.0027790229418731913,-0.0020789632562878747
2014-05-06,0.0008392886753034296,0.00023585228985511126,-0.005763887516020699,-0.0022670451887718272,-0.007787926584680572,-0.006524171987012988,-0.006802661141997784
2014-05-07,-0.0023737385451330214,0.003934598852896429,0.007830474039572015,0.005156370209887157,0.004139979313882617,0.005663295183623572,0.0031317706899840324
2014-05-08,-0.00018286240744603213,-0.0013641967029599535,0.00229115452153968,0.010953649717328413,0.013581281959944859,0.009002301937285266,0.014026105979776398
2014-05-09,-0.0037248168721523084,-0.004857376994374057,-0.006659534644900822,-0.0026090343054445213,-0.006669373591086455,-0.002704717618823672,-0.006327111502566354
2014-05-12,-0.0014203469721161578,-0.006059261029613223,0.010086761427464177,0.004592246278000685,0.0036495961796524485,0.012550499669950959,0.007159995477569465
2014-05-13,-0.0011524574591017336,-0.0002888680965536431,-0.0038848155669388017,0.0021523086993777214,0.0025270675193282176,0.005342051180021768,0.0014987527148235598
2014-05-14,-0.0011045972856812752,-0.003433289915365347,-0.0009164244468590327,-0.0032674287247295643,-0.0008838450336655543,-4.104714058827276e-06,-0.00042356434011724185
2014-05-15,0.004533510044140307,0.0007680273626977313,-0.011758473399742168,-0.00766570025671308,-0.01254432950704591,-0.010132762361089733,-0.014811258505964101
2014-05-16,-0.0016395237167925066,-0.00026060771973013144,0.0037040120397017536,-0.0017254163231119938,0.002550128707332285,-0.0027949187509492867,0.0029987680460997258
2014-05-19,-0.002771168628621312,-0.0009596808304641249,0.00023088228573957755,0.0036972587084423345,0.0030203744090162425,0.003140739905201595,-0.0008892440668535274
2014-05-20,0.0012271287735912747,0.0007676792472735973,-0.006023842777122743,-0.0005986749481646963,-0.0039025948641412006,-0.002104786348150143,-0.0018851066819047322
2014-05-21,-0.0019764196400927077,-0.0007128751744299505,0.00948280668844211,0.005225857734352486,0.003739266156998881,0.006080609362857823,0.007290257448942261
2014-05-22,-0.005112683641685147,-0.001629485181911676,-0.002766263125209742,0.0030730117829552914,0.00205206952383853,0.002372965711496227,0.0001724955934411049
2014-05-23,-0.00030880450932105347,-0.001995525732119659,0.005065630641823298,0.0024713337108450036,0.0033305887723673313,0.004833485001850035,0.004897636794362181
2014-05-26,0.00016059908130756182,-0.0018825634298810995,0.0,0.0042855911322873304,0.007490051323269138,0.012696536516253734,0.011518365781999355
2014-05-27,0.0012098858898405443,0.0016504821672182729,0.012326335369017682,-0.00017207369927477767,0.000622705948568024,0.004840270590799959,0.0011997949725347846
2014-05-28,0.000616668234986103,-0.0010506273560637216,-0.002953775403097249,-0.0021408685314700713,0.00041492197960608566,-0.00016603535608763193,0.0006039457520126726
2014-05-29,0.0027090368211655576,-0.003199562287751592,0.003180712632860625,0.0036883171247273556,-0.0002472081068398171,-2.7118452221951882e-05,0.0
2014-05-30,0.00012298382221217246,0.0008158566795989035,0.003848184877504308,-0.0005646866609301578,-0.0024176465248334856,0.00043950340556362586,-0.0005052944120673376
2014-06-02,-0.0001598525988008142,0.0017292688861119182,-0.0013566110605607424,0.00382362189402023,-0.0008144992550099515,0.0006887299077092887,0.0009857529908183205
2014-06-03,-0.0014398978378050871,-0.002137245513965305,-0.004080665517300174,-0.00039150375387492274,-0.0027052706772173417,-0.003057888273766584,-0.002083581077563756
2014-06-04,0.0019685379187765265,0.0016195314257280659,-0.0002271756018639394,-0.0013223737837916583,-0.0005974534389897573,0.0006983316103070503,-0.0009600623786885511
2014-06-05,-0.0014760400253847256,-0.0012387188529966071,0.01443727256798904,0.0070814758378693,0.01054847451767886,0.0021293782732099047,0.008953236381396733
2014-06-06,0.00035694786629511294,0.004239865486853921,0.008918567776879476,0.005556736364457656,0.007095466467474545,0.003948870049513328,0.008300188063764011
2014-06-09,-0.0007262801960941839,-0.001392534727759818,-0.0022220310573829232,0.005309361072999769,0.0017447747987024828,0.002144394278962643,0.0
2014-06-10,-0.004071831411856583,-0.0036903965755663752,-0.0017813669952283673,0.0009623103943404436,0.001280445712998842,0.0020132251493413327,0.0059079418158692314
2014-06-11,-0.0007173111212046091,-0.003812256526535743,-0.009404429532461574,-0.0033962604424004387,-0.008719106115188623,-0.007907521939053681,-0.007484624393034965
2014-06-12,-0.0025521337582336706,-0.00028430884373080244,-0.0018011797537336753,0.0006994248322128754,-0.00015587247990371173,-0.001117165266412284,-0.0014634987431179827
2014-06-13,-0.008658445927122472,0.001286800991146501,-0.0015797254794644104,-0.0016650843256290756,-0.0024446063408209867,-0.0026023223649651226,-0.0004385305594022841
2014-06-16,-0.0025181361276768234,-0.001219084304879375,-0.0006766409279700789,-0.003653518514284921,-0.007340974250165265,-0.0029186126166527494,-0.006546268784534057
2014-06-17,0.002880899355427842,0.002887733001251756,0.0011285761577120822,0.004932735699197578,0.005752763031688119,0.0036698982647526074,0.004255991814512148
2014-06-18,-0.0007757949396805032,-0.0021565264484265365,0.011887606628378889,0.0021685776195068387,-0.0012573199224728774,0.0010085076585831486,0.0011808240954697129
2014-06-19,0.0006506881831187302,0.0031481006072270603,0.005780103282569539,0.005999105972338056,0.007185436899298816,0.007391295014772575,0.010797829405352994
2014-06-20,-0.0008760365637131078,0.0015233119144290616,-0.005013166819930969,-0.0001914559257805986,-0.004766988347379692,-0.0016767113350637478,-0.003759907805673292
2014-06-23,-0.0005008731046809204,-0.001346583424928799,-0.0034176538151599297,-0.0055429663225984435,-0.005690702462728163,-0.00666265062308485,-0.006007674551772502
2014-06-24,0.0005760197479430188,0.0006527037398267139,-0.00618031076517676,0.0004570827569678913,0.000613249350473955,0.001728199861119316,0.0006791070754225325
2014-06-25,0.003050048346904264,0.0002856703980684675,-0.001148455759382716,-0.009302857061513922,-0.012861327145656801,-0.007101986986423111,-0.00994329832943068
2014-06-26,0.0014841786080122062,0.0017021645773803514,-0.005763735264875889,-0.0027225996604424924,-0.004712294782191224,-0.0063895633739697874,-0.005896283272495087
2014-06-27,-0.0036582561911133052,-0.0011714374209973015,0.0013857410602511947,0.00012167365017612627,-0.0005947418004735002,0.0010468394887758544,-0.0016529366583426736
2014-06-30,0.0017995813730377695,0.0023032375150731353,-0.0009235325523764152,0.005558220162818041,-0.003194283080401072,0.0018220863918512811,0.00012078288044044326
2014-07-01,-0.0008618813430540542,0.003594946985580636,0.008055862388518754,0.005623796428035521,0.008617893489484121,0.00702695119905599,0.009394305496711835
2014-07-02,-0.003141620342869375,-0.0009307023737836352,-0.0022949650497928117,0.0008901281897951871,-0.0036829586585713984,0.0008942685790972936,-0.001984335058417533
2014-07-03,-0.002749160829397371,-0.0020363496989736973,0.006641731627846614,0.008810401155478206,0.010109026046103189,0.011851293472488183,0.011464509548581577
2014-07-04,-0.0027441172620375326,-0.003148855031068846,0.0,-0.0019803319676815778,-0.004665758941959752,-0.002031050872392779,-0.005877877538396434
2014-07-07,-0.0015516316408126524,-0.0015911811686182163,-0.015179702383969238,-0.01099892707260099,-0.014247467773318593,-0.01034495670504411,-0.012166794290492732
2014-07-08,0.0023958364796662817,0.0013053373433097946,-0.014473017592097712,-0.010584128823333693,-0.014455644425668558,-0.013558025818957,-0.014509331425401657
2014-07-09,0.0005035849575800937,0.000803098373753132,0.00796255717039559,0.0017798979858995576,0.0039782455036061395,0.003629084123439848,0.005861550564449602
2014-07-10,0.000792763617595479,0.0018945763704627317,-0.015989464316370463,-0.017447672034499578,-0.01352737505885175,-0.015315220491778983,-0.016529356575620487
2014-07-11,-0.0010571328622989598,-0.002779246762342726,-0.0007106794273234354,0.0005451566507382573,0.003536940150887805,0.0007461615550908629,0.002048297954879112
2014-07-14,0.0001385342983420152,-9.533641933791956e-05,0.006147739473183866,0.007257863742040745,0.007740160746976168,0.011997452219176783,0.00908423925583391
2014-07-15,0.003518902393184521,0.001320493936916862,-0.008046990199753207,-0.006267238326141539,-0.010335891252098448,-0.006522250581099138,-0.010130081020233626
2014-07-16,-0.007050306506560135,-0.0036575867273885487,0.00851842725759516,0.01173745672562055,0.014698738217454765,0.014287148700806657,0.01547689874635766
2014-07-17,-0.0028973720144959904,-0.003103087294461216,-0.020712598165157955,-0.009685192752539894,-0.012191018723494481,-0.010746939265796701,-0.014187181962906989
2014-07-18,0.0018861799902628296,-0.0008250272105525464,0.01171882548492292,-0.0010874462213337217,0.004436254466233633,-0.0034775146944753693,0.002021469282636098
2014-07-21,0.0012638868091322648,0.0009873963019309177,-0.008356408049499784,-0.0017076947979782994,-0.007076336536530392,-0.011170128485998519,-0.00861733278163573
2014-07-22,0.0005051228375914221,-0.00037887285603661945,0.006928951641822095,0.010447870542100704,0.014936372115633614,0.012641321277687391,0.016490289347921166
2014-07-23,-0.0038832994603166283,-0.004373228328382976,0.0021403898360036855,0.00142070023029269,0.0015549806946214214,0.001973481867496259,0.0012252266604736385
2014-07-24,0.001190583105017495,-0.00037704752232523123,0.0082808392519092,0.0035430567900082274,0.007813900324579785,0.004143733071444129,0.00840152941364186
2014-07-25,0.0029704214357199766,0.0001346698260477592,-0.012328288823296837,-0.012616486543089602,-0.018327539114740662,-0.015439062658938268,-0.014098640022019424
2014-07-28,-0.0021099623270831556,-0.0026624936656148607,-0.0016712475657936238,-0.00039530503598296854,0.003278317772186774,-0.004764525766916727,-0.0010840368837016945
2014-07-29,0.0005690090977171022,0.00075240104793088,-0.0014346882030374579,0.00647794704742547,0.004778246099041979,0.005761551119205654,0.005969750936873864
2014-07-30,0.0001390000294928396,-0.002080933172027975,-0.0014368128126207912,0.0015945491505038954,-0.0122797143248149,-0.0062294825117837375,-0.006701543698077639
2014-07-31,0.0011620975936032518,-0.0011258718991288403,-0.02351891865465582,-0.009036646068706196,-0.015460992033497933,-0.019599348423146926,-0.017095784123522712
2014-08-01,0.0006688640437980849,-0.00045536903657983596,-0.009614251071860211,-0.014274417979818967,-0.010264207175544122,-0.0212066224245534,0.0
2014-08-04,0.006513699569990083,0.0029097730598057867,0.005188542685112652,-0.006570073902152438,0.003430034167528973,-0.0060923473523324554,-0.014565491103011554
2014-08-05,-0.0027738488548778775,-0.000510116001848461,-0.018153218564749933,0.006118364417648376,0.003706390626053372,0.0038814722796857467,0.0005665266532117933
2014-08-06,-0.004269820216286999,-0.003711024465589124,0.0,-0.0029412493284151913,-0.006099470341287905,-0.006517589813292009,-0.007130968284812803
2014-08-07,0.001967129765252122,0.000789342755893455,-0.014916102264139468,-0.007606660890170297,-0.013715726047526404,-0.01002488042814987,-0.012366540109572773
2014-08-08,-0.00012600515977017338,-0.0018452091330461266,0.014665290157499677,-0.010070866289671694,-0.00048689013692384566,-0.0032855678482930323,-0.0020099994064745044
2014-08-11,0.006567788447138733,0.0035059792325814122,-0.0007532786104505165,0.0162667049648096,0.011956304534792099,0.018848205174056464,0.013454896036486839
2014-08-12,-0.0021677004664790926,-0.0015136281010066938,-0.005036299573967977,-0.006145132165065459,-0.008502594942730674,-0.012194039063015015,-0.007836885992103016
2014-08-13,-0.00263775880161194,-0.0014044318999147539,0.008046081592243813,0.002659915705139034,0.007809080554183651,0.014167926903082871,0.010658068783393993
2014-08-14,0.007218275152432216,0.00013368331210283007,0.005494373004898182,0.0014410320522092888,0.0025333008271149387,0.002846262858095342,0.0006509267110773795
2014-08-15,-0.00024972973678119006,-0.00029405551867663066,-0.00474342346699327,-0.0012386159974393978,-0.007415568823670375,-0.014467134699417863,-0.00808973131606911
2014-08-18,0.0002372261243162887,0.0019798380651353236,0.007479166644793666,0.011468066993823472,0.013394602085618408,0.016657714689398865,0.013077025385970458
2014-08-19,-0.0024378395887643596,-0.0021936779491223105,0.002480960043457695,0.008465960007118245,0.0056099174113188035,0.009575106606392233,0.005729591209991406
2014-08-20,0.00312441370699646,-0.002935034580590213,-0.00671238094353391,2.4818728698191166e-05,-0.0032159580297544173,-0.0021137997953914363,-0.002464969007848489
2014-08-21,-0.0034999882619334557,-0.004625331915573926,0.012148831980941797,0.006056159855436001,0.012219942588214454,0.009292596639320177,0.01322817657834412
2014-08-22,0.002751042598919525,0.0014198311120055315,-0.009159578817096052,-0.0031841508602229005,-0.009391980831216689,-0.0066550962424746585,-0.008375368607729368
2014-08-25,-0.004254827721190513,-0.0060899581848375345,0.014566375528480592,0.011894945432132018,0.020782829984819482,0.018141185997420078,0.021383411106166466
2014-08-26,-0.0021341845543631976,-0.0007388106821833362,0.007812447503332377,0.00878080522092492,0.01174535290548978,0.00816944091807949,0.010080241856105567
2014-08-27,0.0001256135600477773,-0.001423321434022919,0.0019434199653218485,0.0006294721729220774,0.00042090769564647655,-0.0019251038523258725,-0.0009668626315340745
2014-08-28,-0.00013819825674221792,0.001568470294556384,-0.0077973493685245315,-0.0025444085098000465,-0.006670205460362932,-0.011259983740261747,-0.009438827554885199
2014-08-29,-0.0012449445185117943,-0.0004484387901749892,-0.0004891730319205858,0.002399192229987315,0.0034297193051262133,0.0008039360595659663,0.002584773781326251
2014-09-01,-0.004477168171067608,-0.004341645075290919,0.0,0.002659076413089473,-0.00029907384866727677,0.0009351689904485542,0.0007625356536428134
2014-09-02,-0.001176134335792106,0.0003151396575497919,0.0002443578107547159,0.0018571185913944495,-0.00031968320525473787,0.0029484045787851573,0.0016490042544686325
2014-09-03,0.008944698436237367,0.0,0.011434663088148564,0.005311151446825429,0.009895319054713527,0.012488273952383439,0.012048673623797577
2014-09-04,0.0017417976733561592,0.0014455908556928003,0.003139372557522603,0.010443597416815753,0.01638959659170421,0.010105072227801501,0.017983582586668392
2014-09-05,-0.006292381286207048,-0.016731998034018994,0.00529144870219976,-0.0011392216652954276,-0.0018815955496667702,0.0023377792125071403,-0.0006104540441386064
2014-09-08,0.006405060411622843,0.0015919977790944744,-0.012551980628634654,-0.0012117696489954448,-0.0025799626569972547,0.0011290146364503523,-0.002356781880563461
2014-09-09,0.002625482384292291,-0.004819958652208914,-0.002431188641997632,-0.005244379617088098,-0.005054183432317344,-0.004862173365034526,-0.006789588300938751
2014-09-10,0.001995793468187256,0.003939584429881898,0.0021885474412814705,0.0013137120335375242,-0.00035494770707449877,-0.0010849873711939757,-0.00039140210029962755
2014-09-11,-0.006500871062884204,-0.0019265061825450428,-0.0036512110738108655,-0.0022462311507467727,-0.002224580673096246,-0.0009168627380324415,-0.0019746940722944278
2014-09-12,-0.002574466994645169,0.0005038592020833038,-0.0014640963453377658,-0.0005025591406900537,0.00018019340330921303,-0.004151545538301337,-0.000831148517305737
2014-09-15,0.0020726393812253085,0.0028212894807351867,0.000976925526843429,-0.0003590733170946766,-0.002946975331054115,0.0008803382831250953,-0.0010422877208928142
2014-09-16,0.00037645039286120463,-0.001566850660939781,0.0026794325413608115,-0.000598766567567869,-0.0044083497189081776,-0.002767928460916722,-0.0030898231609179337
2014-09-17,-0.0007780340202296407,0.0014892149301410894,-0.004144049170356493,0.001053595343262585,0.005035948130766306,0.002961511052067746,0.004864399638167363
2014-09-18,-0.00854785058384838,-0.008452434002087304,0.008514399085002226,0.010025186142879887,0.007484213468044307,0.01404262350913558,0.010426017300022246
2014-09-19,-0.00493743879013074,0.005437460413247005,-0.004769170358006938,0.008705046859988321,-0.0007797471823994507,0.00011530952172928219,0.0005744818891058729
2014-09-22,0.0011063712216822397,-0.006105440917241304,-0.0029308221268738326,-0.008705046859988432,-0.004193827441674189,-0.00508674028759441,-0.004829490801193068
2014-09-23,-0.002392333027457596,0.000783657828951279,-0.015034671580167016,-0.0076586838979817995,-0.018905505863522534,-0.015974823835134884,-0.01595168575946434
2014-09-24,-0.0014024400952681213,0.00019273489671494176,0.009392376838542894,0.006164915343170234,0.012394933892538783,0.006952248298736599,0.011808023307759843
2014-09-25,-0.0012766337871116865,-0.005920938697456,-0.019625735126425143,-0.009944430409785092,-0.013329067149077679,-0.015852629443418184,-0.012937779196243927
2014-09-26,-0.0023020864816866806,-0.0016470264398722578,0.006751089117815852,0.0029674089041095003,0.009021793874615347,-0.0020483573306996385,0.005378497855355386
2014-09-29,-0.0010248701006526537,-0.006599094216688757,-0.012285695742463859,-0.0007410271172894654,-0.008381388225138856,-0.007152571443115396,-0.010186609276568599
2014-09-30,0.0012808854419102654,0.0013950373588495434,0.0015126235131099222,0.007053410424441479,0.013259449922530217,0.005438874333824752,0.012156928323553178
2014-10-01,-0.0031282567711099713,-0.004937186992221701,-0.010635857753403557,-0.010358893601552368,-0.011608660872332803,-0.009786662337966951,-0.009609108487612147
2014-10-02,0.0009497666747632199,-0.00032827661446683257,-0.014875825163357566,-0.02571157338328455,-0.02848727790057627,-0.020062412084431363,-0.028141238505360648
2014-10-03,0.005883859964804527,0.003667696755596474,-0.0036239320215871017,0.012160512948141453,0.009166754149862339,0.0,0.008638227480915101
2014-10-06,-0.00031886460749894126,-0.012465922856609534,0.0038824235796728833,0.0025502796142840927,0.0011156957212835777,0.001502845788489365,0.0016899783534091402
2014-10-07,0.0035276184419908616,0.010529220519758681,-0.02325982350969115,-0.013997127376421602,-0.018216835719335182,-0.013478745110708042,-0.018187903900420258
2014-10-08,0.0007370007012049783,0.0017339317370273523,0.01989578231241441,-0.007531223927274151,-0.009793260835396297,-0.010052312788799212,-0.009384947262283753
2014-10-09,0.0013076151004240088,0.005908154794018427,-0.03186594502175074,-0.001984786534103061,-0.006419107715482537,0.0010765850965274114,-0.003563171415751374
2014-10-10,-0.0013965111441315546,-0.004247212033996563,-0.015642114326097786,-0.017486757230349863,-0.016491892653646954,-0.024302875032455457,-0.016888161993870637
2014-10-13,-0.0023275854735341816,-0.0038879125951955125,0.0019006722521749664,-0.0034176971254965796,0.0012241756514554552,0.0026839168561153303,0.0022772207608226123
2014-10-14,0.008243031346360426,0.006632452542418983,0.004061264093933611,-0.0026154397368415927,0.00233870740927674,0.001449204760840798,0.0008900763671792002
2014-10-15,0.00423448406235401,-0.006695738180943411,-0.01414967834697936,-0.03521751166087805,-0.03700735827195882,-0.029117126709072846,-0.036803748074307384
2014-10-16,0.00831586923135262,0.014346642267713119,-0.01518726189835549,-0.009048195140894395,-0.005370066447976728,0.0012766298073944918,-0.006207589165101889
2014-10-17,-0.007888392707010963,-0.0013454146966292945,0.022559333138012283,0.028272771866104378,0.028815548823336385,0.0306760168222381,0.030014841863464554
2014-10-20,-0.004106417183317462,-0.00429301553282247,0.0032594852482531658,-0.006896052246534964,-0.010453172617551462,-0.01508561676189047,-0.011865222440969145
2014-10-21,-0.00037880769340780843,0.003576260554283605,0.01506964132460524,0.025910105449021545,0.02229890430087278,0.01922273209160778,0.021681036323059063
2014-10-22,-0.0037193095099834843,-0.006313681308307219,-0.015069641324605112,0.0038457214538128916,0.005826767666803567,0.005966180299744404,0.005690047631109794
2014-10-23,-0.0013824382377208534,-0.005781229284117251,0.01880227221993765,0.002219712995436899,0.012729639592079553,0.011916218771517557,0.01181940860275871
2014-10-24,0.0015091939518312547,0.0009991804084093232,0.0047780366874385725,-0.001942017789873835,-0.006946264656389668,-0.006599348012283987,-0.004586242767535668
2014-10-27,-0.0018138034309913616,0.0017858754404349979,-0.00957950622095097,-0.0027048750577259883,-0.007819411327536734,-0.009523548790212596,-0.010459186413610695
2014-10-28,-8.891867144719997e-05,0.0019540850857833057,0.016967834198869814,0.015597312320677566,0.003880840934925187,0.01842820094783974,0.01236465672819654
2014-10-29,0.0018647272903498224,0.0029001232904505023,-0.016967834198869946,-0.00039883259650465243,-0.0004936662202957107,0.0016108361838065807,-0.0045324241104852565
2014-10-30,0.0001647344612243088,-0.008321572566705956,0.005067523585168798,0.006485989262619913,0.007416549087895647,0.0035202685562360494,0.004450079594816606
2014-10-31,-0.0013694574925127993,-0.0015400877667940134,0.017928293958123773,0.018674740912039953,0.021936869423280405,0.02299565683180036,0.025181814117944762
2014-11-03,-0.00702863531022914,-0.008778067643115502,-0.012092872470815806,-0.005558546505679212,-0.009270151613969137,-0.00809215464978686,-0.010007120496621634
2014-11-04,-0.0008948507593144047,-0.0005749917841322348,-0.007965908816517953,-0.012942799503040945,-0.015338637733208314,-0.009255108134308243,-0.01572160429558265
2014-11-05,0.002988264773834494,0.004521284310398561,0.005848040389602743,0.016895458286082327,0.01876386520602083,0.016125351437441482,0.018708383197878594
2014-11-06,-0.0034999787144202638,-0.005795091884752446,-0.0007956207787450894,0.006045077929099066,0.004566159042132005,0.006626039313485359,0.0034002913518632882
2014-11-07,-8.954444991716111e-05,-0.00804208271928087,-0.007187596513898065,-0.00417182988505709,-0.008978907582056193,-0.009168094308616526,-0.01204821020728193
2014-11-10,0.003946445859256712,0.006545693217500635,0.006391692236782858,0.008543230961973059,0.007828596452906114,0.006440807993244336,0.009637246214874134
2014-11-11,-0.00066303388758161,-0.0025264936177730552,0.006614279837981356,0.0005300340425935037,0.005026696471072453,0.0018332623643095463,0.0032230012576310954
2014-11-12,-0.0008932521045598637,0.003686118333005689,-0.01728976866648777,-0.00785872927206089,-0.015247296206230417,-0.017015523076497552,-0.018625721208516362
2014-11-13,0.0062234445996454365,-0.0036861183330056473,0.004818176807396931,-0.0012631211531578801,0.0019288907463144687,0.004068357004391703,0.0031126644446250393
2014-11-14,0.007696847885124136,0.0036984444905884704,0.0016007966873670977,0.0013602410590923008,0.0034586581153936307,0.0004789531739863679,0.001043011669541255
2014-11-17,0.005937400186084291,0.0033992720813102516,0.00505241961085762,0.005084525219051948,0.0056095462438996695,0.0057555355848085115,0.008071951596824575
2014-11-18,-0.0037742441269268553,-0.005567667430865188,0.019178454587162195,0.0074347906851752014,0.00854805716711216,0.01600861619245344,0.011483986718947781
2014-11-19,0.0073472949134578865,0.0067576745958032635,0.00026044459466377555,0.0015090843599326047,0.0008934813047781317,0.0017189763387357795,0.000864956567572901
2014-11-20,-0.0021972892183221198,0.00058924481146331,-0.0075730354124242975,-0.002348457775170429,-0.007524382786328493,0.001178462727976511,-0.006717791546766223
2014-11-21,-0.0011379710260947266,0.0003386324802194491,0.01586280378686216,0.015828561832530185,0.026342095421389815,0.025872941703116364,0.029228169267042938
2014-11-24,-0.010819072151265756,-0.013643255446288693,0.013072222055200405,-0.0012996393387179272,0.004867096390105659,0.00542987197968515,0.00545745937102624
2014-11-25,0.0016429416880051836,0.004688673935398437,0.006598972994052115,0.0006382040303145018,0.003170043436909548,0.007703085349666436,0.004489068793658216
2014-11-26,0.0022704357813638936,0.003811819327120834,0.004291356258003326,0.0018650977503944502,-0.002030702133035217,0.00549632194602642,-2.1643437684044663e-05
2014-11-27,-0.0020178686222559745,0.002023924518213486,0.0,0.00418961865183359,0.0020374987892808664,0.005963744734985588,0.005822870338947303
2014-11-28,0.0001767440167740143,-0.0035204305292648487,-0.002017473345982405,0.00025829981814644824,0.0017874759137233925,0.0005992760419953772,0.001850415762688023
2014-12-01,0.005412969271337779,-0.001904839262628329,-0.0015155472689619791,-0.005627943148018898,-0.0029313012441035064,-0.0017388222697848961,-0.005558454977808596
2014-12-02,-0.005072285328296463,0.002553001113484618,-0.002784159859657469,0.011761411930117666,0.002502896525589154,-0.0029581179621632763,0.0016813377364642203
2014-12-03,-0.0011488902080245386,-0.006562569049886793,-0.003554779006482407,0.0003032922255212883,0.0008109325851629873,0.003788832723897493,0.002889231681484712
2014-12-04,-0.0088439299115024,-0.005817956368221108,-0.007661516636444258,-0.011568944347123423,-0.015597304765901678,-0.012151648413425723,-0.017540513092543633
2014-12-05,0.006694091485891467,0.005669276550895459,0.012229687357947789,0.017268849866499503,0.02186654602566515,0.02365091214157853,0.02663159738310928
2014-12-08,-0.0002532706911957414,-0.007502847978101314,-0.010180766538064613,-0.00883117970010303,-0.010005814077146392,-0.00717638010246363,-0.009007946486375108
2014-12-09,-0.003678969940679084,0.0017103537220306037,-0.00873581385752486,-0.020906511790776492,-0.025822621885033304,-0.022342655129528183,-0.02658810839149901
2014-12-10,0.003729689589866926,0.006461619859937172,-0.012726227618881893,-0.00411907868212901,-0.008485783650429578,0.0006145432216034136,-0.0037442529042902074
2014-12-11,0.0031101113780952327,0.0063539098402195645,-0.0020925187903516494,0.00014396880573808605,-0.0004850600392991397,0.006387873607813858,0.002586397188977543
2014-12-12,-0.0049352217860239595,-0.0063539098402196174,-0.02573489339796474,-0.02576266028614669,-0.028060061277230288,-0.027528717454737,-0.029486137902520065
2014-12-15,0.005313829941078009,0.005518596409306962,-0.02036133205229602,-0.025130375320953732,-0.025524268601236036,-0.027549344493298693,-0.027908289527652834
2014-12-16,0.00352688077795585,-0.0016065229248346349,0.010096743283335983,0.019253513085295295,0.021688620141284125,0.024329817537440776,0.02224235979025998
2014-12-17,-0.0007924943629964865,0.005490248721144899,0.015357923000992332,-0.0008176329717661581,0.004560630451795732,-0.002036805783174975,0.0006555249535464319
2014-12-18,-0.003239254232280894,-0.013928575040830933,0.022211496532860434,0.03166507044201734,0.03291135213624983,0.0275525714272896,0.03280473512565268
2014-12-19,-0.0100235559690959,-0.003940731288586331,-0.010996981921442097,0.004623797319025353,-0.0018467094249277297,-0.002459393561069994,-0.003968199308050003
2014-12-22,-0.0025791985346373214,-0.005258723454903546,0.006374327534252254,0.007643329132630606,0.003008512857614016,0.008019269401493752,0.004329572084250847
2014-12-23,0.0029616683221541586,-0.00018342344553128737,0.002908146188332368,0.01223567475915029,0.014129587488123329,0.005695482932846515,0.011834961100295631
2014-12-24,-0.0002549382715550416,-0.0040013557994161555,0.0039522422757605575,-0.0028157366483656117,-0.004440958681678205,0.0,0.0
2014-12-25,-0.0001275315159616438,0.0019376947736993472,0.0,0.0,0.0,0.0,0.0
2014-12-26,0.00012753151596175266,0.0009397628017831247,0.001051559698841596,0.0,0.0,0.0,0.0
2014-12-29,-0.0025533447089459184,-0.0033278642933047666,-0.007911948162934519,0.0030969390826875933,0.0051266983333727425,0.0005057655907963592,0.0
2014-12-30,0.0012902330098586413,-0.001313399404478628,-0.01574426617669154,-0.012493134019905065,-0.016907132107534383,-0.012322869328709588,-0.017862759766197406
2014-12-31,-0.00282537509960176,0.0007051900888287724,-0.008643906859626363,0.006808065657460093,0.006388618692082391,0.0,0.0
2015-01-01,-0.006344463992051286,-0.005228171444292634,0.0,0.0,0.0,0.0,0.0
2015-01-02,-0.0003350327456334094,-0.0007619367162765674,-0.0008141612802877726,-0.005172736521048888,-0.00479997750778696,-0.0041715698050281864,0.0
2015-01-05,0.007165922040902702,-0.011897438565102713,-0.043563558182131805,-0.027221373851853314,-0.03370382977654905,-0.03031440882773412,-0.03663615211032295
2015-01-06,0.001176558025860199,-0.0006210645277236351,-0.011409309782281017,-0.0061267013241552235,-0.00679937694594826,-0.00036953315103972843,0.0
2015-01-07,0.002603929091942776,-0.00534627617400705,0.011692831254401879,0.006783489076710531,0.007132573014134905,0.00511060102180777,0.0012066741164020922
2015-01-08,-0.001454321078012943,-0.0033195730466938967,0.01491502390550002,0.028433655169396527,0.03522670964153751,0.03300920989602345,0.0351520521010802
2015-01-09,-0.002134285382258576,-0.0033794393820058676,-0.015198545377620927,-0.01783847877478408,-0.019225054789903568,-0.019410368265977324,-0.02984374104545261
2015-01-12,-0.00020469434987701067,0.006307137852062381,0.0050917927222299845,0.006762633265089948,0.0116971945734784,0.013731316285774769,0.01347482161733026
2015-01-13,-0.002139288624994383,-0.003306367396404937,0.004785629776434445,0.012776247891890788,0.014566062543024439,0.01613384008995992,0.01597970827522643
2015-01-14,-0.004498413493755253,-0.004509498516605509,0.0030840539071503434,-0.012967507042933046,-0.015749287328748012,-0.012543885465696934,-0.014201242063162053
2015-01-15,-0.0036004888924234817,0.0006480468848150304,-0.0025224420008796568,0.016571281363262375,0.02339325249178648,0.021717088742303874,0.021672005602341417
2015-01-16,-0.009103878014385607,-0.012683432307938381,0.02138075124298728,0.017849718929663208,0.012966075429749563,0.013382045038882429,0.014114292463824195
2015-01-19,-0.0037906122242031617,-0.006148873386060637,0.0,0.005366852415446125,0.003489654425429512,0.007308179785839315,0.005810231418305826
2015-01-20,0.006396443398137059,0.002756573846945433,0.008480340032296954,0.0059778606064122075,0.01155767453372921,0.0014420147598689472,0.0074298791746348816
2015-01-21,-0.008100326498862685,-0.004409093556812298,0.009758732029545006,0.007212652000370268,0.008689003380984084,0.0040961185814760845,0.007616734256206445
2015-01-22,0.005820576377074388,0.005906263803163871,0.00403807501060105,0.015030755235689088,0.015044063675955713,0.013155784749868232,0.01605522120249068
2015-01-23,-0.014383971863220395,-0.02339614797820338,-0.007551186308466274,0.015050229543999781,0.01912066404550371,0.020295496671491803,0.017867249432886482
2015-01-26,-0.01806375380555845,-0.019695673188945495,0.018506867097269033,0.010025293616544993,0.007393895321656857,0.013871037685023676,0.009336767466417257
2015-01-27,0.004422552277010375,0.01092915671812222,-0.003194220667397636,-0.010245324210212282,-0.010951407658151308,-0.015844893193580605,-0.012288591563067486
2015-01-28,0.003801957214789858,0.01058356411852316,-0.024559238850078272,-0.004764232646284866,-0.0028738090457474702,0.007721817805421066,-0.004046662634341241
2015-01-29,-0.004298306078177891,-0.007587187178921266,0.02695575598748182,0.00037581580246861775,0.004433985587118607,0.002508331912133808,0.0038242562309001396
2015-01-30,0.00856505144281712,0.004783451539234167,-0.01906354969122127,-0.004607558681253782,-0.005885923664153639,-0.004063967681586325,-0.006065560114042964
2015-02-02,-0.00279801720639295,-0.002343696043751205,0.017733022992659265,0.0008211621327291714,0.005073694813981278,0.012423485016507713,0.0055553299152862525
2015-02-03,0.006794775832489556,0.002887982175268975,0.02420521162743524,0.011162942062463216,0.010795785593165047,0.005795913431863984,0.012991910381510388
2015-02-04,0.0026336794930127898,0.010145404662095805,-0.021545717678118848,-0.0020643521744344133,0.003925652652702038,0.0018686240139522122,0.0003953601782676522
2015-02-05,-0.014645498276115426,-0.012173604340968083,0.01659468608778421,0.0009228568927968979,0.0014894254191588146,-0.0005418003768292498,-0.001925439233863112
2015-02-06,0.0038819464265340622,0.013446211575507286,-0.0245948314704263,-0.001340642093803728,-0.0026122197206600536,-0.005426737390559172,-0.003173165183415517
2015-02-09,-0.00804830953450063,-0.013830915005197415,-0.008604392503890747,-0.00823724861094256,-0.008552661258699381,-0.017004662462076176,-0.014945604404968347
2015-02-10,0.002367573447062683,0.001109465116006892,0.014211277005318957,0.006277920621129713,0.009537059941599419,0.008434366601663058,0.010512803459210327
2015-02-11,-0.003418612293944624,-0.00044170100234545756,-0.006410430463494305,0.009801960646752747,-0.003470929957200165,-0.00015993037568278533,-0.0026608366506982025
2015-02-12,0.00032347716538119715,-0.000882723133711319,0.026703820604694742,0.004702313454405129,0.00995594080305371,0.015461907213427615,0.012801062599185092
2015-02-13,-0.0014701487616869122,0.008098083044709882,0.004425326845482367,0.00966149602056074,0.006991638415127693,0.003998533726206623,0.008733953910504914
2015-02-16,-0.0014723132816251226,-0.0003419873449920823,0.0,-0.004484090145150614,-0.0015580754747933836,-0.003670730980762203,-0.004153549707332368
2015-02-17,-0.002409064936805189,-0.005808611242167605,0.0020757019173565654,0.0012955738771791756,0.00042921352367146417,-0.0025308726682465492,0.0014959511110617407
2015-02-18,0.006213782072167228,0.006219065644784293,0.0010358987150298196,0.008380464221855939,0.00942945464607635,0.0059826338626681125,0.00792563719709625
2015-02-19,-0.0056719142962011375,-0.00041045440261669463,0.0,0.005271541011851632,0.00711151237309631,0.00372814170652133,0.0064079636486711585
2015-02-20,-0.0018977827628802028,-0.0029256250068887004,0.015161446544824276,0.00012770328581145117,-0.0004925162688532966,0.004416653084707065,0.0007021315805905239
2015-02-23,0.0033863867899613974,0.0012966795108525343,-0.006909437130614445,0.011364349454155449,0.00647877132950685,0.007238501306681207,0.00828809096462978
2015-02-24,-0.008283025238779088,-0.0042703336043747155,0.011489724316668986,0.009883243902105926,0.00495247317866126,0.006699353601901046,0.0077887092579282235
2015-02-25,0.00020453988410088706,0.0005328450956548737,-0.0012701583987892917,-0.0029421988741616437,-0.0008639315438277999,0.0004041126841034542,-0.0015009618622100348
2015-02-26,-0.0022519172829862147,0.0021680953305266886,-0.00586327699327551,0.008199842908808777,0.005800152151849533,0.010375787474190419,0.009318942496036778
2015-02-27,-0.007116332869485998,-0.014026140340517966,0.0038279151788126837,0.0030215078126021888,0.008286287235294627,0.006552904447296979,0.006707652698680899
2015-03-02,-0.0033218196124354593,-0.0038807132980833957,0.0020353618144627445,0.003939091028700259,-0.0069228869481517494,0.000762772918896186,-0.0022002270357325045
2015-03-03,0.004545708690095223,0.0015303346959355403,-0.009706237248387648,-0.011968253047173635,-0.009823709770464695,-0.011458553837730095,-0.011758903963475896
2015-03-04,-4.120637015017548e-05,0.0002794546526248074,-0.002055570629778606,0.00728500621862876,0.009829866242972895,0.009705937592901734,0.009626318455438218
2015-03-05,-0.002297954112235721,-0.008994636203198564,0.0028251034535297327,0.011084571839304549,0.009343317162519038,0.009926520654791975,0.009656201057203563
2015-03-06,-0.0034222571195996155,-0.004522220970351142,-0.02099311452664585,0.00179813063117176,0.00016928765007354508,0.004073742585335137,-0.00016303416330623884
2015-03-09,-0.004697108074832674,-0.017009420131539596,0.004181654400962157,-0.003333176038602667,-0.005483983736435945,0.0026923041553540542,-0.0020310436683148897
2015-03-10,-0.003938175809531903,-0.001159793377558223,-0.02535743209800327,-0.010521939460539143,-0.011253638225833236,-0.007081628496875617,-0.011990348950158436
2015-03-11,-0.010089775722230037,-0.011578674390493175,0.007196964578378434,0.018112730864128103,0.023443040932546923,0.026226981531753076,0.022806152129876234
2015-03-12,-0.005649744195263907,-0.015049712776884282,0.007673291926527836,-0.0005896439167238887,-0.0020870990669857154,-0.0005592442182501069,-0.002254870910933574
2015-03-13,0.010328909938242165,0.007326527593731302,-0.00714217136989839,0.0017071018168575212,0.004627007366254372,0.008625909197613515,0.004080809035877385
2015-03-16,-0.004256649676214327,-0.013709205487791821,0.017369008703357117,0.011206440764345623,0.0100680174570774,0.022112806420226044,0.013728400832630692
2015-03-17,0.003934229755659067,0.008674338979073777,-0.004445477445555856,-0.007315419924848521,-0.006388464131346101,-0.015477011890782847,-0.009375461056592687
2015-03-18,0.00723780372903449,0.0023712366367233243,0.01585893011185348,0.004500398076512344,0.0008923852476066855,-0.004859531276852869,-0.0009917045587967297
2015-03-19,0.00945006057664975,0.0234941858924157,-0.015073065219942549,-0.0012491843743177927,0.0007467785523279272,-0.0019619663698058265,0.0006022307468182926
2015-03-20,-0.003232303092571276,-0.016827025546640437,0.02954937934134597,0.006250430519311031,0.009938194655051708,0.011694111158377011,0.01496353020458258
2015-03-23,0.002017936205075626,0.014670142016394026,0.0045706265023492424,-0.0031505084927977516,-0.006501734895323262,-0.011993376630505329,-0.007280740166547178
2015-03-24,0.010849221129972136,0.010874785980817097,0.005054575342279454,0.002228478610000011,0.006656917408552124,0.009191993830063654,0.00869678755602524
2015-03-25,0.003953280865025136,-0.0039325375004806,-0.007083474719739283,-0.014177736995062614,-0.013312641652437377,-0.01176085392213077,-0.012760137940902517
2015-03-26,0.0024188202134366376,0.005345387331017505,-0.008668976570377764,-0.010777130062889046,-0.0029200459217714097,-0.0018255203517504707,-0.003875536335378564
2015-03-27,-0.005716690846381798,-0.006783444864340464,0.0048538592182025735,-0.0013167044939890666,0.005519701059966652,0.0020791488995379613,0.0025146880771698167
2015-03-30,-0.00195382541621422,-0.00013053642274932147,0.0035613479898669027,0.01827837210835128,0.009777111631959283,0.01817505146122192,0.013169121971565155
2015-03-31,4.100348990817278e-05,-0.005037992599711713,-0.014322398769272333,-0.010730717227291867,-0.009860531254533943,-0.009965070692670074,-0.008193831393574009
2015-04-01,-0.009895631717442512,-0.008540873017487882,0.008720114136811192,0.0012864463971532813,0.005661757091607263,0.0029381381537993637,0.004724610103965064
2015-04-02,0.0026346903826987085,0.002957276753665615,0.010415434631455623,0.004763748154743744,0.0023519146826210787,-0.0028362121064035876,0.00010231999255827695
2015-04-03,0.009719624060094354,0.009316163877554637,0.0,0.0,0.0,0.0,0.0
2015-04-06,0.005035076273084875,0.011941951539813292,0.010558228112306873,0.0,0.0,0.0,0.0
2015-04-07,-0.0033992793862027285,-0.0060653229178221696,-0.006271077615931763,0.02139902202372789,0.015070665185579157,0.012961907548106786,0.014284054372086099
2015-04-08,-0.005613627634941169,-0.010172146205242448,-0.0027720747436901444,-0.01173789479826526,-0.002785773332063365,-0.007256772714825017,-0.006946871953210133
2015-04-09,-0.007134120161587784,-0.0035980022818393863,-0.0025265793285681945,0.009628446138252944,0.013936366203330679,0.010790820788861538,0.01040891131134066
2015-04-10,-0.00013798247118233618,-0.010834236933770044,0.0025265793285680744,0.010305920202887923,0.006030935844294884,0.016975150987284627,0.009204444893121451
2015-04-13,-0.0005520380737983548,-0.00556437038889904,-0.005820353387518484,0.0029335445455242635,0.002603279762116603,-0.002913394085485275,0.003144324501109536
2015-04-14,-0.005120706366574324,-0.0034846413494175107,0.0037998519955723263,-0.005519901924888355,-0.006886856511652884,-0.0090474740906335,-0.011624509693506651
2015-04-15,0.0,0.006992003460704671,0.0032813024268710674,0.0030988337290048396,0.006930627006136831,0.00030583782353453423,0.005013141445270406
2015-04-16,-0.0010412040246901245,0.002782790278670431,-0.0035343093808225716,-0.006028794019268466,-0.005699093249811642,-0.019189822987072714,-0.013720460308437378
2015-04-17,0.0013741141809704097,0.007351252890400624,-0.01760455507719913,-0.018711597587976286,-0.015670156195385563,-0.026189094724355082,-0.0209197845489891
2015-04-20,0.0016354045310067674,0.0050679161456982395,0.003340527328366402,0.01144869127215279,0.008582130587061521,0.01723577028286268,0.011902049084208699
2015-04-21,-0.0018573323203856828,-0.005820546172887794,0.004607025710589826,0.006132152423059458,0.0009730600144196359,0.004000587876355628,0.00036029800080361916
2015-04-22,-0.002194475652152717,-0.0005372106117897189,0.002295411490234366,0.0037839508353715023,0.0035467522526020675,-0.006066311038550632,0.0013729708637470488
2015-04-23,-0.008517818472831933,-0.0014813196868964213,0.0027989419259443365,-0.005392988757750189,-0.006194377361947816,-0.0121904220511822,-0.007170276309427952
2015-04-24,0.0075857716298935686,0.008282392182623336,0.00456264862206412,0.0020059584204907216,0.004342830831467483,0.0074163625302577285,0.004339031520524438
2015-04-27,-0.003415550825579468,0.004976411397304738,0.013565070775967046,0.010323270496352809,0.012886069275820282,0.019146115533172862,0.015360847656687732
2015-04-28,-0.0023908538459265238,0.0008264150689745702,-0.00025005217703074945,-0.014996792326578568,-0.018297315683494773,-0.019077490574744588,-0.014967824018289454
2015-04-29,0.0011611809992983027,0.008345486175603142,-0.01382082781187735,-0.025028541214576046,-0.02624115387048323,-0.03260779657578051,-0.026816311784543367
2015-04-30,0.007244346083574059,0.013150357104829433,0.0025270852288365804,-0.0028860714104195686,0.0014079284242659806,0.0018927835406300929,-0.00042031869497735885
2015-05-01,0.013511879488016998,0.008987238741826697,0.009295384689624205,0.0,0.0,0.0,0.0
2015-05-04,0.011167200259289401,-0.0025648492814611475,-0.0042600298454362326,0.006782333322470552,0.007006025401910639,0.01434262957189503,0.004787146243179616
2015-05-05,-0.0016264041335269873,-0.0032944063047326937,-0.01927017345247888,-0.017581483669689747,-0.021460640845304628,-0.025465548567929836,-0.02406408557114695
2015-05-06,-0.00020352706735636607,0.003327975519527869,0.01347707948017494,-0.00928436568709337,0.0015107026982133028,0.0019817337374544216,0.0032288930188743604
2015-05-07,0.009385330323374194,0.013775355917792378,-0.004810381929400326,0.0013167211366709496,-0.0028887150953950335,0.005081215851015367,-0.000511669103539362
2015-05-08,-0.01899649827626754,-0.008368926256090859,0.02332937579148967,0.02477515597423854,0.02449410458453782,0.02610795019258733,0.025889326298199112
2015-05-11,-0.00659708494043913,-0.004712598588704311,-0.012725899889785444,0.003985590891223823,-0.012358016820047108,-0.0031117276773896464,-0.00689319415028618
2015-05-12,-0.013885241736664522,-0.00444541589227636,-0.0040261480051939445,-0.007700805636699878,-0.010641461744330321,-0.01736339645183075,-0.014257898523688077
2015-05-13,0.0012296728466282688,0.006888684738586101,0.0025183729314682776,-0.0046737652893647594,-0.0025743538582053385,-0.01059866945457266,-0.005523095635809631
2015-05-14,0.006985879658412663,0.011432461064799745,0.02115236353958288,0.00818519370655634,0.013502166526138644,0.01818895264727179,0.0
2015-05-15,0.002493077101182755,0.0047899727089588595,-0.0002457585106091894,0.0005500718630027815,-0.007081696657768189,-0.009804987627932513,0.005514691330796651
2015-05-18,0.005504334009958757,0.0035075168488019185,-0.005928765402236459,-0.0016511864209313059,0.0036957856109793245,0.012781565038276994,0.00450971117516133
2015-05-19,-0.00550433400995864,-0.010440419164911752,0.001980184831089206,0.018255283222172923,0.020730019672370467,0.022096950721297366,0.02239844618774684
2015-05-20,-0.00636963452721621,-0.01597756493461942,0.0029629444793324313,0.005434147022502021,0.003121771136062088,-0.0004101251103864216,0.003524605481133533
2015-05-21,-0.005794166627413027,-0.004126789020246717,0.003690928172463224,0.0002988075110036536,0.0026070813647980228,0.001359598462853827,0.0014215542582953135
2015-05-22,-0.006828519786356889,0.000999501942301675,-0.010866916800926513,-0.00031869064983201047,-0.0007405656872501571,-0.00418758352297266,-0.002600506443295156
2015-05-25,0.0013948158451147683,-0.010753766006082483,0.0,-0.0014954689647775873,-0.005013668258076965,0.0,0.0
2015-05-26,-0.001817843677501126,-0.0019878565301065165,-0.026164574361180772,-0.009604197063933199,-0.006593659614523323,-0.016201613057116745,-0.01639834955547714
2015-05-27,-0.0028389878293294483,-0.007530607610023686,0.01568033941158821,0.014342076164517712,0.019285435586966403,0.012480789379208329,0.017411720883048695
2015-05-28,0.004107618809091533,0.0010240822139052667,-0.0020094668394682906,-0.0025453378475433414,-0.008662486025730557,-0.007979978934664097,-0.008770712821899444
2015-05-29,0.0077176542243923086,0.005519651348569679,-0.018782752378620073,-0.017433646565693718,-0.025616130540937712,-0.02284500530823396,-0.02213759099947738
2015-06-01,0.0018294562459220977,-0.00021918382883109443,-0.0010251706363632168,-0.0026577095645744175,0.0034704187887683352,0.0019457002675669134,0.0011923082947908781
2015-06-02,0.002577926175829071,-0.0031945441674160616,0.010206840665517443,-0.01174981589317516,-0.004155607756791833,-0.009422490843576914,-0.0036851031162960135
2015-06-03,0.01126456646282287,0.020570519995353528,0.015117608748993087,0.0025455553382817764,0.0059191439525340785,0.007984800293607486,0.0061380170068940695
2015-06-04,0.010499231037491516,0.00962402252899677,-0.014863505747140527,-0.00503578896844529,-0.009388080483055191,-0.006943766471965744,-0.007686149078304604
2015-06-05,-0.006653617472470886,-0.004448153437737399,-0.01534532928854018,-0.012253055495369446,-0.013401597174073333,-0.012729855988087822,-0.013124251374523522
2015-06-08,-0.002745333539267644,-0.008937435466511465,-0.0020641721130224763,-0.00890515142325844,-0.012902100681202669,-0.011879580108158358,-0.011951428744732635
2015-06-09,0.010528526026776678,0.015436691791918054,-0.0038818022341303377,-0.0009054098047420587,-0.001532763606151895,-0.005767194211300727,-0.003327036431305749
2015-06-10,-0.0018379033913794428,0.001603148481557447,0.02812067535357965,0.014119357768488846,0.017310358258224957,0.023722620383160573,0.019959776683285115
2015-06-11,-0.005808195554164445,0.0011418484431849935,0.0030203037597201794,0.007099038672160431,0.007361012319733791,0.005964272771133665,0.0071852614604346315
2015-06-12,-0.00673871530076759,-0.006326003998797131,-0.014173568702113391,-0.014792912921909627,-0.014217458799581063,-0.012099078095747156,-0.01393137259817742
2015-06-15,-0.005257310101265906,-0.0018416999282599,-0.013085608177056056,-0.010245700508289652,-0.01766724040126473,-0.019072407314937243,-0.018643802317031225
2015-06-16,0.002770432979691773,0.005072973666452048,-0.002068577017850132,0.004809828718262592,0.0050749860237124895,0.005360228370555343,0.0046487742649359825
2015-06-17,-0.005966023158247912,-0.0031076245602327905,-0.004669306434153073,-0.00762632075460955,-0.010225902607649938,-0.0059940186241004365,-0.0073603789478568216
2015-06-18,-0.0018106799669101866,0.011317102775775476,0.01829242271535158,0.002985621867641948,0.0026807873280311214,0.011077957694327454,0.006305960540428001
2015-06-19,-0.001674369491136596,6.814742282183998e-05,-0.005668574934276332,0.005187678169230207,0.002472258670036318,-0.005438053988285523,0.0015493498574437829
2015-06-22,-0.0003910316521136912,0.00019340854312802777,0.037788712623551414,0.02961415941486812,0.037346936601307286,0.03737227695572276,0.03978760847658403
2015-06-23,0.0012286084194918488,-0.0021018234919251122,-0.002273364426851709,0.00961225670572999,0.011748068455029253,0.0071330038786965476,0.008280229136202077
2015-06-24,-0.009533221944693795,-0.015707869466468967,-0.008378404126613306,-0.0037079825605617796,-0.002440868514298304,-0.006194587767191761,-0.0041509485416731644
2015-06-25,0.004735896960090231,0.0031106374749242938,0.0017829861560990975,-0.00046696068191975064,-0.0007217438690007892,0.00016301302586778222,-1.1088296715365483e-05
2015-06-26,-0.00262522159392703,-0.0003585326880844614,0.004063814060830698,0.004215369188772819,0.0034571202765933604,0.0016807610693602942,0.002892645840448122
2015-06-29,-0.017298032848330983,-0.020557530003985847,-0.04616990172899292,-0.03565559027873615,-0.03814548345215603,-0.036258064650420974,-0.043014926972103226
2015-06-30,0.01982506035676395,0.02234041188051138,-0.006391526782785218,-0.009623877713908149,-0.01648473435179282,-0.012550500898079086,-0.012940427145855575
2015-07-01,-0.004919519143675627,-0.00786995923882678,0.006125964843152782,0.021457580655760887,0.019226477851335425,0.021291224435546752,0.020802468975659065
2015-07-02,-0.0034439619304765584,-0.0091444211248127,-0.003990822580082008,-0.012231984999131239,-0.009801726383338314,-0.007284676594455852,-0.009492099942904675
2015-07-03,0.0038665726068335474,0.004822250827471875,0.0,-0.005929944384539102,-0.005669958505729336,-0.0036971287654303797,-0.006224483263107817
2015-07-06,-0.004375725826922619,-0.008324825272776826,-0.03720754797603196,-0.014638221294165149,-0.02031217115555351,-0.015286608335353941,-0.022495589107946693
2015-07-07,0.0017101993694130205,0.004893832375966082,0.0024873897613582846,-0.022969079968457522,-0.022950306337544787,-0.01983146019532986,-0.0213270892483586
2015-07-08,0.005197530512530976,-0.003540463724615513,-0.012777588396069796,0.005242004480605039,0.007438620797377676,0.006583226507655586,0.010060978350691408
2015-07-09,0.011593127388620126,0.0055312378423183215,0.023484790255056457,0.023531494629249264,0.02516036793293131,0.022914328039838953,0.027428060244998023
2015-07-10,-0.0008335376394315859,-0.000719325532484412,0.05343473308959036,0.02400891733944802,0.030197994511763526,0.028616075379420475,0.03131138870137293
2015-07-13,-0.0031181324051667327,0.005947458116812767,-0.0015546430730952372,0.01752349336931503,0.01919635606527943,0.014802895540734107,0.01731123321342175
2015-07-14,-0.01059607207540013,-0.012530463436316726,0.006718454694065777,0.008010294484229635,0.006853100199209594,0.0028277147267729706,0.004657106197061528
2015-07-15,-0.008206057516494985,0.0015949153380938235,-0.0033532873126419843,0.006640000461753541,0.0029306457118807834,0.0019742556979617694,0.0046134882663208775
2015-07-16,-0.00584167097257294,-0.005871975078522234,0.010027036491162843,0.007774509325566166,0.01460575922888279,0.015230463966160136,0.014394160733394005
2015-07-17,-0.003894395707189412,-0.005271865310069692,-0.0043587412300799015,-0.0011583662591586044,0.0005641553358153138,-0.0037058196156010744,-0.0016523838703707678
2015-07-20,-0.004284130444178866,-0.005135896514216152,0.0028222100218880577,0.003291728602231535,0.0035259233095015306,0.005322703243997098,0.004414895430725892
2015-07-21,0.0023024437654066855,0.00047671267245076127,-0.0017948088979636734,-0.006634405092261493,-0.007009532001083282,-0.011218370245742768,-0.010531123672404354
2015-07-22,0.010438386436254598,0.009602785990565396,-0.004115292874650811,-0.005307214603063352,-0.004710906948645557,-0.007275982279223897,-0.003399416950539684
2015-07-23,-0.0048481882718573385,-0.0011808076001654936,-0.0005159181802054827,0.00046351222739883567,0.0008201953458029472,-0.0007432511928585809,-0.0002586401940806792
2015-07-24,0.011794106975121251,0.005654226962210038,-0.010367582576775954,-0.012794297469366422,-0.005792618953744406,-0.014406489030700109,-0.009576193924964916
2015-07-27,-0.001696537514455707,-0.0015153177743711492,-0.009687306922643394,-0.01753929343958027,-0.025992507058199332,-0.025983585142766646,-0.02443497908693936
2015-07-28,0.008173592793584442,0.010667031779729927,0.010988931562547457,0.008787493813176773,0.010039484329686012,0.010572129424817521,0.011605844144131744
2015-07-29,-0.005248837661574448,-0.002171333388186789,0.0007800557707655137,0.007220139953900923,0.008028273538766818,0.003389609273708267,0.006008714580477046
2015-07-30,-0.006894769398538581,-0.0074307844230215424,-0.004168438914578814,0.011945786878812314,0.0057592337264103675,0.004032297176585978,0.0023074854460432533
2015-07-31,-0.004128419957503825,-0.0040886157368478495,0.007284184756342059,0.00012115823341719236,0.007145816760355292,0.004594488335726991,0.004704566944322499
2015-08-03,0.001140595451191756,0.0027165152698595996,0.004654434426147452,0.01044539089533364,0.007431117929486571,0.011843078662861746,0.009593641844174225
2015-08-04,0.0008546360746598951,-0.0011838816679125206,-0.005951526607995292,-0.0008196385477875005,-0.0016378702229678727,0.0010786637880907896,-0.004435703210159027
2015-08-05,-0.004423261161889615,-0.006138438595033697,0.011867973393338158,0.00689593559365209,0.016411447882851964,0.01560975775860064,0.015745793674171542
2015-08-06,-0.0010014979814070748,0.0012966808782204785,0.002049802218259776,-0.004478911749985441,-0.0008894385824728888,-0.004409749590795191,-0.002254536375258291
2015-08-07,0.007856307343499803,0.0021939166953536663,-0.0010245071525871,-0.00926011918851371,-0.007221519598328666,-0.008170423202531476,-0.008395556676992369
2015-08-10,0.004802971169414552,0.0034698670125750844,0.014246127690439373,0.0068831320052505085,0.007856953864369687,0.009867772985018272,0.010157673310735145
2015-08-11,-0.0010181358256986972,0.004726078634827191,-0.016040936588402888,-0.011424145220418586,-0.01872529012401619,-0.027176450310901507,-0.019137344306993726
2015-08-12,0.0024306314333957676,0.0022721040757417775,-0.010579394199331262,-0.03486733234730039,-0.03463866728207585,-0.03322258086757719,-0.03410073808069185
2015-08-13,0.008432913218631927,0.010712777255804502,-0.008597347126776159,-0.0009011289085587566,0.012392851345086251,0.008206303907796543,0.009067905586253745
2015-08-14,0.0,0.0,-0.0026196808072349856,-0.006520247670815056,-0.006110630330558674,-0.0026809600888450785,-0.007169783251110274
2015-08-17,-0.00810840030268524,-0.006108663255521878,-0.004206234688136018,0.000864748982848377,0.005705479037441882,-0.004087450189972521,0.0019659305005699564
2015-08-18,0.0026350985410224553,-0.001352483812664581,-0.00899706305617642,0.009881487260225547,-0.0027279986581711007,-0.0022337012432946,-0.0007206975032444111
2015-08-19,-0.009160941373439636,-0.004266964851350222,-0.008274568123749947,-0.020607150580878864,-0.017686266485712893,-0.021648106269258553,-0.018928424516758004
2015-08-20,0.006765669095753354,0.007873855973152174,-0.025791882624107042,-0.02169380272170891,-0.02080214320515603,-0.023677901303930667,-0.022515031687393293
2015-08-21,0.010021615233302094,0.01064079168330274,-0.019439747668355076,-0.036144278875056855,-0.03241218910331271,-0.02993610123430482,-0.032187039960712836
2015-08-24,0.013262852005274281,0.012380699998706527,-0.028154951521421723,-0.05378376356252469,-0.054932360780374404,-0.048164982737403134,-0.05503041488064777
2015-08-25,0.012531363723278172,0.017953830837384836,0.009473140184494647,0.03970814597291003,0.04054945753413224,0.04852054981783668,0.045982007164198396
2015-08-26,0.0015775581846038528,-0.002776123876240186,0.022320589494219247,-0.018373268852463726,-0.014077156000374468,-0.012987696537517562,-0.014801319990508236
2015-08-27,-0.004781013561271711,-0.018426171253778,0.011666812815214086,0.033554672287969725,0.03431419214709474,0.03133123401204447,0.034119368803121504
2015-08-28,-0.003583668955529713,-0.008154170208421229,-0.009433798562527285,0.005847194663567805,0.003632093128452176,-0.0016580695630364825,0.0017693719116970107
2015-08-31,-0.0033491237807643853,-0.0030211537012615167,-0.002791618154094551,-0.0020875498573635163,-0.004755475749106002,-0.003800990183736309,-0.005173787025622173
2015-09-01,0.0043351874973184615,0.0010547203374023822,-0.026056616300672963,-0.026180697718651374,-0.024318948592966683,-0.02405928964344197,-0.025054080539977455
2015-09-02,0.010173958284203678,0.006001322367030283,0.01396245259886588,6.919415386076028e-05,0.0030254298560122503,0.003237653062578027,0.003171817635922349
2015-09-03,-0.007439802300545575,-0.006876618169878343,-0.0005666614714831279,0.025032317791368674,0.021473999492005128,0.026495854287112798,0.02202300442844642
2015-09-04,-0.004926794222250446,-0.00806532276265567,-0.022331219704470683,-0.026463351197006508,-0.02848875479301257,-0.027492540703582508,-0.027857724289136406
2015-09-07,0.006563625461331198,0.0023391370417215353,0.0,0.005895640381715017,0.005854944016526318,0.007005690748813909,0.005556414289454114
2015-09-08,-0.004234081336346981,0.0010712618734940818,0.028822467777687703,0.009097438538593622,0.010629781092456875,0.015971903215448197,0.011154088430601996
2015-09-09,-0.004114696556116668,0.0038812977792104116,-0.007907637838973709,0.01081776378010387,0.014321988311788606,0.0030872994241128225,0.011113549935371541
2015-09-10,0.0038409476430281237,0.0011886876448424237,0.00931287930971771,-0.01828623943187532,-0.014698284143163346,-0.00903600502610602,-0.015048561891643034
2015-09-11,0.0005063969743978065,0.006235746284049337,-0.0019681942293286827,-0.013803784234207757,-0.010455702329342524,-0.008545430124527213,-0.010360379024088984
2015-09-14,0.0047371828506378565,0.004696768975418549,-0.009331312785180398,-0.005477181095601861,-0.0067433255240272084,0.0008077554601693759,-0.0038719960202271394
2015-09-15,-0.001826645547773526,-0.00321657637933327,0.007641344867692063,0.00992994222547265,0.011272769057922174,0.005550211971676395,0.010020098622354822
2015-09-16,0.002044505432424447,-0.0031724888166512403,0.012606758428579157,0.014587075737194928,0.016596796426932504,0.003828506031115961,0.013682601571318658
2015-09-17,-0.009302387352714646,0.001793859106660745,0.008869440649696659,-0.0019859961382222846,0.0019998529376305915,0.00023171936492270712,0.001229335776351415
2015-09-18,0.006370534823862007,0.009599021060692499,-0.03780612476468338,-0.02384065145643673,-0.025959496208702627,-0.031117765701018187,-0.030717714293147153
2015-09-21,-0.007057911990867543,-0.009599021060692518,-0.0017244734531044015,0.012742535109907012,0.010886632391396466,0.0032570023161168243,0.008647116421991122
2015-09-22,-0.007731690059505987,-0.008993020661598322,-0.03214766432203083,-0.030068582072344075,-0.03483601957509614,-0.038720582724485614,-0.034718041611124746
2015-09-23,0.003735261758337107,-0.006291828337582641,-0.0023786584478201994,-0.002049853805331265,0.0009750924619738561,0.004374645759939749,0.0012800247949017395
2015-09-24,0.012896337208396018,0.006202238453062305,-0.004475684214113462,-0.022341661218098323,-0.01949700901761832,-0.019431067768105593,-0.0198880534906715
2015-09-25,0.0006540883699194486,-0.00098420599399791,0.009820015051454791,0.031083622892489213,0.030229176990702145,0.02729697690920686,0.030599965706964594
2015-09-28,0.003576306744140963,0.0020366200096589206,-0.0176257060232995,-0.025099460456713334,-0.02797521384804925,-0.021384041682528363,-0.023964990627430675
2015-09-29,0.00513125377109468,0.0026134625229994684,0.004210557141571103,-0.0005094962072348133,-0.003061756521379158,-0.0035015881621410635,-0.0031568193574094887
2015-09-30,0.0025625711073764797,0.0022149734776488374,0.015781294943743644,0.02167508629295312,0.025358741462860067,0.02198213033404162,0.023101742686925563
2015-10-01,-0.005145202766880373,-0.0074796900146919185,-0.0032551140826820395,-0.005500277144646803,-0.006473913632697232,-0.015774231226413235,-0.010250108608164112
2015-10-02,0.0009608436029092513,0.001912209736439254,0.016461224475966586,0.008913668601211101,0.007279337800180046,0.004597592420078268,0.006213815116839478
2015-10-05,-0.0006765758520827475,0.002993149005734862,0.023055891397245724,0.03332557577756798,0.034825875914656475,0.02702783414266476,0.0325612342234553
2015-10-06,-0.00010827526390370162,-0.002836394471725679,0.008228325327729427,0.008705433946915671,0.009429344045567684,0.008930147109007748,0.00926620406392811
2015-10-07,0.001663659548681131,0.0064805645506604915,0.009281289238136968,-0.0002950264586027555,0.0014364756779768563,0.006800159942716781,0.001957597538417377
2015-10-08,-0.008482423109013015,-0.002487149252157135,0.005026660424168664,0.003376101325462715,0.0018345468447615997,0.0022711413217235974,-0.00044639935166458823
2015-10-09,0.0017703237612466968,0.004167448837163841,0.005555844447182022,-0.0009731314297749967,0.005434409132820698,0.010306810791027963,0.007829859477845947
2015-10-12,0.00920916013606688,0.007329512343022761,-0.002496140477412495,-0.003629370291619159,-0.0027028385633989255,0.0022981781979941373,-0.0009172501446619466
2015-10-13,-0.0020241697490598937,-0.0012726934624083094,-0.01004776990218983,-0.004098805278375959,-0.009712876103307696,-0.008635122884308476,-0.008054339099977223
2015-10-14,0.007804141790974927,0.0025924593986939803,0.00419845397882575,-0.009007917340502342,-0.007425147979164113,-0.011727302537773336,-0.009265825038298377
2015-10-15,-0.006454266944434194,0.007921078428440172,0.01221595224812299,0.021367079435924623,0.014273825149747513,0.01490972105211989,0.014693016327089583
2015-10-16,-0.00907924026759996,-0.009400012897170327,0.0016540882177547946,0.009331964972292234,0.0058647566652421995,0.003929741969347142,0.008032305571654325
2015-10-19,0.0013603418284772963,-0.0006250706607294275,-0.0016540882177547044,0.0032324163696766037,0.00027209614743835085,0.005908611903262209,0.0021753534917826997
2015-10-20,-0.004632748574981938,-0.0028248710244674503,-0.0035935547271456008,-0.004550652693396422,-0.006453456649553305,-0.0016374453843128031,-0.005000215184999031
2015-10-21,0.0036806955253424717,0.0022002493549996794,-0.0008309826961328402,0.005596157071000121,0.004544835067010921,0.008870940228780027,0.005058263341855854
2015-10-22,0.00108800981397728,-0.0005221643768558413,0.013215661894717673,0.018045110834543677,0.022550585594979387,0.024494159251195784,0.024416601724673997
2015-10-23,-0.021432370977411935,-0.02381738826847203,0.010881413910780754,0.01534121798873554,0.024978104043117497,0.02843027773949513,0.021449651782865547
2015-10-26,-0.0009307985921353604,-0.00548104755284386,-0.00298073468485544,-0.004698673865567048,-0.005398826822219634,0.0006297316848501844,-0.0032775727527071157
2015-10-27,0.0010696815955951282,0.004130108641989425,-0.007627222046926629,-0.009638634265519523,-0.010274932887085576,-0.010156577440525831,-0.009885900140041076
2015-10-28,0.000555256493985312,-0.002619226557564859,0.005454193770547519,0.010372904216487544,0.008936559418453761,0.012987411193315318,0.011784755122717098
2015-10-29,-0.007102615756502643,-0.009840625188651057,-0.0054541937705474275,-0.00047506203668755723,-0.0009738256065613848,-0.0028771253777386827,-0.002253338540071014
2015-10-30,0.0027077381537282553,0.00591915423892352,0.0013664445959921969,-0.0018808474396274021,0.002420475707138124,0.004554056310423306,0.001416966631748833
2015-11-02,-0.005086503791619585,0.002917677381930443,0.011673641076827036,0.005309155675028705,0.0037803285670348734,0.0092226837436209,0.004748487142833182
2015-11-03,0.0005741707156043619,-0.0009037246235673501,-0.0032442010194643676,0.004874277280028017,0.00405388782129838,4.3874777824122115e-05,0.0023788633071829997
2015-11-04,-0.004617127613102275,-0.004736716343411822,-0.010890372289829867,0.004253531040218546,0.0024502819224266528,-0.00971821359015086,-0.0010229880142948462
2015-11-05,-0.0068596636312688915,-0.008787217746186592,0.0027340111931442,-0.004789178375818982,0.006395860730512269,0.003911111431516519,0.002419197231101876
2015-11-06,0.013141590799188826,0.0014681930105341625,-0.002459979596762074,0.006898525898306458,0.0008249267704615502,0.009169116275333494,0.005992172259412134
2015-11-09,-0.00331833148934592,-0.013931956563694949,-0.013223508036089878,-0.010311966833111391,-0.01475067102893861,-0.01583083789090331,-0.014477664131774181
2015-11-10,-0.0021199186198018714,0.002428788339518725,-0.004168545234827201,0.0004085151515476304,0.00020160869490865854,0.0015769921789976194,0.002057289383259593
2015-11-11,-0.0034069779140754714,-0.0020422502320261928,0.002781291335813291,0.008561695911107853,0.00818067603321005,0.006931880143649643,0.006697907766031579
2015-11-12,-0.003036617023645545,0.0023650527187023917,-0.012575602596716057,-0.02012878017446383,-0.019545591729887166,-0.011548062625103116,-0.017764921832676035
2015-11-13,0.0037414366306072573,0.004822630486338896,-0.010459457514296697,-0.013794872475005385,-0.010078041249173105,-0.006907978484958009,-0.008016832052215104
2015-11-16,-0.009259195314305538,-0.010692750373652691,0.009052612002216666,0.001630289299531126,-0.0007573945766362638,0.000450953360046275,0.00047005990933545643
2015-11-17,-7.104723457134699e-05,-0.0011228693571087788,0.0033734975389459504,0.026608000389855363,0.02730721645113816,0.02377960731772549,0.02633193637053921
2015-11-18,-0.005133995707005851,-0.004138275014857699,0.009775375103818545,-0.0013083873054677518,-0.006214922417335987,-0.0010113400787393116,-0.005816526301204317
2015-11-19,0.0009860356996608814,0.002450988884636416,0.0030522730640328375,0.0065673759158190745,0.0017063812163553831,0.011384837034919786,0.004944169623890986
2015-11-20,0.0021402740126850914,0.005252744456065196,-0.005556678031854327,-0.0006611941453578173,-0.0008405970900552127,0.0030974336403776326,0.0010200916037840736
2015-11-23,-0.001783271785673522,-0.007969876742935606,-0.006149210245352279,-0.005369764373537076,-0.0044591698896468916,-0.0024779712652800456,-0.0020847336437724994
2015-11-24,0.004274454030407981,9.577945862803017e-05,-0.002526126827325449,-0.010544878941506599,-0.014180379070252769,-0.014375729366789745,-0.01040436514662866
2015-11-25,0.002910358826204103,0.0001703639436059141,0.006443548826989508,0.014590942044167608,0.014971643378328089,0.021314126664097703,0.015268793547129227
2015-11-26,-0.004119622896794069,-0.0017759653496997336,0.0,0.008869437223019798,0.0107796002424779,0.013448616263360458,0.010504833974480357
2015-11-27,-0.0003274761466628641,-0.0019319968703760816,0.007788466277542559,-0.0001481915830992038,-0.00321580376305632,-0.0023887102060294644,-0.0027563452745942387
2015-11-30,0.002034232812357749,-0.0020233683872846395,0.0008313900074865299,-0.005628245818950311,0.005554359415523573,0.007803068453422819,0.004991822484293457
2015-12-01,-0.002561186165324979,-0.0009520531335437165,0.0027644362470514794,-0.004696609329255572,-0.008725692689186253,-0.010686646709542138,-0.007675306447250264
2015-12-02,0.004009638253943488,0.004992348211680542,-0.013900888246477477,-0.0005565396754584941,-0.0017861025008237706,-0.0063444940524409925,-0.0031604823962658422
2015-12-03,0.007210788446690238,-0.0012105663794157561,-0.009563865501739927,-0.037387904819341136,-0.03644038645082647,-0.03647290481846446,-0.036797993281601854
2015-12-04,0.01605765224928192,0.02814535106681541,0.011800913972313995,-0.006667852616797808,-0.003265206050830324,-0.003448314921195489,-0.003772829751778003
2015-12-07,-0.0016789590381049598,-0.002932119161395868,-0.002796985977822976,0.0034175058812997566,0.008788830187506556,0.012384765121525396,0.008805956538867342
2015-12-08,-0.00041668197159376347,-0.0046041501705232305,-0.015810697327560352,-0.015392365827963083,-0.015797777191429913,-0.019712446748386393,-0.018850997109351814
2015-12-09,0.008204658195213082,0.00551883079155255,-0.004563211703405801,-0.001722411085582755,-0.009530749347833746,-0.00762808479534728,-0.006160024540941404
2015-12-10,-0.0004548605982469503,0.011317326529582651,-0.002863158334425343,-0.006851156906289521,-0.0005155317613542788,0.0006077415620983726,-0.002211637150978534
2015-12-11,-0.004614914688478937,-0.006359136923268454,-0.018519047767237527,-0.020163532250154586,-0.01861861869019063,-0.02472739292679184,-0.020627381778565147
2015-12-14,0.0007475232915581998,0.0032678696551226723,-0.0017538408615930092,-0.01986509106891342,-0.016955603386229798,-0.019602738338764802,-0.020172690520414305
2015-12-15,0.003495183389247671,0.000824166646554093,0.011345661387400872,0.030366732031686515,0.031106893022215545,0.030215438295333352,0.032058544335548236
2015-12-16,0.002424218334950801,-0.0051753829505153375,0.0180596381733004,0.0004610741589602836,0.0022231726692421177,0.0018049916973393032,0.0016244713656283368
2015-12-17,-0.001087412865538123,-0.0056597664993413435,-0.009419046180585002,0.011778355047871832,0.01136733888300663,0.025356716246895825,0.018217401195018173
2015-12-18,0.0001376533617193299,-0.0028018158381321384,-0.015176677178452407,-0.011040993942964783,-0.011239804129613588,-0.012173653317646315,-0.013933125289195962
2015-12-21,0.0039580569774909195,0.0023778158541476377,0.0037938483475777936,-0.013145994305070022,-0.013076798818866916,-0.01046357579619714,-0.014739825379466887
2015-12-22,0.004406748853982252,0.0039535271591315735,0.006098150817688394,0.0057943968021345075,0.0005321881167291171,-0.0008595548005849652,0.0004076525076409553
2015-12-23,0.008701603945267975,0.0033887678226377175,0.01665299318592443,0.029155250676347808,0.023140652741263965,0.02252030139555126,0.022262067902449834
2015-12-24,-0.007473312916920422,-0.0037379478049748846,-0.002565954465425565,0.0009010495701858091,-0.0024309204315766933,0.0,0.0
2015-12-25,0.0026968602800988535,0.005557304914586227,0.0,0.0,0.0,0.0,0.0
2015-12-28,-0.0009662308294412948,-0.00036193260666587116,-0.002000085855700573,-0.008207063718668221,-0.009746730565286821,-0.00689658000403306,-0.009227990715152016
2015-12-29,0.0033029957080989774,0.0008447402008170112,0.009395024333836283,0.01623567103997302,0.017900873510469505,0.0191721978015987,0.017590489097851995
2015-12-30,0.0002578302611251258,-0.004314956798066429,-0.011112760936180214,-0.0033785167687253367,-0.005164958235225266,-0.010843884689112867,-0.007967025806947647
2015-12-31,0.0009627980208151242,0.0005465898145392706,-0.013558671352748014,0.0,0.0,0.0,0.0
2016-01-01,-0.0014513408125631684,-0.006875676383504475,0.0,0.0,0.0,0.0,0.0
2016-01-04,-0.0004479866973675032,-0.0004668877623843841,-0.021430254477119895,-0.03301394490620551,-0.03363291566364533,-0.04372041252076922,-0.03819616208737574
2016-01-05,-0.0010869750263442018,-0.0024391094133951064,-0.008942167854024075,0.007615100250599252,0.0033508979110303985,0.0025890832298949566,0.004177991392750634
2016-01-06,-0.004004744462753453,-0.007002590122124636,-0.017213245760140973,-0.014448686488928938,-0.012676823902998284,-0.009362718987810159,-0.01224898008233865
2016-01-07,0.005444719992968606,0.0025084301533166513,-0.014110948702682287,-0.018834721519192136,-0.01731013538313132,-0.023193219418532543,-0.017558335631630218
2016-01-08,0.013670957946331367,0.013543452932964715,-0.010246485114789062,-0.023907442891245086,-0.015982392802812044,-0.0131635890100215,-0.016740732974650778
2016-01-11,0.008440461559017445,0.0013776088495606677,0.005602225807255119,0.0011920019692322733,-0.004861984075987859,-0.00246711778064072,-0.0019732789682523682
2016-01-12,-0.008976232761210894,-0.0076186124028738075,0.012338171870620434,0.012323178458215671,0.01518980820189293,0.016189685023555608,0.012202714544391452
2016-01-13,0.0060108001171929005,-0.0012912976103600176,-0.02106640470507843,0.003930652779369149,0.003007734040969074,-0.0024535506694947098,0.0027241930778974235
2016-01-14,0.005988220977361601,0.0038679156615933005,0.01213624069602715,-0.011233734800523034,-0.01816278481938885,-0.01688305489333849,-0.016080339463680655
2016-01-15,-0.003633797311970193,-0.002489778430947763,-0.03365616950846477,-0.024017305751087528,-0.02410755591581489,-0.025744698948154603,-0.023934969786457268
2016-01-18,0.016222841878572272,0.005608046878191127,0.0,-0.00392278445000167,-0.004902627422816285,-0.0024565780997225857,-0.005805201627847403
2016-01-19,-0.0008893458804173221,-0.002290629757255015,0.008283094662011022,0.014055346583613551,0.019544844956900478,0.014840250415725977,0.015247426350962396
2016-01-20,0.006637608660953592,0.0016465618643457622,-0.021485540793386156,-0.029775641438349824,-0.03508896051929068,-0.028609472623325655,-0.03339848719334307
2016-01-21,-0.004507198392702669,-0.0033012096273051864,0.01031910737432062,0.026852410875216146,0.019553205927249954,0.019247924655270303,0.0210527739860217
2016-01-22,-0.0034396368649252614,-0.001380345726692188,0.025029012245372868,0.030979647167480973,0.030504219029848886,0.019724444386953845,0.026577167833553676
2016-01-25,-0.00789163937061286,-0.005816008700090541,-0.013862578826307368,-0.002890051444324079,-0.005864911486389574,-0.0029464610402187685,-0.007113712071526038
2016-01-26,0.0061214562053315685,0.004990796058909852,0.021654728870720286,0.009285324216308632,0.010493692325247472,0.00885532146996704,0.010294047436160806
2016-01-27,-0.006121456205331666,0.0010966944054516929,-0.008104694549992093,0.005765753413190843,0.0053907299337804596,0.005894411998664448,0.003498798959857626
2016-01-28,0.010639061590539093,0.003951831818423023,-0.000626259269240172,-0.010207185063602154,-0.013375568131280328,-0.02471697550569646,-0.021269677724432248
2016-01-29,-0.005029572079667198,0.0026542082203697926,0.01244929979496575,0.02626473560893711,0.021709951537532763,0.016310985426529773,0.0218018617581433
2016-02-01,-0.0021821797799347928,-0.01020669107372115,-0.004339943988038754,-0.003716799761542596,-0.005605409202783623,-0.004114394108445563,-0.007939270444556336
2016-02-02,-0.006098246227180055,0.006571266280479868,-0.03027638782445335,-0.02123960906435369,-0.02497498275807685,-0.018289002039905022,-0.02315909027168652
2016-02-03,0.003396900364710107,0.00226920020820641,0.013675165771804436,-0.0106111994363801,-0.01340182370275021,-0.015379015807546723,-0.018884173677407377
2016-02-04,0.003438073045803095,0.015353470236526761,0.00441211345077271,0.004147967342757412,0.00037131479877012456,-0.004404039741155723,0.002988720157463172
2016-02-05,0.009918278465517337,0.009774485442781082,-0.01680718616222259,-0.009616845709431658,-0.0066103463432148225,-0.011470385880305948,-0.008958243151023318
2016-02-08,-0.00013023163709645065,-0.004915944830655657,-0.02296749665299215,-0.032732692773051665,-0.03250804906172269,-0.033604058798767995,-0.033269544092580025
2016-02-09,0.00915141328915936,0.004009114545849865,-0.009865178523037083,-0.020248045005106883,-0.017056787014876805,-0.01119461829286201,-0.017629153156754004
2016-02-10,0.00668730435015791,0.00891315103106425,0.003957908498145471,0.005208325521716999,0.015799302720399224,0.01540981865933634,0.01902132196250681
2016-02-11,-0.004624881467008172,-0.0008012091767712855,-0.015257311740047439,-0.03093247409091479,-0.0413458870763898,-0.029762189827581526,-0.0397536341195594
2016-02-12,0.006289705202782633,0.0032768308529634027,0.013280609500464112,0.023888440424119327,0.024926015200012266,0.02422635944791088,0.02789095528509158
2016-02-15,-0.010936075620706524,-0.008160901062795104,0.0,0.030411246244658456,0.029640973079582706,0.026338649676076787,0.027804935279309186
2016-02-16,0.0003880103241076675,-0.004636814033404699,0.018301157856554735,-0.0017095564489681522,-0.001115948056602312,-0.007821399261259212,-0.004459712876281837
2016-02-17,0.007343964291978939,-0.0024217759002733655,0.021781636445930463,0.028069643514057,0.029438400920300346,0.026157003402910176,0.026740613629926722
2016-02-18,-0.0003851706811741823,-0.0021602204463326666,-0.008592014864702803,-0.0023173096646331194,0.00148457009921878,0.009174776676247928,-0.0008873213396210545
2016-02-19,-0.004762856400138074,-0.001078322142747798,-0.0035217256256333063,-0.004432382890435384,-0.003951351491793467,-0.008019466801395403,-0.008359055894211055
2016-02-22,0.006007754746463586,0.0011673797064114223,0.012430549893256437,0.020969989694521813,0.017757439747595877,0.01957066629829403,0.02165814091786027
2016-02-23,-0.0005260279373378144,-0.008661347569662766,-0.018220096940167175,-0.01258211545872925,-0.014122156990021346,-0.01651615687928946,-0.015986498490182723
2016-02-24,0.009514997535681262,-8.82107138321326e-05,-0.007771963520077338,-0.019224126479122514,-0.019796323374842006,-0.026794769115721234,-0.02352749170770915
2016-02-25,0.004932430220025822,-0.001190199788027206,0.012920025579988214,0.01910379140088337,0.022160040026342354,0.017696357172271665,0.020072047916014333
2016-02-26,-0.0016456453880258999,0.0010027261813616976,-0.0006419785090265774,0.017374306325400803,0.015443369947758643,0.01929711839594005,0.017821630335530143
2016-02-29,-0.0019022394345188166,-0.009207485427379999,-0.006443295524262231,0.0108480241893982,0.008993932916811822,-0.001883287038988505,0.00564779111080317
2016-03-01,-0.00815705385674152,-0.0032064723483805242,0.030242336880596434,0.02208220616452122,0.012166284497689653,0.023085898838238857,0.017044741286137498
2016-03-02,-0.0034613594854083114,-0.0011970813592380746,0.0056284245474710615,-0.0011453180718631406,0.004087606423991078,0.006100422237687883,0.008556959270871701
2016-03-03,-0.008770849381418814,-0.0006415231696556842,0.00900247498861274,-0.00542364606020108,-0.0019930078477464384,-0.0025296523380406426,-0.0030720024211006772
2016-03-04,0.0006086793694826314,0.007330846721414482,0.0058540927980656795,0.009266708548834272,0.009138215038121405,0.007381487174367388,0.008092305135822384
2016-03-07,0.0013973636524537072,0.00410332553486821,-0.0021526374313407693,-0.004553813420094291,-0.0032206394401041484,-0.004615628711077785,-0.005367734370128946
2016-03-08,-0.0013584701719685222,0.0020028926766375924,-0.007727044932931964,-0.007158555352303548,-0.008652253430720073,-0.008844601675653768,-0.00633565494157257
2016-03-09,0.0025859520854172825,-0.0010899903497587624,0.0043340174732360215,0.006148865875917081,0.0048993736505649425,0.0031180156407627753,0.004709039826875372
2016-03-10,-0.00142146916477095,-0.0013636455184836945,0.00216073068543968,-0.012428845150300898,-0.0171608141797222,-0.023406369189892307,-0.015166552939545727
2016-03-11,0.011417846118879015,0.01709034418919461,0.03394256377101417,0.026540402477458723,0.03221757423593327,0.03445678592693309,0.034090042617666586
2016-03-14,-0.007417018001997758,-0.0009385721430363726,-0.0023867330453604518,0.005260584944902665,0.0030668369784041635,0.016056725033395204,0.005897059005867978
2016-03-15,0.0010298069019064832,-0.0059237805074355485,-0.005991759632315865,-0.0046948140670103776,-0.007564159001343255,-0.0056625172966695845,-0.008043315211237797
2016-03-16,0.009540097455486181,0.00063299929179697,0.011947453859179768,0.004131693899048083,-0.002155390647761424,0.004976653389805971,-0.0016836986259726656
2016-03-17,0.002990455170029194,0.009846507020469904,-0.0005937791433308855,0.0005181069627642105,-0.004516089273731074,-0.009178143423460931,-0.006207877472140484
2016-03-18,-0.0068595272888009136,0.008789321158289546,0.0007140345126683948,0.0016425969408869312,0.00440623910531128,0.005906342763522184,0.005462991351072349
2016-03-21,-0.002690407926258876,-0.0034461334408439088,-0.0032773080590838915,-0.0021607039036511087,-0.007808532881232811,-0.00021710724702306096,-0.0036015191255795113
2016-03-22,0.0031380936607953596,-0.0038275154051225038,-0.0032877798211488414,-0.001600973271062962,0.0009414263474266698,0.0041487695868209565,0.0008065446133946298
2016-03-23,0.008759793202962876,-0.0011565874563953665,-0.01083678793708383,0.0005414453693836741,-0.0018044899456116474,0.003290844242426022,-0.0028915559224494515
2016-03-24,0.0038715390969781965,-0.0037415464806334225,-0.010343695862656078,-0.013328222003422307,-0.021546062119036535,-0.017266974924547093,-0.01847408877759412
2016-03-25,-0.0021996099875704347,-0.001173264180125696,0.0,0.0,0.0,0.0,0.0
2016-03-28,-0.0008482985015993493,-0.0007144684537660043,0.0021379858882389947,0.0,0.0,0.0,0.0
2016-03-29,-0.005244896822552584,0.0038239447721831305,0.01303654717952621,0.0065614454776299356,0.008507010126016819,0.0037074142131324982,0.0060552079075867305
2016-03-30,-0.0008534853426268952,0.00794059446678328,0.010486859744560172,0.013241630445660336,0.017648672178094574,0.015919422970949337,0.0129709782322232
2016-03-31,0.004856294346373698,0.003767316237481857,-0.009583526714967835,-0.01383223961100354,-0.013446037081441146,-0.008105191198943304,-0.01295107259388537
2016-04-01,0.004403642934825222,0.0039636544882739695,-0.010588612320842327,-0.012874723371187786,-0.014429481487312728,-0.017294846581392062,-0.017337823442434903
2016-04-04,0.010937475713824042,0.0009107559348322408,-0.0024363192504875345,0.0036757429513756814,0.005302599175026889,0.0027976591364687136,0.003042824975130466
2016-04-05,-0.0030143605746537744,-9.10592102153291e-05,-0.024379817429217354,-0.016718460295403026,-0.022091627219664917,-0.026693754007857343,-0.02458161614543819
2016-04-06,0.007114792553377841,-0.0006148142788692096,0.0133438525325347,0.005024092679558231,0.008051753856096983,0.006373778924438852,0.006555526801466831
2016-04-07,0.003203801379016424,0.002016625650093088,-0.02212987631574792,-0.005303938561177033,-0.009080362990698311,-0.00980315987680667,-0.013074220312638767
2016-04-08,0.002872202905953257,-0.002722054468835322,0.018732919213064816,0.012585762402982625,0.013384164784717429,0.009569354405545868,0.013974313138070037
2016-04-11,-0.0021781721444637026,0.0025510387479342374,0.0021630560782264436,0.005512679095523902,0.002207531436476529,0.006291622132012507,0.004197936013882656
2016-04-12,-0.0068874215960866144,0.0008669027018344033,0.012879676627662344,0.006711899839628003,0.007687309217929926,0.008072213730028035,0.006089051533606886
2016-04-13,-0.004576278187639675,-0.0024507096616071316,0.01871471862250407,0.02380983750540649,0.03268654586054138,0.02674867807226511,0.03247077024763636
2016-04-14,-0.004194570582631217,-0.009348813403846658,0.0038801115288439763,0.002108491680095555,0.004710102321148554,0.006714898055001591,0.007104944058382592
2016-04-15,0.0025137950118222716,-0.0008005065896722636,0.0002978823808934654,-0.0009982193182608472,-0.0036283874287457137,-0.004177679653859274,-0.002132398545793787
2016-04-18,0.0003765173373183205,0.002652082375212579,0.009779019012078057,0.000488132297672778,0.002592738447573841,0.006815381043959484,0.0031674937351827436
2016-04-19,-0.007216304408165859,0.000802603680426066,0.01956567160162626,0.012455094965605875,0.013146455065008375,0.022402636959670603,0.015852623467210163
2016-04-20,-0.002366356037027345,0.0044656517299041295,0.003752362278365903,-0.0005697176473947982,0.005555557108112373,0.006903942491844294,0.009441356054867208
2016-04-21,-0.0013185445781774784,-0.004816204111791496,-0.0008646526936235189,-0.006002218699344228,-0.001981491969618544,0.001384707081190941,0.0029137662771513656
2016-04-22,5.073668955981868e-05,-0.0011524698211553375,-0.004045500189290936,-0.004265136475232614,-0.0028778901976322015,-0.005982003926542578,-0.0033593367861084415
2016-04-25,-0.013743574068965644,-0.00514716774006994,-0.004061046363569869,-0.010620085219649683,-0.0051646903900715024,-0.007658372853881844,-0.007509533726070667
2016-04-26,7.71149503734953e-05,0.0031053790136885565,0.003192430327305262,0.0019454744593968081,-0.002850428942774256,-0.0033823003947035905,0.001176462621314484
2016-04-27,-0.0033234010050817837,0.0026630825328960495,0.006930745549618137,0.0016294028466185247,0.005767295753951457,0.0039145351292289654,0.0029239630478633295
2016-04-28,0.005122185916797099,0.002647486180481382,-0.010704895726253922,0.004317455536464718,-0.0004475359994110941,0.0020678279705750066,-0.001598501620542137
2016-04-29,-0.002158884487699959,0.002370534440149008,-0.008177724296953928,-0.023889056120746894,-0.028578693807155726,-0.027720733678800055,-0.031600178871424696
2016-05-02,0.009831610008109616,0.009389838457966277,0.008177724296953863,0.003451142111279247,0.0031087693870309524,0.008362195770046644,0.0014486966079166636
2016-05-03,0.0009676325785420103,0.005390668042070114,-0.021164867711034152,-0.017975684219472873,-0.016057562812415636,-0.019601586908218872,-0.019445290731638344
2016-05-04,0.005976326658992491,-0.0018193263221850378,-0.013760190782248176,-0.010252178169806885,-0.010981905936036691,-0.009974209122852256,-0.01199075798307396
2016-05-05,0.0019336759669065081,-0.0009543129523783916,-0.005739213386373684,0.005394304367601705,-0.0011036999355143893,0.0023994136687406067,0.0
2016-05-06,-0.006599992750880262,-0.007602457630280269,0.006642546415965952,0.0001855339693464537,-0.004226977688093209,0.0018345018354472358,-0.0006501175705161151
2016-05-09,0.0031217543347664767,-0.0015841240747149496,-0.0009033330295923341,0.0006025709995413289,0.005002259602793884,0.011137403432774423,0.006445314412523593
2016-05-10,0.0007472237829844993,0.0,0.011678567075024735,0.010808430561222727,0.003556144319758625,0.006486632171165999,0.007798075638268463
2016-05-11,-0.0037292167035136055,-0.0011951133129711508,-0.008971699303260106,-0.0035821701111976795,-0.004977558054481956,-0.007004769179784902,-0.007500442873608119
2016-05-12,0.005702393293404168,0.004617313404738642,-0.004515908879522636,-0.008826251336766375,-0.005435568683700417,-0.011412906261434066,-0.007212993655415539
2016-05-13,-0.005067160638062827,-0.004389807118385353,-0.010617292321442845,0.006085034808099346,0.006204456796352447,0.009162837711112815,0.007185909764713986
2016-05-16,0.0016496131008312297,-0.005287602378223741,0.011220695265503981,0.0005073478096220093,-0.0017864249500636653,0.0,0.0
2016-05-17,-0.006997876965660379,-7.921648996507311e-05,-0.013052532371752237,-0.0033254902891539924,-0.0034170109624743128,-0.0063206050183804135,-0.006290326307671502
2016-05-18,-0.0007664324741995446,0.0,0.001221623355923162,0.004984097524691958,0.00504360109142466,0.005348564504097153,0.006222695951062494
2016-05-19,-0.017920910306000997,-0.00826043417725727,-0.007043181604124094,-0.01435004880700314,-0.00854700623856428,-0.014929090659573502,-0.012665988958617359
2016-05-20,-0.001822909208328793,-0.0015140235000181696,0.010698582128717056,0.014119837470645909,0.016525672100242562,0.012188709776226834,0.014602254998408034
2016-05-23,0.009210658682601689,0.0014018498908452475,-0.005488201443744179,-0.004129469705978413,-0.006636688649898001,-0.00746317230692476,-0.009916802216767736
2016-05-24,-7.751059376268292e-05,-0.0005049370131429516,0.020875298830652197,0.020796183671828523,0.024307360655224444,0.021611279030556114,0.025978083952396227
2016-05-25,-0.01606443234905675,-0.006985559794362882,0.0148589348685153,0.012510282699172792,0.011246436636065074,0.014598679805480214,0.016957703019565732
2016-05-26,-0.003931612771738499,0.0018840869032437442,0.006469092638967358,0.004172658646003849,0.006893297031249887,0.006592490323730733,0.003133921010002317
2016-05-27,0.00542655567940461,0.0029614821769575715,-0.0011731850790746901,0.00411099343686422,0.0004652728937533332,0.0013229824834715348,0.002364354296635819
2016-05-30,-0.004873390146965304,-0.007359535642408992,0.0,0.0018831906425544125,0.0032418075318891956,0.004551117952843817,0.0037383679776364564
2016-05-31,0.0031159020404709086,0.003450037985085013,-0.005590827819236039,-0.008714488183648625,-0.005263926369652286,-0.006845077673333752,-0.008622812004503858
2016-06-01,0.009146841551957743,-0.0011142917155116097,-0.0011808518538998975,-0.0024367001277563172,-0.006732003144910858,-0.005696921654290647,-0.008098683598723197
2016-06-02,0.009166958202175288,0.004755235777335846,0.0005907502730068961,0.001811325926576437,-0.002100375898440872,0.00034876479966643425,-0.0016170631428680086
2016-06-03,-0.0024905950271451485,-0.0033176414112727104,0.0014749761121011344,-0.005106963266393371,-0.009950872051744292,-0.010313605755715959,-0.012040466927766409
2016-06-06,0.019132345456846042,0.01768643268221709,0.0020618417422328603,0.0025343548923874594,0.0003618018744193376,0.0017622644051215012,0.0014500843621488289
2016-06-07,-0.003924567619458413,0.001147116336616802,0.008495506185299848,0.011447496324050305,0.011794398247346627,0.016326647184471632,0.012839055078779173
2016-06-08,-0.006396009165833856,-0.0005453170730971647,0.0005830458902520085,-0.0031716675845372354,-0.0060798236909697986,-0.00689106978575541,-0.006907082813738049
2016-06-09,0.006141495945267221,0.0043253899249274174,-0.014684223794101314,-0.009037691179473367,-0.009739960027948564,-0.012623115012453725,-0.010228431409582874
2016-06-10,-0.004362802187043137,-0.00810038701414356,-0.03614883973268175,-0.023428599803385932,-0.02270205437277376,-0.02552402214677897,-0.02641444120247685
2016-06-13,0.012337385283615138,-0.006653749364378424,-0.017951506218367132,-0.01752415134941627,-0.018679385714211377,-0.0181801782474143,-0.01998116190095355
2016-06-14,0.0033911589016052987,0.004528805094961433,-0.018279662669951787,-0.021528604219579184,-0.023139931838576246,-0.014417815067359447,-0.01994158437488638
2016-06-15,-0.0010324878050844322,-0.006931253741881397,0.007920430981315766,0.0011208787767615243,0.009937553814314751,0.009150976406794171,0.011770987979670286
2016-06-16,-0.0005797170410178443,0.004416478024524096,0.009422302450901905,-0.002481871379618356,-0.004461563549173067,-0.005871469272810874,-0.0038940858503615657
2016-06-17,-0.007401436152770138,-0.0009456404670404876,0.010531267015314271,0.0077593078708497335,0.009781100081778276,0.008434138367482875,0.010539051869491584
2016-06-20,-0.012266071564348828,0.008588304743647803,0.02197901607409029,0.03432825956788133,0.034434977804378035,0.03375533754633979,0.03236095750467629
2016-06-21,-0.008209880502835484,-0.0023012116407544942,0.012345440520389777,0.008872355943152792,0.006081890301940264,0.005358075461349809,0.008277304348833702
2016-06-22,-0.00598024205224354,-0.006410844372746685,0.0018391879737820345,0.0019508770246969578,0.002924240332470754,0.005528030997313599,0.0036900869983234053
2016-06-23,-0.001435380578872122,0.006875235761559178,0.034901278522422426,0.01932478243843193,0.01941521526926313,0.018297429128345102,0.019797310296634608
2016-06-24,0.015831223974561777,-0.0003737486607474257,-0.1302422366405621,-0.058731319778762565,-0.08384365325812584,-0.070672722663131,-0.09010986099529784
2016-06-27,0.05352722017963609,-0.025767007174789764,-0.017327004284002974,-0.030104489125289496,-0.01878625964980448,-0.030651794480587646,-0.02874034116478824
2016-06-28,0.013865424973644788,-0.0018964523546687237,0.02604591889556957,0.014207937708143367,0.014422953816871094,0.019088064662488396,0.022445497844475696
2016-06-29,-0.00335799011078107,0.005334508808740789,0.018525026309619528,0.02966268718321929,0.025705795590358488,0.017313460271418533,0.026298057789190445
2016-06-30,-0.003974272325051317,0.004873297031417912,0.021402105613377055,0.013395780637630845,0.009999171924473051,0.007030824022994084,0.011430883206392647
2016-07-01,0.00848507424370651,-0.0019788422459705002,-0.0009632500725025124,0.006790695635223674,0.008572040476892268,0.0098715066755577,0.006374658214262189
2016-07-04,0.005123516248684791,0.0022459764311803096,0.0,-0.0085358390531588,-0.009190551376915006,-0.0068801452985094574,-0.007258210360880577
2016-07-05,0.0019563201991701614,0.0013477567694009662,-0.030651320900989813,-0.010883592606115544,-0.017013404280815433,-0.018343954968375476,-0.017385212202882944
2016-07-06,0.017401372214867695,-0.007296200089325156,-0.002984597570328531,-0.019306505257473492,-0.01894165616135336,-0.016857659407196968,-0.01848185202931837
2016-07-07,0.00564066371179185,0.003069620985244283,-0.007667857016304909,0.009781916746419017,0.007936029228215732,0.004844667928700844,0.006759957580893143
2016-07-08,-0.0022734172448801255,-0.003003258186911798,0.020209341110738407,0.01730075160482732,0.017531847673191037,0.022142337523566567,0.020616172375327594
2016-07-11,-0.0042693980736354,-0.0019677597091128443,0.013681065759554264,0.015963406897377783,0.017468871313951858,0.0209378520688577,0.016532730264550106
2016-07-12,-0.0015719440543840257,0.0012708383822002361,0.019859661168060514,0.010584741908907479,0.015554245684781835,0.013199866881843214,0.016539939771478485
2016-07-13,-0.02230717707334058,0.00044243484305962847,0.0028503729756126973,-0.002224973033726485,0.0008953604232058081,-0.003353681957928733,-0.0024916641847190896
2016-07-14,0.015202512736266405,0.0028915333292139182,0.01225850781715762,0.00837966494392432,0.011526678032481058,0.013759882737149074,0.012541804455377089
2016-07-15,-0.016896694014065138,0.0009990572450506185,-0.004696840765315679,-0.0015183494409981974,-0.0029710480086656676,-0.0001390017532658484,-0.0014928658762688497
2016-07-18,0.0047627601063272105,-0.004775224691423465,-0.0034588303149975016,0.0018083738295887894,-0.0033835331956119066,-0.00037461521968696005,-0.003209301870232298
2016-07-19,-0.001413267262493145,0.0016924751736727699,-0.009493634581975737,-0.0010489109359891186,-0.006356090536483683,-0.008170883251545165,-0.006145935828549605
2016-07-20,0.007046518288079331,-0.0052783645066787396,0.008863433515752353,0.00962194590091059,0.011396337258197485,0.015978825678120732,0.012156660157778856
2016-07-21,-0.011093754121996157,0.0005398559400754168,-0.000630208076936886,-0.00046450580162897716,-0.0008016815665862335,0.001399156952714348,0.0005189300581801171
2016-07-22,0.0026199496956723625,0.0012128279705787804,0.0012604091431601683,0.00304865890623981,0.0011076634137163483,-0.0008619131984870253,0.0012591035251335457
2016-07-25,0.0027926847727893613,-0.005676765339448428,-0.0003149338816969327,-0.0011256134322818548,0.001573685712529046,0.004991755348168527,0.0003330244982819776
2016-07-26,0.003596243448344091,0.0018886435767623317,0.005028320514821976,0.002690488399717229,0.001541659603305562,0.004843942881370978,0.0019085413217080462
2016-07-27,-0.003644114367807576,-0.000307637037586267,0.008739253282812887,-0.0023813438711786186,0.011805505859751785,0.006981013279488042,0.006884861725724933
2016-07-28,0.0009691001177746883,0.007765382015010036,0.0006213909827825231,-0.011456616332998092,-0.005949781002773858,-0.004333218231897183,-0.01119094228608729
2016-07-29,0.006994808678626174,0.0009860471480390611,0.011425222640937103,0.004478321441432863,0.004340669059790971,0.006071143056618809,0.008279547458265502
2016-08-01,0.0034022582269950374,0.007521339022459522,-0.013290478136595743,-0.010862836853200407,-0.0069251505233023525,-0.0006754850415024707,0.0
2016-08-02,0.0023994330430407982,0.0,-0.010635047025441421,-0.014396264762630728,-0.01858316025097683,-0.018186676227651053,-0.028412804082081817
2016-08-03,-0.007001751654319587,0.004555674861185275,-0.0022039294438438548,0.003981938793446923,-0.0015978960675820688,0.002546955893302546,0.0014025612634011816
2016-08-04,-0.005232900788200776,-0.006039944627668497,0.002203929443843833,0.009290022921655735,0.005665326395022455,0.005652548818800791,0.007283472922266039
2016-08-05,0.013461767741207074,-0.0015043550709452347,0.00845461212147584,0.008178478935135264,0.01482863846633351,0.013532533158554022,0.014009549303735738
2016-08-08,-0.0009319609464735969,-0.004067036357604987,0.0040456903996242705,0.0021177511106964596,0.0011126560896612269,0.0062646105392383635,0.003092341964479614
2016-08-09,0.003781374821721586,-0.0005321441129649647,0.014184628494171797,0.010477751541154592,0.011844498665447985,0.024667458859021267,0.015389272922250972
2016-08-10,0.00494958664328437,0.0028970739216054786,0.004886871265649128,-0.003952220359963361,-0.0036008817601567334,-0.003936582618444198,-0.0035451786552045364
2016-08-11,0.0051114451766759005,0.006333835466558864,0.006983291070827293,0.007691391613819512,0.011599205949637748,0.008596047878826655,0.010076762247574002
2016-08-12,0.0009075790542470503,-0.0042418899444097,0.00030275235223851726,-0.003100308484457166,-0.0008352278102633201,-0.0027414061541339405,-0.0013423395666340885
2016-08-15,0.0056939151842125765,0.0024982306112892433,0.0027187125485278493,0.0009245288462035369,-0.0005179073749667215,0.0024034604850706486,0.0005614169785800737
2016-08-16,0.0036935272969328336,0.0015310376736969462,-0.002114231132336494,-0.006866086199625952,-0.00835429497379211,-0.0058423754388318965,-0.010048168187289807
2016-08-17,-0.0032888837309120096,0.00818661774229303,-0.003027569136824336,-0.008520884434857521,-0.00963269153728346,-0.013102701859260336,-0.011889920821873241
2016-08-18,0.001201388516496031,0.0020317675714881405,0.003632358574174969,0.009163142805710591,0.004377296960478769,0.006183386473386072,0.004939904536873422
2016-08-19,-0.004814307570670985,0.004461649861066459,-0.009409889213231498,-0.006597021312493376,-0.008269287963444096,-0.005548681957233832,-0.009088717768363468
2016-08-22,0.0036475735183402087,-0.004529491868557557,-0.002443064630377997,-0.0024320786919093088,-0.0024071739774386984,-0.0047541732811787266,-0.002641391919622004
2016-08-23,-0.003914443991999425,0.0018660338545216854,0.005487923753666473,0.010113305222012687,0.007152194543625763,0.009345086373937914,0.011205794936627387
2016-08-24,-0.006239116251958499,-0.0016287651923312064,0.0003041497039095082,-2.2069437673294916e-05,0.0031658930174535685,0.002836545740965296,0.004951464638027835
2016-08-25,-0.006583830068289327,-0.003283078973066947,-0.004875035582050202,-0.004943999045499672,-0.006527978438683021,-0.008829237816236808,-0.006971065734220384
2016-08-26,0.005473970280792131,0.0023681928133100437,-0.002140433132434833,0.006799975884342567,0.007969829987261437,0.0055101429747447155,0.007559214672104029
2016-08-29,-0.0031025465958067996,-0.008096322643500537,0.003056328607811203,-0.001900252164150563,-0.003974712760934053,-0.004100769617774487,-0.0039475449956539975
2016-08-30,0.001148491978040565,-0.0005933771387031251,0.0033511999653845553,0.008084041123795464,0.007485107353539638,0.010678225339636171,0.010697950018128372
2016-08-31,-0.0024626114309957573,-0.003541916776530722,-0.0009129806028586357,-0.003164147711525718,-0.0043324363540773025,-0.006112791731078124,-0.0025174338967283976
2016-09-01,-0.0026217130757646783,0.000669398242409528,0.0054646727291035365,-0.0011230604332062497,0.0003265881919713277,-0.005526672785934306,-0.00186732300176661
2016-09-02,-0.00693422926598402,0.0035779727913655378,0.014129195982478032,0.021211321964395572,0.02282482246803895,0.0140929683769818,0.02041981792088561
2016-09-05,-0.005241270743608675,-0.003466254170083479,0.0,0.0011425712883674983,-0.00023996779902118613,-0.0010863987010007003,-0.0006756352477073675
2016-09-06,-0.0017770960389270406,-0.0007811168636914772,0.006248974830289451,-0.006528101440147873,-0.0024517856188704013,0.0013970385571662424,-0.002439890541723457
2016-09-07,0.0007159670409070746,0.008962688331043682,0.002370310380076644,0.004673419272091923,0.0060962673931893715,0.006141852463982862,0.006978486183020723
2016-09-08,0.00493832086916549,-0.0011246487850704737,0.0005920852160350036,-0.008171071955644565,-0.00339784902503484,-0.0072512403719745275,-0.002629834755426182
2016-09-09,0.005091176249370876,0.0027014349127084296,-0.02182822744515201,-0.014511741285645691,-0.01124708375953091,-0.009586491722773044,-0.009888095355374276
2016-09-12,5.905735938943176e-05,-0.0026902998742258147,0.007228985419239266,-0.011727210436232103,-0.011555149026116178,-0.013489324498031297,-0.01329381190475046
2016-09-13,-0.0048416629611426005,0.00021366267368412217,-0.022765787377380182,-0.011211002043615737,-0.01192259466701975,-0.004339436240337359,-0.01271956678405879
2016-09-14,0.008848702021881372,-0.002212531531855705,-0.004616507333712152,-0.0035760904541096753,-0.0038642414506055768,-0.000789715307114873,-0.0033335541302677856
2016-09-15,-0.002697130175944279,0.0025498453552103796,0.0061500372929002,0.004908265399875651,0.0006771787294061788,0.005074572938068898,0.002987242564519077
2016-09-16,0.0010726329133431158,-0.00012369679165697225,-0.02071424004313614,-0.009362292627998712,-0.009366382063592573,-0.014973718940643855,-0.01303788616699377
2016-09-19,0.009835791024410893,-0.007807775057992242,0.00782607038664894,0.012741054618671388,0.014149953534645824,0.009462540908422943,0.011200158501816583
2016-09-20,-0.00037332446912682584,0.0019881070230172073,0.0012465285169314519,-0.0005623348135263596,-0.001272908604191982,0.0019251251915956384,-0.0011629370013527148
2016-09-21,0.002412741338934646,-0.002389772824843842,0.014838085028811891,0.006905981693229038,0.004762307270952696,0.004093060474617686,0.005824703742595455
2016-09-22,-0.0004657263659340337,0.003508451907178094,0.016735655283564098,0.017674119948338285,0.022484603289621756,0.022519370414727485,0.02304096255249303
2016-09-23,-0.002238858694464769,0.0015122434449735868,-0.0057499635545798875,-0.0022637593724538674,-0.004696315767492925,-0.004432628241695746,-0.006370791702841259
2016-09-26,0.010693912328489423,0.002592942292141068,-0.01375111381977341,-0.01465093159096423,-0.01817382227639401,-0.0221942719312397,-0.018784970422780684
2016-09-27,0.0017309149604327935,0.0009444893031245314,-0.0006155528795923346,-8.933470082924896e-05,-0.0020825285110898976,-0.003105682716026718,-0.0016949835046216348
2016-09-28,-0.006129295785110104,-0.002696311903076753,0.010413664879912675,0.005433712306429421,0.0076479867734982835,0.007390422001010983,0.0067998211894359974
2016-09-29,-0.001532412414528508,0.00048258291459646655,-0.017830083015121782,0.0028387032262771335,0.002566309716862049,-0.0031471906329229226,0.00015711015931502828
2016-09-30,0.005364772715972909,-0.00048258291459651463,0.01600047002637702,0.001725890593957983,0.0009941234203787554,0.010085825633034206,0.0035569714228782094
2016-10-03,0.003760090286522358,0.0013472078218555506,-0.003670130121197788,0.0014580563688963981,0.001190833717097879,0.0,-0.001246509838694498
2016-10-04,0.003883679289307421,-0.0021658898894434467,0.0018365602821864817,0.011697617454859234,0.01106000359153398,0.010278139068786047,0.010285425776479304
2016-10-05,0.009586952078697492,3.360232562436578e-05,0.007919431307918334,-0.004943271628153428,-0.0029221837622322028,-0.0031907081953056055,-0.0010634372421066427
2016-10-06,-0.0020694135264577866,-0.00022417864622131028,-0.00303841358276327,-0.00272262206590955,-0.002196219930495269,-0.001605370783456892,-0.001554252920714062
2016-10-07,0.02293159487626873,-0.005699907005050658,-0.006717578007341589,-0.010520850601861852,-0.006761483036534674,-0.007401810701995101,-0.006977605837560772
2016-10-10,0.0013673141739093688,0.004691651837804753,0.004890043517082391,0.011443829177115826,0.010584363956602318,0.012618694779876382,0.01165951483959713
2016-10-11,0.0026847233597462883,-0.005025978007065925,-0.012270277278219475,-0.008803221315001181,-0.005690623283968314,-0.0044261560131773695,-0.004976545528478244
2016-10-12,-0.0016854004336237388,-0.007104769738430352,-0.004950106144042096,-0.0013083265950126967,-0.004370254082098613,-0.005126954637992594,-0.004199873531974007
2016-10-13,0.0025713414364981453,-0.0045361955898909475,-0.006222887481125046,-0.012189536231480927,-0.010628559540989221,-0.010412213082259616,-0.01102789176623849
2016-10-14,0.0005200965313482083,0.0034305603068918436,0.0052916974548352265,0.011834430227795532,0.014815353111792873,0.01584352508707364,0.016716382643650027
2016-10-17,-0.003946359883970081,-0.007441761541419799,-0.001553580658625964,-0.0054755438330705885,-0.004638410681988335,-0.007286102405066347,-0.00545915064912406
2016-10-18,0.0009214638552639004,0.004352579694611333,0.010516741699717337,0.01129653759123938,0.013099697966563907,0.012110747959388017,0.012639485466582471
2016-10-19,-0.010317690329197002,-0.0035187297515541743,0.0018446913785913795,0.003414787903435006,0.002522846301680725,0.0013281696185888524,0.002933003553416814
2016-10-20,0.0010645512550970348,-0.000164650638002241,0.0036784508793271074,0.0030305157427509056,0.004375149118358853,0.00521946001440988,0.006747585596307263
2016-10-21,-0.001288787160495758,-0.0040854019578793815,-0.0030644857659626787,0.002933893791998844,-0.0008925095802887854,0.0008724797781736166,0.0003314829927135307
2016-10-24,-0.0012905172066200467,-0.004384409358858317,0.0033703128684596487,0.00512459523968418,0.0036331627347843186,0.004698191122957895,0.0052532499603446985
2016-10-25,-0.0006178222218306994,-0.0006527512292521241,-0.0006119741827889812,-0.0010010260472071452,-0.0025821398327536427,-0.00035879408722293456,-0.0020870137150905826
2016-10-26,0.004517856971201885,0.0010881930929809549,-0.0033723037990351945,-0.007583826625812367,-0.0013773454708532833,-0.004437507318701388,-0.00208480140896447
2016-10-27,-0.0026768315446471405,0.002267123672550751,0.0015340553505910368,-0.00024138727155909856,-0.00022496726411975717,0.0006907615523959231,0.0013590140095461143
2016-10-28,0.004208059987731363,-0.0010687761345710978,0.001226277119973347,-0.0007243775873322925,0.003305443696576246,-0.001951094304507727,-0.001923925746114976
2016-10-31,0.004368397209227767,0.007703391184510614,-0.002453529908855067,-0.00614561565335825,-0.008682105263868834,-0.0029193758705347078,-0.007821387782725607
2016-11-01,-0.003084865657278334,-0.0010320470217807629,-0.0055419998139058695,-0.006383718723779475,-0.008682009828779504,-0.013104665477267225,-0.010562120489280973
2016-11-02,0.007611363929411048,0.007600509088301996,-0.007437027059148071,-0.013296526135669106,-0.012517930045425464,-0.014856932253732547,-0.01431898219157798
2016-11-03,-0.0019723146708011115,0.0036554982779584805,-0.0031155444193132764,-0.0032953972518318868,-0.000677459238533812,-0.004353315971786561,-0.0022439758206760506
2016-11-04,-0.012634655399175543,0.00044397358152166964,-0.008459925692422857,-0.004077819424819084,-0.007786970563355434,-0.006485324487618438,-0.006396748164110819
2016-11-07,-0.0018437319226429266,-0.00011102860930896501,0.017467861648519475,0.017351017267826705,0.018951382352128194,0.019098818393796485,0.018361261554640886
2016-11-08,0.0027980353454231856,-0.004430681626231969,0.004935141395969811,0.004363300485269769,0.0035086185421291352,0.0024232104544777305,0.004691068652089318
2016-11-09,-0.0020219054042011067,-0.0030016218881541235,-0.0009234334982973573,0.009242316607345712,0.014764594480832,0.015495093803585006,0.010809848993920521
2016-11-10,-0.011546676508491149,-0.008973283929279272,-0.0037026660818706963,-0.009619976682919872,-0.0027615603131958323,-0.0014936599352603848,-0.003178813654584193
2016-11-11,-0.013524634834275556,-0.0028352972767285173,-0.009940868240451093,-0.010274611918686088,-0.009241564271073506,0.0035524455834865616,-0.005453734610919606
2016-11-14,-0.007603854984701685,-0.005971422941238589,-0.0075214709782787815,0.003026345009499559,0.0042854413711338425,0.0024099503670940224,0.003222513237689608
2016-11-15,-0.002629004388828396,-0.006904091630366802,0.004394236103544595,0.008425322774405863,0.0061868045358506206,0.0038685518800511873,0.0032580336768743873
2016-11-16,0.003082051066199868,-0.0021477752071920996,-0.015146814478928357,-0.0019551325287729304,-0.007831626874348954,-0.006661036706462862,-0.0076891607988227775
2016-11-17,-0.0006737597365751105,-0.0019290221275351884,0.0031746529308952142,0.004792136862524859,0.005898820471037494,0.002030026043644883,0.005085558044335083
2016-11-18,-0.00546477095011901,-0.00783857389608081,-0.012759613084113856,-0.00252634959507423,-0.005185930669393567,-0.00196537495255734,-0.006914516839654303
2016-11-21,0.0032777942162065155,-0.0036582460348251198,0.009902746120539816,0.005200808716795937,0.005585619010537584,0.0019269899836678527,0.004010673875327574
2016-11-22,-0.008502472809292685,0.005146602943733133,0.003173489575042608,0.00741125885347158,0.004135314089522993,0.0026842162091726333,0.0037385419715979746
2016-11-23,0.005084411066327833,-0.000478683384408412,-0.010831445155811532,2.1931761598035702e-05,-0.004217028575918998,-0.0048099346245910595,-0.004012264343952051
2016-11-24,-0.009203645262383943,-0.008365597792199357,0.0,0.00225419753476189,0.002943219959204679,0.002512151238233117,0.00278629105315612
2016-11-25,5.897587308587289e-05,0.0015830883643816397,0.007022125774822705,0.0012015945807830933,0.0016958334685640377,0.0009359938887658849,0.002555367044936752
2016-11-28,0.002485210074558542,0.004764163866232262,-0.011516439941947025,-0.011595603484880696,-0.008802921564991541,-0.010957720871422025,-0.0104135803795488
2016-11-29,0.006706194127178984,0.0008493102559907696,0.011198294919256698,-0.0004639618670304313,0.009064397441683964,0.0035674260187059472,0.00714093460622531
2016-11-30,-0.003957341689370341,0.0025523434536833026,-0.0015921665550744663,0.010355022118175178,0.005888400853308576,0.0018634844715196908,0.004331737646092092
2016-12-01,-0.007429972147805947,-0.005310066148516394,-0.002233017070979401,-0.007927019388891534,-0.003880096352660645,-0.010035811604916636,-0.006783362272056954
2016-12-02,0.0009096715948374827,0.006684755681079142,-0.0006392707914634057,-0.008857453714348188,-0.006994975433750924,-0.0019670080449905574,-0.005243084999942307
2016-12-05,-0.014043459766383472,-0.007637569407832346,0.02243747154628137,0.010773595369418397,0.00999663427522038,0.016179144802982163,0.01239991560326238
2016-12-06,0.011750056450078204,0.016430543065026008,0.016119211471926367,0.0105934505171609,0.012517758796235698,0.008433377124262733,0.015604422152740164
2016-12-07,0.0010645626574430328,-0.003436458299545448,0.01677130735930356,0.006077568239137889,0.013462744563001807,0.01942621634098397,0.013288672393187024
2016-12-08,0.0072445819480420285,0.003866778746451157,-0.003635216104623375,0.009819472259750198,0.008644571399805324,0.017390001771597545,0.013764389929035576
2016-12-09,-0.009386705703695196,-0.01315032709034517,0.0003032466607091532,0.006620791298466522,0.0060192178908706675,0.0021632414340188475,0.003681468176340166
2016-12-12,-0.008160903804036796,-0.006985527551627461,0.0012130392310701443,0.0012976992154606825,-0.0006928840534114691,-0.0011985370597540988,0.000490903318127739
2016-12-13,0.0025886728263385225,0.008899219392906561,0.012347901344628065,0.006927750381102385,0.009012443494048759,0.008404144369964542,0.011684690036021487
2016-12-14,-8.337357024307654e-05,-0.0011699590234880463,-0.01599076745641389,-0.0030659889326005154,-0.0072348552546991135,-0.0035340869141931054,-0.007753876316422479
2016-12-15,-0.0009536800855656532,-0.010888585673538545,0.0012159135969130191,0.00910702137301271,0.010427148002232892,0.0107523264334764,0.011771496716403648
2016-12-16,2.388507865131424e-05,-0.009105718970210059,0.0028603739287309925,0.0024732740738505946,0.0029091010544591033,0.0033033580811171076,0.0029190462327931444
2016-12-19,-0.0026152473733096126,0.0029842312480278035,-0.0030432211039463507,0.005532071612463897,-0.0021748054266716448,0.001987711919352731,-0.00042653778924430825
2016-12-20,0.004176349616069888,-0.004233759574618508,0.006076687886919429,0.0076525480210499295,0.005607596631266354,0.003323519478339602,0.006596002786555574
2016-12-21,0.0005594798324682048,-0.001476509481291881,0.002421027056746958,-0.0017162414961536066,-0.003319043490033447,0.00034006449289241894,-0.002644184957683423
2016-12-22,0.004488474599964,0.0036641609249652264,-0.0006047446445975263,-0.0015325788767047552,0.00016756742191182484,-0.0010940181410320922,-0.00037918683580802256
2016-12-23,0.006589235578861967,0.0008659788395229713,0.003320801090984822,0.000807981016854956,0.0010440627593957907,-0.0005387159812162765,0.0013631772822584906
2016-12-26,0.0007412492780516745,0.0016400925651978298,0.0,0.0,0.0,0.0,0.0
2016-12-27,0.0018095784962453676,0.00020909756917603204,0.0012048956417222642,0.001490007397929644,0.0017753194002313381,0.0019466354185766921,0.0013918532865064962
2016-12-28,0.0004694215665288181,0.0005125259245785663,-0.00694737055804419,0.001281336089563152,-5.5695434816670694e-05,0.00023968034111218888,5.793325137921006e-05
2016-12-29,-0.0002581895721075382,-0.004342951339742504,0.006646190210012599,-0.0036000716377175205,-0.001969663672376648,-0.0020884931151357138,-0.002125023991328597
2016-12-30,0.009671662232500005,0.015082506933972048,0.007499711000208972,0.0014705883144176262,0.004915046227405215,0.002617271901604458,0.00571754353295276
2017-01-02,-0.010317392956402162,-0.004579297436805697,0.0,0.006601054687559541,0.004119136209967182,0.010162445269074328,0.0
2017-01-03,8.218288959668207e-05,-0.006379961365256615,0.002089685491165248,0.0033252527490330937,0.0034656951281482906,-0.0012155550739170254,0.007418049759065464
2017-01-04,-0.0007636369698683045,-0.0038418862814960275,0.006836159386173777,-0.000840541828871763,1.425168749223364e-05,5.985349802547325e-06,0.0007538590355045891
2017-01-05,0.0012216093681003562,0.007740590997296944,0.0100205179228359,-0.0013339914556368176,0.0002531080233709058,5.445660737029032e-05,-0.0003165663012576268
2017-01-06,0.0020872606338756977,0.009951694252328738,-0.003819212437495039,0.0001437625391266312,0.0018754861629991825,0.00121371358600257,0.0014161515338016635
2017-01-09,0.0062242501703430346,-0.007007159987028705,-0.0005887844160683533,-0.003909055249444968,-0.00454611139898045,-0.003023749767486338,-0.0036801531004574547
2017-01-10,0.012471357109168928,0.0053751462447140155,-0.0029503677420263425,-0.0007424232595820208,0.00013505928193971824,0.0016684091104464864,-0.0008344474237425046
2017-01-11,-0.003362855098228019,-0.003424761684181396,0.0053038616239654965,0.003788655814262871,9.818623659584084e-05,0.0054129751076473255,0.0005231149985238626
2017-01-12,0.000968554961656213,0.004282834624411188,0.0008810800340663737,-0.007198336270405728,-0.005073435961000428,-0.01080243152553131,-0.006441614409689368
2017-01-13,0.005287423858474665,0.001803209323731725,0.0049787507229569665,0.01029684345787027,0.011959526601974503,0.009342497502807603,0.01138717757619072
2017-01-16,0.011931258705688626,0.0011154729925587558,0.0,-0.008146331796779977,-0.008222670223176817,-0.006424287193779056,-0.009007658293988963
2017-01-17,-0.0024612275648273453,-0.002420493946028402,-0.002339583086867635,-0.00488667684109472,-0.004617239618273639,-0.0012738815903404674,-0.0028846859951701274
2017-01-18,-0.01970220737611649,0.008807419508532952,-0.0014657446985313527,0.006166495185345658,-0.001295167664040768,0.005133219134059422,0.002723791441859583
2017-01-19,0.003918575500407897,-0.006471944983548921,-0.003819212437495039,-0.00022691661843525634,-0.002529211723503667,-0.00021555181136449612,-0.0011147443130865725
2017-01-20,-0.0033975106308127543,0.0030014703955947883,0.009084220036376028,0.002761115892559196,0.00196656520709949,0.002862205977214839,0.0027648519015201207
2017-01-23,0.0010874948895119823,0.005054843962894792,-0.0005834584360308848,-0.0067514518456803264,-0.006050374820729941,-0.007281730495894049,-0.00803351076110501
2017-01-24,-0.0061357030263515105,0.0043807859360458536,0.002623351396338216,0.0007041011415729551,0.0017861855329968947,0.004251429224084301,0.0025905573954808914
2017-01-25,-0.004150455461538045,-0.0029870187452542053,0.012440478366240638,0.010256734179383022,0.009814996467458821,0.01804326229272839,0.01350566363367254
2017-01-26,-0.005823284940009077,0.002169451772020358,-0.011276741856629555,-0.0032427303566112888,-0.0021405413318543263,0.0036001437920674772,-0.002112784523623847
2017-01-27,-0.003401813425805668,-0.0064410634062073814,-0.0017462920063719416,-0.0011930581583711427,-0.00561650502688966,-0.00290415600482389,-0.0047715908463876345
2017-01-30,0.0031667964651507056,0.002899318852993123,-0.009658994220989855,-0.013134633364373864,-0.01149976891379095,-0.011268333904756993,-0.01236987989569435
2017-01-31,0.00686407017563684,-0.0005034903875596175,0.0005883524952487463,-0.005898133372813062,-0.007497823822744201,-0.0126270205393432,-0.009868574112863824
2017-02-01,0.0016096608411435558,0.008852261972059784,0.0029349244141104246,0.006148336919029128,0.009573137835965867,0.010708569612321929,0.00870320794092488
2017-02-02,-0.008779370701925077,-0.0033759205059840968,0.0008791169477346673,0.005281573773301208,-6.0494940288823285e-05,-0.0027095988376499083,-0.001630646033356553
2017-02-03,0.010514397047346838,-0.0005274662699758506,0.0055478847457360765,0.0077057966187484925,0.0064721268320940975,0.002022389426149999,0.0059754539432982715
2017-02-06,0.00479350690170056,0.0019713419350956586,-0.01437199403985717,-0.007933981402826456,-0.009858952922992971,-0.012231780838606515,-0.010689029207511646
2017-02-07,-0.002411314808467513,-0.0036916646517806554,-0.0041440415275869,0.004553201790640227,-0.00495353516800597,0.0034346800419329093,-0.0008032405794864609
2017-02-08,-0.008239809513805114,-0.006083672000636754,-0.0005933269312363629,-0.0015912319187887279,0.002548009620136436,-0.0005248858244363044,0.0007198542500461988
2017-02-09,-0.0012881361664687282,0.001324952574866799,0.008570891376951526,0.010267454082742319,0.012434462181166358,0.008581044462153731,0.012201206186214808
2017-02-10,-0.0007619361539157469,-0.0031492420707108556,-0.002357033449386045,0.0021675520443605423,0.00043079951096512123,0.002068602260628105,-0.002125627516498434
2017-02-13,-0.0026420279541018057,-0.003670492466827683,0.004121296177330197,0.009129678405684762,0.01232353516511003,0.0091684555004994,0.010462257284072095
2017-02-14,-0.004997743033084053,-0.001983821861077884,0.002933346530561188,0.0011530791815835186,0.0015596640931369692,-0.0002225508005440971,0.0011066967497332424
2017-02-15,0.002372325968453326,-0.0019059474091681953,0.00409224001783727,0.004115913621523451,0.005914076139183251,0.0018773120963445026,0.0044688638997254755
2017-02-16,0.002707759892629198,0.0027435541785109114,0.004075776045816504,-0.005410641957169379,-0.0051708330739188525,-0.0031157248601814697,-0.0038192659184212514
2017-02-17,0.004609757446487806,0.006096606333929302,-0.004951055526511477,0.01027132385902599,-0.006528077268129961,-1.877185394791518e-05,-0.0006737253926307349
2017-02-20,9.360525457351797e-05,-0.004281128670700643,0.0,-0.006876161447027813,-0.0005322014078444071,0.005987015097604823,0.0010813249439947284
2017-02-21,-0.004738681687928472,-0.0016245565514428882,0.0017502233474590316,0.00585380030717508,0.004873936343304964,0.011756342045883788,0.008100260675529191
2017-02-22,-0.0075056934253803585,-0.006366536572582948,0.0008736779786223212,0.0010824674926506541,0.00145536651324543,0.002595303589893012,-1.7985384024624202e-05
2017-02-23,0.0034530467294104344,0.0011391927339987058,0.00029127111492099336,-0.002969644181804735,-0.000937930805966781,-0.0042394513932186685,-0.0015914511353665795
2017-02-24,-0.00494671376185645,0.00287486664094481,-0.007891079303525275,-0.005501129183825272,-0.009459252272011177,-0.012108656715178995,-0.008999653341868821
2017-02-27,0.009528313910206468,-0.0030014925084968615,0.0032221835228163926,-0.00018186405899849248,-1.2395456793133378e-05,0.0015778464322582764,0.0015755798183938613
2017-02-28,-0.00010576830950353105,0.0029803184926625644,0.0,0.0010907501746456353,0.002761797594019643,0.0009925346069784193,0.003110637092411382
2017-03-01,0.003402366628901017,-0.001427914978222764,0.016534164520133905,0.019373055238005858,0.020826850966286704,0.019478832204009464,0.02104156379098214
2017-03-02,0.005408199148953396,-0.003155193618451976,-0.004613200934561554,-0.0024781194423639597,0.000598455899353418,-0.0006316734784501069,-0.0016206832289344954
2017-03-03,-0.002893211251133857,-0.0024833612858004657,0.015486003942151078,0.004100390668842312,0.006291877232841747,-0.0026744777560988487,0.005503743078863654
2017-03-06,0.008619778604466053,0.010480388215962188,-0.0051354010824113975,-0.004378351935021359,-0.004603039195095924,-0.00575009078792013,-0.0046915956629308185
2017-03-07,0.001203919018987926,-0.003890114210058578,-0.003725649391855792,-0.0013907844189130364,-0.003463207350473841,0.000646972361417939,-0.0006909756152322598
2017-03-08,0.0018492463150273609,-0.000856528977351755,-0.004027914642832866,-0.0002983334132243667,0.0011053385287419658,9.776458589307087e-05,0.0013284644152032038
2017-03-09,0.0,-0.0021539184439741004,0.013458096062399828,0.009777033863388785,0.004230504568559219,0.0009254337335949118,0.0059621459210826505
2017-03-10,0.004792179270556387,0.002936412224148051,0.010467974933759179,0.006674067639794606,0.002367973107894695,-0.001270590308456986,0.0018693171250415872
2017-03-13,0.009220072482457348,0.010495752325234368,0.0002814478667881619,0.001485727599109574,0.00125694477959506,0.002241920579970097,-0.00022835383536591854
2017-03-14,-0.00646570903568426,-0.0036172570315181995,-0.010749422800547392,-0.0036009204694653,-0.0050813600557853625,-0.00010344415279341904,-0.004713214097366374
2017-03-15,0.00034374554371671923,-0.0036681311722004924,0.014120426269891887,0.003131988038840339,0.00225311501634244,0.0017567717038599823,0.0029051275710282615
2017-03-16,0.0015683370728786093,0.01175313951260352,0.011986330550646197,0.005593570441542543,0.005580631218650349,0.0060855555566540105,0.008946954084304192
2017-03-17,-0.00243943883935202,0.0034204682168346265,-0.0008053263161495696,0.003317835159555262,0.0031586109130385316,0.0009976291183836548,0.002453397702526227
2017-03-20,-0.005438435655879853,-0.0029478685547742137,-0.0027826129601594626,-0.0022300598963096987,-0.00340193477664404,-0.003506678861493355,-0.003174590645647262
2017-03-21,0.0008412454596229178,-0.0004940262165230438,0.00027862365290465155,-0.002916360743524968,-0.0019431615688221245,-0.007559510776741482,-0.002289137074372845
2017-03-22,-0.0021333752730579914,0.0069390189319521985,0.0025039893072548217,-0.00795624956992166,-0.0015464401727933253,-0.004861247985269982,-0.0026043078187010763
2017-03-23,-0.00146716083098225,-0.002062955051731874,0.002220093608636662,0.006065735919844947,0.007591105469469555,0.011323266969173502,0.00916070152574727
2017-03-24,-0.004031280152571641,-0.0005825075184240264,0.0022153792841192155,-0.0021285881090480105,-0.0023593137572365725,0.0020403172988168418,-0.0023287844750018226
2017-03-27,0.006029357638259879,0.006068102164538236,0.006067427844769189,-0.004329715226171755,-0.0006912955987051645,-0.005669030598997913,-0.002037412287360947
2017-03-28,-0.0023217940328805957,0.0010529288766616446,0.004663311554025302,0.005541081466670705,0.005717638038752634,0.012702303392904492,0.008093155203742089
2017-03-29,0.006914839450926435,-0.00398881453912946,-0.002465984086178118,0.002788245531190037,0.004515934774944712,0.004400397558436543,0.0029393252740809394
2017-03-30,-0.006718267534920023,-0.005383655395307408,-0.007159072879261011,0.0041774907669524484,0.004055669739855662,0.004368848592649607,0.0018140567169342976
2017-03-31,-0.00975994244029597,-0.00676626301898027,0.004411894498234035,0.0015693525093317358,0.006437379539056024,0.004594394583241892,0.0055423917820695045
2017-04-03,-0.006642220622120082,-0.001708436576849294,-0.003582841609741255,-0.0060000099409353806,-0.007170505616451857,-0.004531530958683941,-0.008027147348188244
2017-04-04,0.003754104195077415,0.00011731597159801833,0.0008276217471497329,0.0011678358231177934,0.0029880589117630943,0.002048910223438407,0.0025076856918907204
2017-04-05,0.005022493097832747,0.0009608024846293539,-0.007476233972351419,0.001632800824351825,-0.001820819375269752,-0.005289818244063227,-0.002611310267317827
2017-04-06,-0.0045542107403483125,-0.0007367113708814336,0.0038836252853625356,0.002734654176011063,0.005794396600268454,0.0010920628336760203,0.004880683008418501
2017-04-07,-0.0009484453456692195,-0.002611329354407584,-0.0005538616296635769,0.004637736648937026,0.0026986897406788236,-0.0004767820036993116,0.0017837228424680488
2017-04-10,0.0016855578702207874,-0.005900993777431644,-0.006391179360743944,0.0008863641996138301,-0.005434031430633163,-0.0020093728150577914,-0.004403556146123057
2017-04-11,-0.0024942158634317165,0.0014719638399648264,0.0022275124508793196,-0.0014648769577711624,-0.0010951440514377349,-0.005026325351573143,-0.0029925732134554735
2017-04-12,-0.004182737692154851,0.0012937764913874173,-0.0005564131155903786,-0.0011388172411474812,-0.0001470160201295766,0.0012637323216049016,-0.00044102278167839406
2017-04-13,0.0009884540653588491,0.0055757821106804445,-0.008665262388686356,-0.003947407346365897,-0.00590036045346226,-0.0037669645590066303,-0.005855350922164576
2017-04-14,-0.001530231521379071,-0.005098219512770225,0.0,0.0,0.0,0.0,0.0
2017-04-17,-0.0027958186008587333,-0.0005518231785464774,0.0058782695238994145,0.0,0.0,0.0,0.0
2017-04-18,0.0012160538175051306,0.003198762931699693,-0.006721155418163545,-0.011779772226571226,-0.01607176714333632,-0.009005626183789873,-0.011221977145930161
2017-04-19,-0.014654839949772751,0.00787603933151079,-0.0011241951139888025,0.003036187635475975,0.0026976217022169056,0.0013332090524415866,0.003282198337530126
2017-04-20,0.003573482864861298,-0.0012759417804318331,0.010075415577973002,0.0008602198798414429,0.014716159971690427,0.0009041941175203983,0.005550220779289973
2017-04-21,-0.0015281894956834731,-1.068048484067434e-05,0.0013913632202258732,0.0009180518835301265,-0.0036913837443353008,0.001765251873677485,6.97615606205598e-05
2017-04-24,0.012680292681237937,0.01473387077510292,0.05412580705238056,0.02228059233927087,0.04060373431805539,0.033174573935512194,0.039080693796446596
2017-04-25,0.003062806304521614,-0.0008370344334140607,0.0076104682839443286,0.0006108292654219999,0.0017123387778633478,0.0009677843937233593,0.0016144119627295608
2017-04-26,0.0015748961415570422,0.005818837615714092,-0.008928282184272083,0.0007821273936745235,0.0018929075064625387,0.0004618927598160826,-0.0012426787482624282
2017-04-27,-0.003034458825200777,-0.0017688276041054596,-0.001848471263300805,-0.004912337941135053,-0.0030644590110825683,-0.002328551291718613,-0.004318103006160306
2017-04-28,-0.00756718189554752,-0.004104213277379672,-0.00026388329379633646,-0.0014573256234822168,-0.0008293205967886956,-0.0004646186037067535,-0.0010388919759166224
2017-05-01,0.000984601862212885,0.003973291140565258,0.005535361790378587,0.0,0.0,0.0,0.0
2017-05-02,0.0028416654448864933,0.00013092213681450298,0.0068118954436438344,0.008312553281303543,0.006965906982432367,0.005603388084917715,0.005217270070726479
2017-05-03,-0.000958175470452359,0.0024465527570567713,-0.0015677390301183415,-0.0005329277616336331,-0.0005940326097004096,0.001592879391965833,0.002244423859282223
2017-05-04,0.0010409063564409252,-0.004277630513799503,0.02121689688199735,0.006150108958904185,0.013382962229316347,0.009528372018314493,0.011541335015531378
2017-05-05,0.004294075163321054,0.008463877857979456,0.015999950573462082,0.00909862450368711,0.011102563036159741,0.0054492761961772275,0.008484079007164603
2017-05-08,-0.004542358841135871,-0.001492432846504041,-0.015488113257234398,0.0019482911625571982,-0.009144419952756461,-0.0017582514006271662,-0.00456928880735453
2017-05-09,-0.0017279933258412285,-0.0034152831494476646,-0.0053882231285922715,0.0036429460011954537,0.0027937363949059905,0.004289506689987028,0.001911888909457733
2017-05-10,-0.00413083525797995,-0.003752144975261105,0.0017990292039091033,-0.0011195549916677143,0.00045380418088724445,0.0006539366721571705,-0.0009157424289392262
2017-05-11,-0.00030930484515017455,-0.0014795427623111868,-0.004891008985438937,-0.0026544233900783216,-0.003160282464157601,-0.003643748660447261,-0.006105138248781555
2017-05-12,0.002875282026088795,-0.0005325441349084907,0.00899202933708621,0.0008794270325213314,0.004078294017056864,0.004658341445819525,0.00384791437315268
2017-05-15,0.006103247043179675,0.005720486460082988,0.006881584006318765,0.0013081734289400683,0.002213838085864468,0.0028642345171176007,0.0011978635220104353
2017-05-16,0.0033551610993522675,0.0049733891475483355,0.010611423303891206,0.0006535594520719697,-0.0020880138204663174,-0.00019598686081406656,2.748512359300208e-06
2017-05-17,0.009288239100630976,0.010165609234827322,-0.018261096368472465,-0.01258447546736088,-0.01645132986421327,-0.013596605582448197,-0.01579167325232833
2017-05-18,0.0014892495102668693,0.005607107178077628,0.0005120830813837732,-0.008618246462396402,-0.005309432670466375,-0.003294850734978907,-0.006327137125365909
2017-05-19,-0.002980789699472725,-0.003841584496626299,0.01422416253489046,0.004565106028507926,0.006532809671658892,0.003855198502228945,0.006935051323408459
2017-05-22,0.004084747564895873,0.008179592912204795,0.0012601431476313703,0.0017634042556520506,-0.00028552260713497323,-0.001522714226365444,-0.0029259243022928608
2017-05-23,0.004345652928199786,0.0030299874646010755,0.000504205854663483,0.0006060630415920533,0.004738117491754856,0.0031402408401001564,0.005159279399507816
2017-05-24,-0.0023153220296198793,-0.005313076821422747,0.000251390188751701,-0.0005681372055597055,-0.001276077164601009,-0.0012868755425454984,-0.0023420567089815756
2017-05-25,0.0029049226482758725,0.0046052410952720935,-0.002267636691814651,-0.0007769572712156451,-0.0007828230020034856,-0.0016743114134641038,0.0
2017-05-26,0.0018934371248203895,-0.0017953372916784775,-0.004551504454578579,0.0010800810087146608,-9.743849751505174e-05,-0.0015493276951692512,-0.002121262123445217
2017-05-29,0.005922814482853635,-0.0031006300645787972,0.0,-0.0005684034883458267,-0.0007816813117350316,0.002122022912364881,-1.9577718169865878e-05
2017-05-30,-0.004194093845211692,-0.0042155232961007755,-0.002791486045814433,-0.0038349805723192744,-0.004987649102919835,-0.0023997912194231043,-0.004966273100936103
2017-05-31,0.004194093845211638,0.0038245199942626854,0.0048169211114408176,-0.0031244945357769014,-0.004213597336351851,0.0012992825022344562,-0.0018634237497475786
2017-06-01,0.0009169210269797363,0.006410721892161138,0.004793706080766945,0.005632251345073813,0.006609918090568815,0.003944656381659747,0.003490767979478562
2017-06-02,-0.0032128401061160532,-0.0024705630841270632,0.011262785165383508,-0.0005504788795436636,0.004640797779841698,0.012399827238589267,0.006928538068556753
2017-06-05,0.007271488047679927,0.005781635295709812,-0.007494882962226862,-0.00437601833996346,-0.006669636612812129,0.0,0.0
2017-06-06,-0.00520489647092286,-0.002129806388517568,-0.006540453059923608,-0.005219111220940049,-0.007312033794267686,-0.010412040702148396,-0.010534700483170551
2017-06-07,0.001627258181012867,0.001295371377476745,0.0005049141649525091,0.0026606836391561773,-0.0007006202972941166,-0.001390226432343264,-0.0015035420824583694
2017-06-08,-0.005822315978088211,-0.0014417352935042875,0.00025189750076817666,0.0008599097129060888,-0.00024493427402590606,0.003237198914794776,0.004228991833950988
2017-06-09,0.01233930865453335,-0.006272006430605042,-0.0007568116657206312,0.007137109968768732,0.006715264498266296,0.008001801397491478,0.006207108285796711
2017-06-12,0.00012516443103576902,0.0015335964397459661,-0.008364325091913183,-0.010312757611268139,-0.011218037110165112,-0.00982353310565614,-0.011815003898557193
2017-06-13,0.005105551020798065,-0.0005151964433409355,0.00760663041824702,0.0028700462796645166,0.004027757471137182,0.0058565326744108755,0.003920173619845437
2017-06-14,-0.005128331679531686,0.0011314867284345825,-0.0010110500645357044,-0.0032149919892272955,-0.0035126437150872127,0.0032044012912789493,-0.003017647508187599
2017-06-15,-6.82772851331866e-05,0.0006166547146009237,-0.014260074974276286,-0.005689848520616188,-0.00504967176767056,-0.008953052227362633,-0.006133523500845487
2017-06-16,-0.006116027762327153,-0.006160839863208458,0.010561158234452596,0.0036943393919822713,0.00886061794910131,0.004788533394895448,0.00521122593275616
2017-06-19,0.0036786575469452813,0.0054881357753700745,0.005662984613223168,0.00993761368046642,0.00896734220044243,0.010624967203282189,0.010023357862841769
2017-06-20,-0.0018261972359892831,-0.005699907005050658,-0.01006084191592818,-0.009534326314589977,-0.003219489145700314,-0.00577039460812833,-0.005299600664336934
2017-06-21,0.007137551637049663,-0.0006795750515412816,0.0005187308327193018,-0.0007682731031832768,-0.0036696298676318494,-0.0031677852550077113,-0.001773663311400843
2017-06-22,-0.0007829643173210783,0.0027099826986903166,-0.00129645587210084,-0.002096350937332677,0.001453253787357676,0.0015441205993827235,0.0003965936129127498
2017-06-23,-0.0017156541459174002,-0.001573337331533338,0.0025914203694095053,0.0002117362770315253,-0.00299772374878498,-0.0047470508883750385,-0.0034031106349637075
2017-06-26,-0.0007394091173402656,0.004402570472360325,0.0038740539273447016,0.002153589115329541,0.005610741320201142,0.002934409994752961,0.005089091539773565
2017-06-27,0.00010241755633068668,-0.0013652747414871296,0.0025746791218691496,-0.003636920721858873,-0.007043568899618601,-0.007846210905276773,-0.006602749914416124
2017-06-28,0.006736202050941939,0.013817200221092344,0.00997840765828208,-0.004521156614224478,-0.0010807567240181902,-0.001876114685921678,-0.0007407718101108063
2017-06-29,-0.0059741650676128685,0.003828564481944142,-0.01694526251104651,-0.015338113920478309,-0.018939249167271868,-0.018440043777265436,-0.01837345740505603
2017-06-30,-0.00035247161934712863,0.005169753787889567,-0.0038915162449744307,-0.002717402610977213,-0.006553760231187499,-0.007361835068166264,-0.008520028649501679
2017-07-03,-0.0019126965248589404,-0.001623434279564029,0.002077505717165815,0.011702920641844826,0.014547974040319602,0.012111990887506367,0.014402443514632947
2017-07-04,0.0007973902189655737,-0.00453607873585738,0.0,-0.002712562765034401,-0.004015254678559693,-0.0030651127091010453,-0.0035402682799916545
2017-07-05,-0.0001138933611854168,-0.0009888509651569779,-0.0002592880380502858,-0.0007428644757793598,0.0010043835344581693,0.0013297925950996573,-0.00030470735908237504
2017-07-06,-0.0008886506338217021,-0.0011693597201414949,-0.0038999855909421567,-0.0027612226618796993,-0.005361773370301353,-0.005832905006474646,-0.004711463007253031
2017-07-07,0.003958753768819447,0.006842780109586038,0.00441849445418318,-3.919952417662577e-05,-0.0014061092618814835,0.0005998957458940206,0.0005140210798364661
2017-07-10,0.004293582960721383,-0.001837701715489709,0.00233184057412517,0.0041683756798688645,0.003972534976872312,0.004609724870634863,0.004096858293075146
2017-07-11,0.0,0.0,0.004646313847431015,-0.002072251252507268,-0.004859209132197824,-0.0007153809959909806,-0.003912140331540291
2017-07-12,0.008554767999103862,0.006131251207802693,0.007185001796000871,0.010899573694583962,0.015735519033840205,0.015126650947935506,0.014542407828382635
2017-07-13,-0.007413659505172449,-0.004807464986444529,0.0033178948680454116,0.004866203416231343,0.0025378893345611602,0.0011674888492305272,0.0035780217672085244
2017-07-14,-0.005514207173514291,-0.0013123920117594798,0.005591149871647601,0.0037686252499191867,-1.7160966226273624e-05,-0.0007605217494511132,-0.0005359224241095764
2017-07-17,-0.0062986054238778925,0.006246082259973493,-0.004317744772529621,0.0008248706506833364,-0.0009823031799135746,-0.0035338299631894462,-0.002723503185612507
2017-07-18,0.004389278149408103,-9.1836389174089e-05,-0.0017828033728305211,-0.006405933675336934,-0.010938779871902954,-0.01253300671793258,-0.010770655743903648
2017-07-19,0.007592922991081353,0.00655029783305211,0.003054895498887905,0.01166532901653912,0.008239223560357362,0.001740999853486554,0.006190081831167293
2017-07-20,-0.0012087579041626807,-0.0018462368588922442,0.006839781137276998,0.0038836800770802983,-0.0032355554211987974,-0.00038553732712193553,-0.00022573286369418388
2017-07-21,0.013707084971853797,0.008660672812457637,-0.007094168251026101,-0.007763450926021003,-0.015811321796225714,-0.01678557105028605,-0.013747491696348419
2017-07-24,0.0014483622626764944,0.0045455288539196816,-0.0010177050123081634,-0.0010919872174962092,0.001959919794301209,-0.002544838591619166,0.00042287801787562525
2017-07-25,-0.005481475894444898,-0.0036730128113636957,0.0033034555735508217,0.005810704938878626,0.006488621399077156,0.0045240781123124865,0.005881630969186393
2017-07-26,0.0005819382777362271,0.0004889523241931771,0.0070780284563361365,0.00575816784515747,0.00562056183179958,0.003321268380389088,0.005068377432132732
2017-07-27,0.0005257478560841313,0.007140275713109553,-0.0022696107665527796,0.004971335417980666,-0.0006205433934385944,-0.007592298296306895,0.0005583789050313581
2017-07-28,-0.0005257478560839939,-0.003360330911062203,0.0027733374068150056,-0.009129786995642078,-0.010769289203815605,-0.004048446109801556,-0.007300818845692223
2017-07-31,-0.0001790013423878286,0.005003595982651434,0.0,-0.00017132145155466619,-0.007358376076221232,-0.0036613266458411743,-0.005311457853049945
2017-08-01,0.0026597099631572667,0.006517456509259816,0.0062741202185341936,0.0038749014416153086,0.006508274041346486,0.010918659980258236,0.0
2017-08-02,-0.002044410388276831,-0.0010872165978424119,0.00025019371742475557,-0.004141408190320887,-0.0038654033697571805,-0.005714436703617211,0.002883319992904109
2017-08-03,0.0017876736163364606,0.0033718824872047953,0.0027473456640611064,0.000513897129896256,0.0045401179876060765,-0.002199254835094825,0.002035912977455305
2017-08-04,0.009101098356101149,0.0028482358366716766,0.005225142387346689,0.006675198618820293,0.014118717194996452,0.01169630788891491,0.011769877604016021
2017-08-07,-0.0014168930782716617,-0.009003661780450435,-0.00024868561104847463,0.004375200358011198,0.0008548755154486346,-0.00330279159298177,-0.0004590945711000621
2017-08-08,0.0026882358793160256,0.001909827198615512,-0.004726771235321687,0.002387054055756227,0.0021099522177386093,0.0028416305423847295,0.002799953998550906
2017-08-09,-3.312375261469827e-05,-0.003933743568074438,-0.0062540186496582795,-0.00842688137939438,-0.014123309391749099,-0.011294362343766611,-0.013510913524517632
2017-08-10,-0.0013930465851725747,0.0005879322590374358,-0.01619044455331917,-0.008708636139924328,-0.00593909204836067,-0.011560742986308513,-0.010115983900771678
2017-08-11,0.0034569365744397426,0.0007412406839569163,0.0,-0.0128005482897421,-0.010674090843952678,-1.999590327904918e-05,-0.007953383406602735
2017-08-14,0.002455744492605188,0.004683757024378315,0.010402247973571624,0.007957125989025824,0.01193227297276753,0.012495255361312876,0.012927064723299273
2017-08-15,-0.0010564767339269429,-0.004212813668356419,0.0010089283063626662,0.0030083420115747236,0.003621173926453135,0.0009793644238013594,0.0032549428703259886
2017-08-16,0.004602689272272224,-0.002939654885911766,0.004277003546559113,0.006141836171478425,0.007048659050077626,0.00710454003709599,0.006524235783404312
2017-08-17,0.000920194019329919,0.002810170102040692,-0.013650272434661723,-0.0041539552866416895,-0.00576547943692912,-0.004937239758872335,-0.006506887535090326
2017-08-18,-0.0031804248663123173,-0.005003297987145659,0.004064559291969391,-0.007801845643447289,-0.006373707438628895,-0.0031408848744422105,-0.004614930427453724
2017-08-21,0.0030161409524023203,0.003473724677504832,-0.0020298776461823717,-0.005654461097013755,-0.0052069782731513055,-0.008187859344883976,-0.006550661255294081
2017-08-22,0.0028433187700458206,0.004725443074964061,0.00784300421475911,0.009936674144416924,0.008663929609238999,0.013447199140426802,0.00932104401930957
2017-08-23,0.0015931039769644362,-0.0042197846676600495,-0.0005044169724435338,-0.004821249243082633,-0.003214470368939471,-0.004510813401801118,-0.004920132912543392
2017-08-24,0.006217029715267977,0.0046095726316787945,-0.0010089283063626792,-0.0005007603197790202,-0.0004419513162654174,0.000536254466752105,0.0017724191018195258
2017-08-25,-0.0014854871747177032,-0.0012162816868652579,0.008294656479093871,-0.0032416050132455312,-0.0017225038114968756,-0.0010587515815160694,-0.0017956361719478643
2017-08-28,0.0049035912208245545,0.012601173730479498,-0.0012521726563064113,-0.0051540991917322825,-0.004827166649493801,-0.0036614385513740735,-0.005108201210152087
2017-08-29,-0.0007129456199850807,0.0010044878799235918,-0.004773506070804952,-0.009231246472331055,-0.009460442286300072,-0.0147567814936975,-0.009636982786591319
2017-08-30,0.0009181138258112165,0.0005504650901480018,-0.004290076303328135,0.005825812069750179,0.0048412650225476295,0.004725999912412231,0.0045613006160659395
2017-08-31,-0.006672635661667765,-0.006455156902391667,0.005800054958290862,0.005888882083465849,0.00576814906050728,0.004436737716681844,0.005204273009211903
2017-09-01,0.0002173801247211284,0.0014281759693642322,0.0027614691113948546,0.004138418834109863,0.007379889857055455,0.007174019093974791,0.006528433999972164
2017-09-04,-0.004203101628577948,-0.0023197286450903896,0.0,-0.003692735835285683,-0.003772199059070403,-0.0033351186438678993,-0.003916028838120219
2017-09-05,0.004094417472982059,0.0008915526757262396,-0.008309097727635453,-0.0015701737710964267,-0.003416931743899906,0.001774958863394344,-0.0027906670334370796
2017-09-06,-0.006432255173169905,0.0025723291798226953,0.012562979985869069,0.001957398389614576,0.0029152241045255797,0.007464012393204516,0.00377552102726631
2017-09-07,-0.00021880681134580032,0.00031007026908479087,0.00870115370987531,0.004559162566465209,0.0025861255196644463,0.0066981829859044375,0.004028180677077811
2017-09-08,0.004115786996989744,0.008456670882772186,-0.0007425430426700562,-1.929314391129211e-05,-0.00022093676705853686,0.0005975938036663826,8.71001399875585e-06
2017-09-11,-0.007974015645137842,-0.0009498391490405942,0.01034984041347233,0.009858371147733884,0.012287520317719023,0.01382307334494409,0.01368329624837809
2017-09-12,-0.0027822926179781383,-0.0048553725898403035,0.004158882070058611,0.004987911839106933,0.006220061714651523,0.003962347386338034,0.004957412225434134
2017-09-13,-0.008027314329280305,0.0012684952800507596,-0.004404284312468996,0.0039989540579229545,0.001645805992973361,0.0022968660677867374,0.003007473892365882
2017-09-14,-0.0008218295048268292,-0.007040230737258596,0.003671661237698434,0.001228744889744093,0.0014575324949212569,-0.0010456768678354961,0.0009475938279529215
2017-09-15,-0.011588421126009827,0.0026074388715421597,0.0012250954567353143,-0.004847938560663363,-0.002163027898769624,-0.0017271563950431396,-0.003104201592991987
2017-09-18,-0.011747132699008558,0.0013003754213913215,0.0031783357652620603,0.004791207259117913,0.0029511327781485473,0.0032362860817191164,0.0031779295546385906
2017-09-19,0.006246903605314978,0.0018519597279447737,0.0038977022367733516,-0.0012288146428663998,0.0015516012593015918,0.00019110492916063276,0.001258144620815075
2017-09-20,0.0028665839430112475,0.0027783834456705627,-0.003409613853176221,0.0,0.0008054537188458655,0.00058731405693256,-0.0015956070368393163
2017-09-21,-0.008374540740519309,-0.010094523826527133,0.0017061430370129045,-0.00035946847321463793,0.004877734341162019,0.0024522326325648524,0.003974459748161193
2017-09-22,-0.0003750633081855057,0.006168672724767713,0.000973215815294298,-0.0008328280770065838,0.0026543872476446134,-0.0006097609147056687,0.000516828537901276
2017-09-25,0.003823908151517012,-0.0015397038475801963,-0.009288443019873178,-0.00047357003778731254,-0.0026847935255791375,0.000195334529612615,-0.0010198463968793736
2017-09-26,-0.0038466766382247346,-0.00601701171679182,-0.0044299343760488,0.0013632195907401904,0.00030939633574147876,0.0008246525049382917,-0.00040433627385766114
2017-09-27,-0.0033822642197938535,-0.005886836853223914,0.002955823661167886,0.004888743661703244,0.0025022372960356526,0.004133384044186009,0.0052992881817160225
2017-09-28,0.0002737731866428382,-0.0030949455631941935,0.0034371207938051346,0.004321342406537776,0.0022334275789574207,0.003725272157570951,0.002379604153128851
2017-09-29,0.0003876548034216664,0.0027296467229846197,0.010968939686556095,0.006856924186496663,0.006784940115703977,0.009729248906030382,0.008719828588761367
2017-10-02,0.0051168135978445755,0.002170207648058877,-0.0029132517447379856,0.007383357089764811,0.003863188309183098,0.0057353990659505015,0.0021784795382759304
2017-10-03,0.002378987741767568,-0.006250154855581805,0.002670600679274157,0.0022339770521886907,0.003166722592824569,0.0,0.0008434689642617672
2017-10-04,0.003783239288885583,0.0011741541657486819,-0.004617494238166359,-0.0011070682419060825,-0.0007791102747725135,0.005246307004326284,-0.0030053097126350333
2017-10-05,0.0013292105174046995,0.0008226295598220761,0.002432733235049044,0.0022682285651181794,0.00297511409752009,-0.0001904288966732951,0.005168980449288618
2017-10-06,0.005467221694864562,-0.0038255380743325205,0.0002430649272724328,-0.0055043275863547216,-0.003596216008705606,-0.0009342216048722149,-0.002832250419918729
2017-10-09,0.004735786024515839,0.0025682950913297697,-0.0014591596042983549,0.0023864407357610962,0.0011057851346834972,0.0015779497365534722,0.00199060523923947
2017-10-10,-0.004579045830541009,-7.0457239084023e-05,0.009203424777447735,-9.237070434150847e-05,-0.0004063898372006852,-0.0020944817307431015,-0.0032485782018030337
2017-10-11,0.0010628361999605,0.006218846333423547,0.0028888225719824333,0.0011450644952499614,-0.00023116523541698102,0.0016535301322996594,0.0023868006849272695
2017-10-12,0.0020665534813914675,0.004274356681467382,-0.0028888225719824394,0.001991549714820905,-0.0002984360362032002,0.0009409081024852556,-0.0005129270833666695
2017-10-13,-0.004664151769521061,-0.0028436443420641394,-0.0007229316280826891,0.00618889072613906,-0.001693308528382314,0.0006914765864138106,-0.00027461244687062067
2017-10-16,-0.0034477529999275445,-0.001501544931142891,-0.001690424585956311,0.0008417410193303806,0.002079336892828197,0.0009101611389517707,0.0004770527400318555
2017-10-17,0.0011693480718225377,-0.0016526703470598411,-0.0021775937034319913,-9.144471093346145e-05,-0.00028156106673643056,-0.0006646951928497627,0.00041585575169940733
2017-10-18,0.0025362439558654993,-0.0019205864297465773,0.0050733863559226195,0.001937307688835874,0.00417675155961701,0.003684660256308286,0.0032874507473117077
2017-10-19,0.00047067372030006635,0.001979610503095839,0.00024078355880805146,-0.005713036752271292,-0.0028868835239749596,-0.004066413622792543,-0.004865831021645354
2017-10-20,0.009188886760638995,0.004468522795391385,-0.005314169914730805,0.00012854933328115375,0.000761562170221514,9.088540090152604e-05,0.0008352820514283548
2017-10-23,-0.010938116158798805,-0.008000833040873344,-0.004368529549761592,0.002439079244189437,0.0026823923570830467,0.0009124555084099094,0.0010479762946757135
2017-10-24,-0.0011903126671878308,0.0004702904875673446,0.004368529549761682,-0.004203339526169168,0.001482106597737419,0.0007726517706254219,0.0005041371614124626
2017-10-25,0.006049085414285999,-1.1759635881293249e-05,-0.001211619179833443,-0.004424147488452608,-0.0036973563321195547,-0.0046044054826639945,-0.005340079400466792
2017-10-26,-0.005487419163638542,0.005234651900610724,0.0009693195984456886,0.011754618353984704,0.014867791794013912,0.013790401525446399,0.012655347258540348
2017-10-27,-0.00470505941553673,-0.01564581794464382,-0.0019395796890865954,0.0032266975792899374,0.007074302321860035,0.006395250835118659,0.004123793146367359
2017-10-30,-0.0031188502255602548,-0.002812281158441295,0.005808069505620818,3.6435582505119755e-05,-9.10103626236174e-05,0.000909760961203922,0.0027206452547289166
2017-10-31,-0.0018578769394712196,0.004139812097083693,0.005055068943960228,0.00710891756423765,0.0017568844373545137,0.0,0.003208784418550844
2017-11-01,-0.006130405060920402,-8.164019452086343e-05,0.0028769323918686395,0.0020038194514956247,0.001996809385904517,0.017677084785107256,0.006362479259445869
2017-11-02,0.0007982813991850096,-0.0019787939054160286,0.0028689088946692283,-0.0011909434426442447,-0.0006875485516503713,-0.0018270782357226998,-0.0023286283768492438
2017-11-03,0.017705378753938798,0.00284140815238091,-0.005506040161070077,0.0023805801695399786,0.0013547148136961095,0.002818052377778448,0.000314392151904532
2017-11-06,-0.005728113507119434,-0.004026851354010363,-0.00047989065231166054,0.00012598735459810022,-0.001944671945463122,-0.0007473982200896737,-0.0020617271461970386
2017-11-07,-0.007348408967691669,-0.0001973854897280328,-0.009410137766632857,-0.002560790137736636,-0.004843498610062219,-0.0066687009046307285,-0.0064268494579096044
2017-11-08,-0.0007945933431909981,-0.00099819898040769,0.0007266685329820146,0.0017500599501149914,-0.0016818670526591803,0.0002354403405711895,-0.0010199829534117074
2017-11-09,0.003944082506529947,-0.0003596121387038146,-0.0087590629585946,-0.007962878196854229,-0.01170693049349729,-0.01504718816766529,-0.011706994303053327
2017-11-10,0.002237119695906505,0.0043000786630653445,-0.002446776967619152,-0.005557116554234682,-0.005010875717361406,-0.004187750886839058,-0.005201042552819051
2017-11-13,0.0030875986380419045,0.0012237010803180745,-0.0041731797855325626,-0.003459192922624905,-0.007291406242147063,-0.004049316891817093,-0.0053681040244564614
2017-11-14,0.0003374657441104983,0.0003265648913710829,0.004173179785532459,-0.0068067746867488555,-0.004888682246813752,-0.0031361761051484785,-0.0050877662279649755
2017-11-15,0.00784226457385864,0.010907609447217186,-0.0031896802411771163,-0.005998778097524719,-0.0026995038484882643,-0.004391447244493754,-0.00300190657251779
2017-11-16,0.0,0.0,0.005880770724859483,0.001299109773288664,0.006606778211682034,0.005445043120414765,0.00536673094727802
2017-11-17,-0.0043952859274865455,-0.0013080981138200777,-0.004407391648684828,-0.004777818051444766,-0.0032321585614403197,-0.0041080938012600385,-0.0048761215771380186
2017-11-20,-0.004009529556254723,-0.0038790094132601784,-0.0019650670368718814,0.005741799068688465,0.003992694199923113,0.0049845576838201625,0.003924665756138677
2017-11-21,-0.002569127783875861,0.0007980439055144413,0.006616829942489407,0.003901857500689299,0.00480073154041428,0.008303185939414294,0.005016348148213047
2017-11-22,-0.0003046869963320661,-0.00034038833844638117,0.0009766536905636903,-0.003327644400756148,-0.002498415249072159,-0.01164909829977342,-0.004668234774885864
2017-11-23,0.0011843279638156156,0.006582660069541397,0.0,0.002459762581281241,0.0049906039726030195,-0.0004987962497512143,0.002640656263527881
2017-11-24,0.003937727237103677,0.003313668861567561,0.014294719825386965,-0.0013308394284278467,0.002027841340208249,0.003935042090272095,0.002561032545375946
2017-11-27,0.005006524119068501,0.00609963059633493,-0.0062742726423561995,-0.004709252904766053,-0.005649980425092976,-0.004577103678148404,-0.004817184624088171
2017-11-28,-0.001755644300056133,-0.0018111957909793374,0.005552212697363199,0.010169453307131463,0.005653694300016597,0.004553399407247085,0.005448056409677366
2017-11-29,-0.007910291242976404,-0.00478625465344035,-0.003134191323954988,-0.004000049435938203,0.001403309924846799,0.00017915147896119637,0.0017899249104824625
2017-11-30,-0.0035711092838675135,0.00033187390605268443,-0.0004830206159093368,-0.0024224908003953037,-0.004690407117888802,-0.0029049982448234495,-0.005581139457859342
2017-12-01,-0.00448189531931511,0.0038949725055720153,-0.007761868080586944,-0.008441181421397655,-0.01045876227872024,-0.012554716161384111,-0.01194237577676379
2017-12-04,-0.000602904741619852,-0.0032310523571200717,0.0019460640335291091,0.011085278046582069,0.013525086410940456,0.015205483231684752,0.013702775648824484
2017-12-05,0.0022050861528912368,0.0006643836844992693,-0.004627968865251895,0.00283977817923853,-0.0025565242383030476,-0.000766823585118195,-0.0015811024221721681
2017-12-06,0.00127078861984061,-0.0029389064537555013,-0.003178407577273589,-0.0005709767584119998,-0.00021947919746000992,-0.003815391149566987,-0.002523787980775555
2017-12-07,-0.0005444356235933117,-0.002422797988340597,0.003666732549053814,0.0032006321699448665,0.0017679089990675773,0.0035555851657639954,0.003240451496931869
2017-12-08,-0.009472863819979098,-0.0027231131814485885,0.0053541448059483505,0.004964536198378016,0.002824828272419084,0.00828665559161578,0.005114077506883098
2017-12-11,0.006291056808192109,-0.00018826661545196552,-0.0007285468835531812,0.0021722716069116194,-0.0022732916605211653,-0.002287126907129214,-0.0025760895993061066
2017-12-12,0.004077706880180978,0.0006474925079878913,-0.001702048705949246,0.008099750263025193,0.007464393556321557,0.004552368191024192,0.005051172601474907
2017-12-13,-0.0007257023120322522,-0.002975242802169791,-0.00048619697597053664,-0.004186946065535377,-0.0051243611028171255,-0.004400801591443952,-0.0051795822912666534
2017-12-14,0.0012243384357365978,0.007910432083082026,-0.00953914791283125,-0.005628325459139101,-0.007866856595366954,-0.0043949208865212,-0.007153333025001828
2017-12-15,-0.006935154803009475,-0.0051589039474551224,0.003322387577597003,0.0021895245812037544,-0.0014646013942365172,0.002711294699039858,0.001211243649332713
2017-12-18,0.005971702667587752,-0.002669402938509404,0.013423671853850341,0.008385099913264277,0.013237160494867376,0.01580448898929351,0.013637654556442483
2017-12-19,-0.0013391583324661065,0.0034585584970408443,-0.0014561505157289377,-0.0022797909525378622,-0.006973686044457212,-0.007276075433416209,-0.007564361195910096
2017-12-20,0.004181574850068595,0.00483143721251939,-0.006088172753693176,-0.008459177191783854,-0.005614961588436582,-0.011156314343879703,-0.008288935380706023
2017-12-21,0.00443443332991876,0.0031072487323386346,0.0024399523413240324,0.003665329978288939,0.006183276690965948,0.003099467833974348,0.0050902911307237975
2017-12-22,-0.002367068076652627,-0.0017564352044181224,-0.0021954549791032476,-0.0016578181244775844,-0.003953239620048644,-0.0028225094715523674,-0.004882020347444829
2017-12-25,-0.0011743920116225287,-0.00010667475836490332,0.0,0.0,0.0,0.0,0.0
2017-12-26,0.0026177931227506237,0.0013881944230198205,0.0009762229791850914,0.0,0.0,0.0,0.0
2017-12-27,-0.0009808611249151411,-0.001234067632668466,-0.001220720341405822,0.000218753641434709,0.0007676165384172583,-0.00021195180383505962,-0.0009065795200629107
2017-12-28,0.0014315222213351693,0.003611301394254342,-0.001955436395330614,-0.002811052843341118,-0.005494822976292584,-0.006915900119242522,-0.007310778610233025
2017-12-29,0.0005856029305072378,0.0034333082699906565,-0.003678208716867276,-0.0045435944119215695,-0.00504317887551035,-0.0048113299578470435,-0.005790942712712919
2018-01-01,-0.00024769000343825577,0.005280299334562936,0.0,0.0,0.0,0.0,0.0
2018-01-02,0.0009228721558779445,0.0005523534177722327,0.004411901582440356,0.00038547222897803644,-0.004520260307677929,-0.003586800344592583,0.0
2018-01-03,-0.0019368193198129172,0.004309459786959923,0.0039052472483156065,0.008317247562051927,0.008037740115411448,0.008264802717344135,0.0016880691354958473
2018-01-04,0.001846830308872272,-0.0044055338609388685,0.017626885777696152,0.008555373188828997,0.015339600629815976,0.014509469328923602,0.016669972772014527
2018-01-05,0.0016411934985001563,0.004851896369631849,0.010002568525189267,0.007372631791081336,0.010484798781091568,0.01145834770877817,0.010799226326122364
2018-01-08,-0.0041419941364225525,-0.0026034254630769985,-0.004036893331551474,0.004879222465156253,0.003042466917879702,0.0036077430757027666,0.002441853618633499
2018-01-09,-0.005167744791864582,-0.005581836821075154,0.0007139601737079872,0.0038258005663861744,0.006633177716181999,0.0013313891195954701,0.0017736935618672665
2018-01-10,-0.0005669809209510063,-0.003441541320087566,-0.0035731940203219165,-0.004628440688976363,-0.0034926917419105924,-0.007818712713290606,-0.003605860284400798
2018-01-11,0.003645959627831751,0.0022451934756694413,0.006184877273354862,-0.0027694938222265807,-0.002934602969008146,-0.005923498789212542,-0.004049955849029884
2018-01-12,0.004983259147876748,0.007163443657419456,0.013893988499985879,0.003946399208817962,0.005181051851949221,0.003185876353186833,0.004819786920731888
2018-01-15,-0.0015757005173909306,0.012395577440172478,0.0,-7.125192186034388e-05,-0.0013367707230155753,-0.0033669609170657866,-0.00022148457952630125
2018-01-16,0.0014294919104311402,0.0062252298447128904,0.0025694314861273316,0.0002138492990608053,0.0007492864057866694,0.003465091377056934,0.002820075101496084
2018-01-17,0.00024742258492435333,0.00023307764364815267,0.0037251026289267563,0.003735195599033788,-0.0036028258459739585,-0.00471960261260716,-0.0025515558645144596
2018-01-18,-0.009252409628112182,-0.007140809171959861,0.0013932603254723592,0.0056825186006781644,0.00015285421505701228,0.007365859225883252,0.0022477839944466844
2018-01-19,-0.00040868200825978684,0.004310183172470693,0.007629363609540232,0.004948103692093387,0.005748806442226512,0.011455522473826047,0.007747008152473358
2018-01-22,0.001656361194731226,0.0015430167694837121,0.00848547940869374,0.002666421847431311,0.0027972135056754414,0.0021741462579627003,0.0044323794347980346
2018-01-23,-0.006470723611666588,6.12782288566978e-05,0.002508633482618335,-0.0003855403695417124,-0.0012151878089290836,0.00709829056736008,0.0019107175353748169
2018-01-24,0.0021311860490859707,0.00439735155950313,0.0015933704862213802,-0.008023687726782884,-0.007270763273021268,-0.010740634872462589,-0.007947558361561014
2018-01-25,-0.007966790227747144,0.006545840132911253,-0.0038736364177708892,-0.0017150780268056333,-0.0025418608655949715,-0.008713374081147852,-0.0035939551145653657
2018-01-26,0.004945320518335954,9.918292422570005e-05,0.009316822698934602,0.003039195747337126,0.008708206625954116,0.0031390323876204153,0.004743359743489495
2018-01-29,0.002953201985902884,0.0028791319849890973,-0.008404420212692084,-0.0012887506475100148,-0.0013682450128917774,-0.0011767980982904534,-0.0011987939288998091
2018-01-30,0.0014903791337318537,-0.0037833976858985714,-0.008475102380097273,-0.008979169816290976,-0.008696453420503255,-0.00955965334599217,-0.010011418806473856
2018-01-31,-0.0034620415749586917,0.002293139592610932,0.001608678484724001,-0.0008559463758037721,0.001487880230065058,-0.0006237490479515148,0.0007039980802924226
2018-02-01,-0.0026044025368101545,0.0007324958037122442,0.0004593046687954501,-0.006533148406089339,-0.005007173852805809,-0.014170235176258565,-0.008888757777286746
2018-02-02,0.0028667678105354067,0.007328950679841816,-0.02581266419145537,-0.012268057478394979,-0.01655744238004481,-0.016964206957933374,-0.015229947912754525
2018-02-05,0.005924390192804974,-0.005053840607735393,-0.04308138015093157,-0.013599163379944776,-0.014862974548148162,-0.00766864845438969,-0.012713593586626333
2018-02-06,0.005551321255642622,-0.006377383172319828,0.027890221101245907,-0.030821244280053707,-0.023742365489830112,-0.02351211262486142,-0.024398614991472712
2018-02-07,0.00011276082252091695,0.0010890581283255556,-0.019563359069085764,0.01916220449820003,0.01806393201438427,0.01583260227071189,0.01740335047774344
2018-02-08,-0.0034783154169989003,-0.009181762489920628,-0.0299567184498062,-0.019276235780827936,-0.02002832735287234,-0.026571389168848037,-0.022606935972987213
2018-02-09,-0.004728624390295641,-0.000600981855033339,0.0030116437886801573,-0.01491717629243096,-0.014167179197455713,-0.012542105433337095,-0.015309216945144765
2018-02-12,0.007225669380104602,-0.0006496959447372854,0.013686448313316663,0.01107032119793646,0.0119090339546363,0.014373947010316947,0.012625950438311943
2018-02-13,0.0021868415035803126,0.004150100441697588,-0.00296975403350417,-0.006758080072005381,-0.0060140529071872504,-0.007048403817393866,-0.008144130770709638
2018-02-14,0.001799941377510814,0.004056140127369198,0.017934239767142854,0.009692216489968817,0.010904683705426011,0.011628932176552541,0.008613130288567078
2018-02-15,-0.0002473057770294933,0.009146425433200864,0.0065524700571033346,0.00366497620764987,0.011024653016235236,0.0005679296806019802,0.005858415148851301
2018-02-16,-0.00336718554436432,0.0029091421930713865,0.0019334486454488681,0.00886934423788237,0.011245262405706261,0.008532149910758674,0.010906159036121124
2018-02-19,-0.002236033377176056,-0.007362497093656409,0.0,-0.006616254908666098,-0.004820749556276658,-0.005343561172108251,-0.00556289654375614
2018-02-20,0.001750870285543546,-0.0010668553718264204,-0.008973076945709329,0.007855408535059687,0.006387194032182265,0.008225730844298403,0.00797623899871333
2018-02-21,-0.005761093271108429,-0.0051198390023570895,-0.0073350557996102045,0.0019121547641274721,0.0023244013443848477,-0.001395134753319379,-0.0014333561142804328
2018-02-22,0.002143068660790152,-0.004345012256307387,0.007335055799610276,-0.0024564231510168216,0.0013306556534407547,-0.0006882673412330948,0.0005333833257600428
2018-02-23,0.0006114819901551911,0.0036420916071724634,0.007039628300260369,0.0027186130392583916,0.0015320306092444416,0.001754201185131066,0.0027555235762101496
2018-02-26,-0.0042994954394021305,-0.003212105009122826,0.008190802641013807,0.007870183493171569,0.005044201636707548,0.0034585052135625294,0.006291433784982663
2018-02-27,0.0024185687663024853,0.0023126013299230768,-0.017913934659832233,-0.0008920409873151623,-6.167365019922445e-05,-0.0029027043633322856,-0.0014881511536934784
2018-02-28,-0.002668711739123051,-0.006946405230548275,-0.009571690815192841,-0.004192253144025201,-0.00439592181311321,-0.0044034077584076715,-0.005529982495078494
2018-03-01,0.007827037858700309,-0.003199213284151269,-0.00916618291657106,-0.011247130750151935,-0.010947836923914966,-0.019890310802532733,-0.011640772317552698
2018-03-02,0.004963368633546699,0.006506946640574449,-0.0004979516265472212,-0.020738990911084422,-0.024230107932579518,-0.023003253633673743,-0.022133833106819805
2018-03-05,0.002343668671941132,0.0036263787619993924,0.006947733639031097,0.014906161225688818,0.005949254221561312,0.014760797507517756,0.009152682967359193
2018-03-06,-0.0024671402388212384,0.001713382605229048,0.0046872443320357575,0.0035074985374838937,0.0005804133888898278,0.0019004547621472698,0.0007567320158857283
2018-03-07,0.002971062399052733,0.006472901653150981,0.005889800586730076,0.0044379322648842616,0.003398341869985957,0.010796031646994579,0.005790472727989368
2018-03-08,-0.0006158874248109701,-0.00016140177040260427,0.0007338651537775333,0.008462048489377004,0.01269322973590335,0.00895988039974117,0.010579343382013613
2018-03-09,-0.0014236589873100744,-0.008738819743630995,0.003417133988060267,0.003580972851142247,0.0038561675152932423,-0.0007198231241192149,0.002124730362890887
2018-03-12,-0.0034611170329792947,0.00017221271392751176,0.0012175140286029128,0.0023986883923357676,0.0004378797416752204,0.005791234450782304,0.0026101957239546727
2018-03-13,-0.001295386975352926,0.002501775781071896,-0.008309018450978886,-0.011036991588309779,-0.0064489832090830375,-0.016020149545101427,-0.009412895788257165
2018-03-14,-0.00018033509049906972,0.004266335039781299,0.002940505280538258,-0.0029150249461112787,-0.001800313744303224,0.0013663780468391351,-0.0018767853018308962
2018-03-15,-0.0014666649436318989,-0.0013499625381387281,0.0007338651537775333,0.00437862742231134,0.006456765660525099,0.008771810793244935,0.006803708422168387
2018-03-16,-0.0033247784836551685,-0.005381152570823163,0.004326237745509593,0.00676498107308856,0.0029365367142718613,0.0035593536088982195,0.006792675427222916
2018-03-19,-0.002381618221567702,-0.0023114690130010985,-0.007098314334057453,-0.010108212619070864,-0.011405510132035543,-0.014025779952020825,-0.012473428316514103
2018-03-20,-0.0012497913703453068,0.00455422106110146,-0.001474936753051321,0.0073666744736293165,0.0056495747948525025,0.007365003071754479,0.005080183975987738
2018-03-21,-0.005700614324725816,-0.006909380265738672,-0.002463229830325961,0.0019217086670321375,-0.0024189366161340518,0.00014789380680393046,-0.003240820221960903
2018-03-22,-0.0018883308138559149,0.007785708051778266,-0.021688232278489216,-0.015232459686822504,-0.013939040052918348,-0.017130849385989584,-0.01566139487249464
2018-03-23,0.0002977911049506778,-0.0018381487711451225,-0.011915568564293516,-0.013183370647794247,-0.014029995962611565,-0.017824789049254792,-0.015082414191466564
2018-03-26,-2.293536493444493e-05,0.002381543956155749,0.020947063270534305,-0.005191344432096326,-0.005696109420212056,-0.008368014241291617,-0.0058843762308991914
2018-03-27,0.0019564189825004023,0.00831188172368744,-0.012818744308277685,0.013422781878297003,0.009715329209942374,0.015453596391853928,0.011592577875405187
2018-03-28,0.00034282633845523656,-0.003990881759450981,0.006304358034257962,0.0023556951181572935,0.0028693067785635733,-0.0025192967971920887,0.004301937663427822
2018-03-29,-0.0010860315401929972,-0.007897382931562176,0.012242622962669324,0.004770424154124654,0.007158856527726064,0.012981639983627419,0.009039693994936735
2018-03-30,0.0029810002764974145,-0.0006029938609045437,0.0,0.0,0.0,0.0,0.0
2018-04-02,0.0003306441763601845,0.0009230866886203371,-0.01526349215801148,0.0,0.0,0.0,0.0
2018-04-03,-0.002351272741865166,-0.0017470394477167334,0.010783554606226417,-0.001966048010414234,-0.0029419673903158298,-0.007824395007189979,-0.004343815592540526
2018-04-04,-0.0027004928571846307,-0.001154869778581974,0.00398284636844594,-0.004342555800601095,-0.00200512847119352,-0.0037186314002162105,-0.00196786618144129
2018-04-05,-0.0007221575949600873,0.0006755016584394306,0.011117930183057304,0.026813748567938674,0.02589202740024859,0.02862897903271786,0.02647004842333908
2018-04-06,0.0027481765378419695,-0.002870925082302187,-0.006161177434819862,-0.002222698579983787,-0.003498787560076066,-0.0052081679416985105,-0.006390689662565062
2018-04-09,-0.0042629161935955695,0.001618556583301758,0.009839932328649631,0.001130563571414588,0.0009789172539555213,0.0016716693624826806,0.001978616876547657
2018-04-10,0.00109042532428077,0.004144001211158943,0.010713786947246218,0.00986042263789732,0.00835689850378065,0.010995684485054058,0.006983169048180379
2018-04-11,-3.446165392624986e-05,0.0032954948055088436,-0.005342836549657555,-0.0013764627087232365,-0.00559637135599004,-0.008371469401042268,-0.005561025103676995
2018-04-12,0.00030970200215208864,0.0006925638918780253,0.006069030077571081,0.006224890730694022,0.005909113302375572,0.009797329533186443,0.0070691264846376636
2018-04-13,-0.0068585495523563345,-0.0033963667390498223,0.0009673998821396463,0.0002736682844507126,0.0010918061217909422,0.002203820584186531,0.0011694855820113868
2018-04-16,-0.0006006248082868474,0.00023433623354313018,0.0038611895940437505,-0.002612647668292601,-0.0003876670116683272,-0.004106522914396425,-0.002020590173968221
2018-04-17,-0.002267226497041979,0.0042513295822551745,0.009826694115212472,0.008561562391248376,0.007608920247323208,0.015547441177469964,0.010657750757924255
2018-04-18,0.0021978739253095845,-0.0009655845061456074,0.0033330928937106517,0.0036752524792069627,0.0049619260342619225,0.00041783301980540715,0.003725173872894236
2018-04-19,0.007000882167476032,0.00048266805112577506,-0.003810613737840121,-0.00369340864325275,0.0021296734934293355,-0.0018610327035182635,-0.0012296099222992077
2018-04-20,0.005618079662553155,-0.002719696805180505,-0.002867405468375408,-0.001688302325739325,0.003922444720225717,-0.002144337904055361,0.0021773597481595276
2018-04-23,-5.706136618225121e-05,-0.00585924857787994,-0.00047866312286854015,0.007006890875090238,0.004740369428181234,0.0025397049901375035,0.005383032151816316
2018-04-24,-0.0005478595737522934,-0.0052637028397498915,-0.005280932364356218,0.003943504082495094,0.0010310579037131026,-0.0017170848208160165,-0.000620784308935532
2018-04-25,-0.0018169614997774247,0.0026528923546068075,-0.0012039488483650874,-0.008500591799931794,-0.005684650881236723,-0.010292798164380737,-0.007160483100717076
2018-04-26,-0.0012589457660843006,-0.005712650234150854,0.001926060151278905,0.0048456760123450435,0.007413435751955945,0.006272992904089842,0.0057781497520923665
2018-04-27,-0.003751842031051284,-0.00511110874201837,0.0026415298932900354,0.0009555674023001084,0.005414749615087804,0.006411193861240887,0.0036299953718520973
2018-04-30,0.011622768936151724,0.0010903377604621455,-0.002161025117122512,0.001422525453490884,0.006781398199133207,0.0024800757835215415,0.005028851359303446
2018-05-01,-0.0032891104676475015,-0.003436890367875175,-0.0055440718410002645,0.0,0.0,0.0,0.0
2018-05-02,0.004401955350058819,-0.007450468811979409,0.001690898520228187,0.00023390798298409952,0.0015783597203421953,0.01496344535588001,0.004871452317737795
2018-05-03,-0.0007720437717020686,-0.0033877940587112173,0.0021692437671018807,-0.007457676851120281,-0.004996902334579621,-0.008794803958704245,-0.0069660693392965935
2018-05-04,0.0033111544355557193,0.003195912401978984,0.00168392955367014,0.007169841473835989,0.0026120957386397406,0.010149086517631467,0.006065230326999109
2018-05-07,0.00010188655447040971,-0.0028613126228246057,0.0009614661546899445,0.0038794063331932904,0.0027825606197688386,0.009976902047866911,0.0038229910196530335
2018-05-08,-0.004481336142241475,-0.0017797005116395965,-0.005056252333073271,0.0011645323510406855,-0.0017170809467740471,-0.002778749024032272,-0.00177197371004898
2018-05-09,-0.00439871356299622,-0.005533851088539423,0.0036142814022157525,0.0053570599135805115,0.0022972267231235197,0.0023863316510655923,0.0033279323474431272
2018-05-10,-0.0011198135854235982,-0.0017430672818787454,0.006949848776764454,0.0011924694321256064,0.002043271445839463,0.006147347633710825,0.0
2018-05-11,0.0073815960556284825,0.00591735512042152,-0.0007165367379071225,0.00016012602549469234,-0.0007233574704771221,-0.0016622960401712435,-0.0011828500122979797
2018-05-14,0.0009075593782122312,0.0029002183504962887,0.00023890263105415884,0.002220663658958879,-0.00022734075825117883,-0.001811488123663539,6.169195987627534e-05
2018-05-15,-0.0024977390559837104,-0.0017554472898831247,-0.00791649828830815,0.0017197913738347483,0.0022498946009190807,-0.0005911820561230652,-0.00040671671392811297
2018-05-16,-0.004682971034188065,-0.00928694064996898,-0.0016871766214712138,0.0011331504748272308,0.0025861484572967637,0.0020249305487855403,-0.0004040727130995502
2018-05-17,-0.003982401686402998,-0.0003309314358126005,0.0033718564968712793,0.006754369688590954,0.00971991698224014,0.009059886816964275,0.008198427720335551
2018-05-18,0.0005617091547251027,-0.0018417401567751084,-0.003613064801607782,-0.0033979074562536,-0.0013189522882862128,-0.0028169047414827986,-0.005140975948699587
2018-05-21,0.0003437297912036424,-0.0024269007581673207,0.004574302138106649,0.005346909105690717,0.004088160702080944,0.0,0.0
2018-05-22,0.005597751118095407,0.002191086827304078,0.0009601994589868868,0.003467205653950264,0.00045937607493162227,0.007025437393415373,0.0037676266821358223
2018-05-23,-0.0010257828777408252,-0.0003302127283434639,-0.015477853903764393,-0.012276748568694184,-0.013252082212946522,-0.014769217260766828,-0.012745153622889456
2018-05-24,-0.0012552106400678773,-0.006673574838505811,-0.003173270476533252,-0.006124174320214614,-0.003131086276306984,-0.009426388426866224,-0.005679871198893847
2018-05-25,0.0002283064094232241,0.0010661932567615083,-0.011063494570581159,0.0020455977020434604,-0.001063996245901512,0.0064296427177683475,-0.0018188986408140802
2018-05-28,0.0025196780250772172,-0.0028795704251883274,0.0,-0.0052199770317123044,-0.006084204590748099,-0.005778741516372392,-0.009351372759927161
2018-05-29,-0.005663861840709991,-0.005315985270053203,-0.03650498517089038,-0.009097427944610423,-0.012948053445615731,-0.015429246849667885,-0.015772787317557234
2018-05-30,-0.0032115503302940604,-0.007563750116088786,0.021058492608037466,0.005088167017460312,-0.001971387044217338,0.009214112989838204,0.003799516064323631
2018-05-31,0.00876151880981854,0.011022910220800021,-0.005538502782104308,-0.008555142834090182,-0.0053484080684712615,-0.014090791031965625,-0.010087949709404617
2018-06-01,0.0019227726174263385,0.0022192132434978853,0.009547895610046542,0.011384738974713319,0.012358463124473296,0.009426350549844496,0.013670428182040532
2018-06-04,-0.007072021543408195,-0.002102537023960953,0.00523725080164828,0.004496509467934447,0.0013494378089096554,0.003646243156617031,0.004630883431071435
2018-06-05,0.005729915225132879,0.002734209840494974,-0.002739750183421023,0.0019209187928281883,-0.002187693151911001,0.0012817874667425259,-0.003690262591579937
2018-06-06,-0.004700259461890485,0.00219033413974912,0.011655412007872484,-0.0009600524339193862,-0.0006209888984591241,0.0033524717437996296,0.0011651508802075986
2018-06-07,0.0038234640205719846,0.005043244345701682,-0.008666776187187168,-0.00035580498592456197,-0.0016871932970096472,-0.001483594415090446,-0.0003034564460103788
2018-06-08,0.0012294956840920093,0.0008253392859986731,0.0017397546910999286,-0.0035825766077551622,0.00034139338652052273,-0.0034796107202360997,-0.0036107884032199953
2018-06-11,-0.0004893371871598065,-0.0009549196576974336,0.01233638542791361,0.008552146710404326,0.004337183416484508,0.00596346646736581,0.009504171647154043
2018-06-12,0.0021718355029600412,-0.0008363539989250407,-0.00738390845661503,-0.003245145429641992,-0.0037594099793952845,-4.752552644446228e-05,-0.0013341077183771993
2018-06-13,-0.0023084232620797407,-0.002199270438669329,0.0032067315224071796,0.0016682094148414589,-0.00011739058210600985,0.0037524233827654716,0.0011444718078815078
2018-06-14,0.00411278648643182,0.005052684987134998,0.000984069260218916,0.006328046284661062,0.013792891565668462,0.016657220196249947,0.01357300335170829
2018-06-15,-0.010863795100349053,-0.020638107698380467,-0.002544152299331163,-0.010307921421087668,-0.004819457958656608,-0.00739348652477008,-0.006282637025359474
2018-06-18,0.001065316156236859,0.002536267703775233,-0.012945912360602201,-0.003620562851293173,-0.009386156106165682,-0.013654054124191232,-0.011007550571587697
2018-06-19,0.0043299995272217204,0.0029962096356120605,-0.009240237640193478,-0.00917212685820664,-0.011041435139635337,-0.012240677680323992,-0.009084409286236163
2018-06-20,0.0028004878305044768,-0.0036336856020979945,-0.002323492480768311,0.0007209535557998682,-0.003404244938775662,0.0013550107848033985,0.0012509416274416824
2018-06-21,-0.000818869953766312,-0.0008224597834486959,-0.01013140386852565,-0.0042796371324271675,-0.01053501665527316,-0.014539827601663169,-0.0105479590236144
2018-06-22,-0.003339151205816432,0.0023068753656377444,0.013485976581173427,0.013909421967812812,0.013336181773343938,0.005404968565990843,0.011129252983839466
2018-06-25,0.0036690846098606546,0.0047813585160605306,-0.01322466177056102,-0.02444240183664056,-0.019402294292868542,-0.024901812142878055,-0.0212582239822372
2018-06-26,0.0022494717195656495,0.0035396255050087304,-0.0028757153659793025,0.000840929351747117,-0.00048647189925053394,-0.002937420529885521,-0.0001454423658927888
2018-06-27,-6.81161149360835e-05,-0.0044953797831452195,-0.009997145880295806,0.008949876580851196,0.008655415021976105,0.009296795538422756,0.008398081452664916
2018-06-28,0.0002950236192470685,-0.007463204842131897,0.001585192027837542,-0.008566298704487862,-0.00972578354560821,-0.013975681694070027,-0.00934843410340419
2018-06-29,0.0032622438499181595,-5.783505454369426e-05,0.011809483922346042,0.00764225909081915,0.009036551857586776,0.010519095410161718,0.008898015733614128
2018-07-02,-9.05286323369932e-05,0.00994714712822947,-0.004706899512903175,-0.009415531179148633,-0.008824348203287695,-0.00552719859946081,-0.006912200444457864
2018-07-03,0.0015820931515911978,-0.003124912448468689,0.005750078467306905,0.0064747351672743685,0.007553751197845217,0.009026646834363319,0.010070122703918405
2018-07-04,-0.0022722135535345493,0.0014679804760208625,0.0,-0.0015283222531674336,0.0007013041155816045,-0.002556422232041271,0.0016690037734148108
2018-07-05,-0.002368126559545603,0.0002681516744493763,0.01859068325347595,0.005845798135019407,0.00857506830655085,0.011837784679499114,0.008431424110693479
2018-07-06,0.0031487755938258864,0.002873078600661516,0.005866379354358163,0.0021336873696861315,0.001759470994546246,0.0025544321056105257,0.0021975964567479025
2018-07-09,-0.00048644332652341576,0.004806882998706923,0.005073853081472117,0.0073606314211811874,0.00414704377803523,0.0038114753040873373,0.0034592804404796644
2018-07-10,0.0034110995089343342,0.0003996761874951096,0.001769506355220864,0.005132839099012101,0.006692866212697812,0.0052445571967803814,0.0037123149718568645
2018-07-11,-0.0029020758572000957,-0.0025479448635795567,-0.020929619614869305,-0.013162013587763111,-0.014910829683542732,-0.0154012621472072,-0.01478056851050806
2018-07-12,-0.0004524451785738665,-0.004294710183780235,0.007707914735130985,0.00679120205804702,0.009660028145252632,0.006089102754816745,0.006738648496746633
2018-07-13,0.0013567218785082867,-0.0009336480898713101,0.002811829269056342,0.005549856780930292,0.004300897762936301,0.003815720389990505,0.0026231926467718326
2018-07-16,-0.0025000392295221065,0.0011321950635473854,0.002294407280768728,-0.0031650756037099937,-0.0036480700568231393,0.0016165460111997835,-0.0015817678212924082
2018-07-17,0.0019349452803323992,0.002596160411045844,-0.00101908008651111,0.00150335026968962,0.002420588207387313,0.007970724757302032,0.0024382330910848447
2018-07-18,0.005186603773834363,-0.004812627760435433,0.003561919280824938,0.01596656168909495,0.004581415226382635,0.008211665124148315,0.007945237332898586
2018-07-19,0.0013598868233872775,-0.0006524588597063798,-0.00560355875063378,0.003548878439967223,-0.005590716368603858,-0.006258834622353404,-0.003863948046035577
2018-07-20,0.005063470998635194,0.0008155070803001822,0.004587127508505474,0.003483849384336117,-0.0034672849326665275,-0.009891680120077946,-0.0033498058241324697
2018-07-23,-0.0021589202427136863,0.007416802719637017,-0.000762853226897818,-0.0030105244659866174,-0.0037247190431448033,-0.0010234659891706565,-0.0017297982934212023
2018-07-24,-0.0006497214308492512,-0.004077814856735979,0.004823341627311722,0.005489070185235269,0.010347422196775685,0.011159443753968764,0.008435538250880718
2018-07-25,-0.004514754397634488,-0.0007364777587126888,0.009074735431491517,-0.001255923639355514,-0.0014326623606388262,-0.008711186596687041,-0.0042752137688112975
2018-07-26,0.0008663207022686216,0.004438682606524639,-0.006293362262066751,0.001325615481740661,0.009927622965016957,0.018111044484027693,0.011697397614639447
2018-07-27,-0.001147811780138991,-0.008089604616354043,0.004283637009539576,0.004487384122810481,0.005678523626581935,0.0039868114919692265,0.005093473621971081
2018-07-30,0.0012377673976261903,0.0015031493557779215,0.0017583928283883292,-0.005306969490447301,-0.003733456695474986,-0.004848301601179692,-0.004224708092248455
2018-07-31,0.002269002674319679,0.004019211446705295,0.004008496183068055,0.0018475874256963301,0.0036500023813920905,0.0005702148384497101,0.0037454735733178472
2018-08-01,-0.00019074877848530134,-0.0015207742859470093,-0.00702471232415659,-0.0023885623472505862,-0.002348788571495009,-0.00535971229944803,0.0
2018-08-02,-0.0028657406756864537,-0.002031950545646603,-0.01088525974099012,-0.0051276201214466325,-0.0068234487369207165,-0.015086855077128355,-0.01609253985265807
2018-08-03,0.0015182270563905006,-0.00687094620857647,-0.0015279035643843647,0.004097158414479096,0.003290691429811981,0.005518608679808049,0.0037947921399725834
2018-08-06,-0.0008769390239068215,-0.0020485936709178547,-0.003319395307911348,0.0004717116513344636,-0.000328546621813113,-0.001392070166809129,0.0002584511235613777
2018-08-07,0.004298396355888472,-0.0003698943193172203,0.009671392450418322,0.00235501364075551,0.008024759524320173,0.003959418631722457,0.0060306602105172245
2018-08-08,0.0036776432868514983,0.0038793948110081187,-0.0030438808681860618,-0.000365909921528493,-0.0035216922075668594,-0.001158970686994066,-0.003078043405114597
2018-08-09,0.005829648590838867,0.0006732375104906637,-0.006116177441385585,-0.0025831512652973554,6.363011399798928e-05,0.0033639621241407123,0.00015163297916372473
2018-08-10,-0.003567174879481377,-0.007507102373803506,-0.031155157185360677,-0.01627941278285871,-0.01604328342823229,-0.020060922050928652,-0.019609251045621688
2018-08-13,-0.0059176891622732255,-0.011275742016472816,-0.0050230507595438395,-0.003184535376811894,-0.000436012117833817,-0.005294701240826115,-0.004856707874480147
2018-08-14,0.00030225946351782637,0.0006839682303000879,0.0005297721499516907,0.0005165864202420074,-0.0016475392784759773,1.0509334086442554e-05,-7.03874514429895e-05
2018-08-15,-0.0013779601508930436,-0.004993251859405852,-0.02006743119247566,-0.01576073895542885,-0.018338982654327797,-0.0159746738519016,-0.014880887533244461
2018-08-16,0.0016578474171990505,-0.0001248308008382202,0.00700222795829554,0.006636141890832196,0.008222088196356721,0.006078675284604167,0.005486422444693342
2018-08-17,0.0010514624095826906,0.0023851641885435427,0.007753252504913787,-0.006183919218666101,-0.0007648892831372386,-0.002177718658888024,-0.001368822430600122
2018-08-20,0.003125648460468937,0.0058162558222769525,0.006900018286040119,0.005590592714170373,0.006474817215498803,0.009840413523012743,0.006127158426870554
2018-08-21,0.00021169587572014,0.004677486716083236,0.014181163310936518,0.0020660675017267925,0.005366999245332347,0.004304172492170264,0.005287041944806044
2018-08-22,-0.0006241898233964313,0.007404847816651862,0.005979420419870134,0.0035829489355958502,0.0022180326343274165,9.769492421932743e-05,0.0024942106791411545
2018-08-23,0.0010475799561651842,0.0006948261978871789,-0.006762080223700883,-0.0005188023947648973,-0.00023612403188838244,-0.001625784314748394,-0.0002690050321161935
2018-08-24,0.0035245830053281047,-0.0035848160899412435,0.010642806309676078,0.0024660572594475162,0.0024272271581833086,0.002337588843294779,0.0023894534858826273
2018-08-27,0.005236215331373512,0.009102781442062224,0.013846199674972982,0.0068302624334692095,0.008541438570434155,0.011534321486930158,0.008301137546670022
2018-08-28,0.00023182380257804675,0.002974957959103324,-0.0020394384611429543,-0.001951765324831043,0.0010744415828434805,-0.0008688874685257958,-0.0024450924058448077
2018-08-29,0.002887925276518028,0.0006544181771759916,0.0038204375120893647,0.003758261113624401,0.002974582086325544,0.0027310495356671536,0.002479777191960294
2018-08-30,-0.011424023510123865,0.0015796090309269939,-0.013048831196661044,-0.003154628614926166,-0.004238861008551199,-0.00538312831383838,-0.007300585644341525
2018-08-31,-0.0018944287550979792,-0.0038568234970335043,-0.014265653657045527,-0.008825260399325515,-0.01308434811902822,-0.010473914562356667,-0.011163862281633954
2018-09-03,0.0011259575440766003,-0.005467329671144762,0.0,0.002432564912412625,0.0012845269091155873,-0.0014284970912403624,0.0006158284797649765
2018-09-04,0.005577631092746028,0.0012420767865190061,-0.01076816531172484,-0.011444812959820763,-0.013220033444764405,-0.011092861419612,-0.010550301003110335
2018-09-05,-0.0015968247736800286,-0.00249423774492734,-0.009285155336335955,-0.01181488281437564,-0.01555828791168181,-0.013999841906102156,-0.013105841466798118
2018-09-06,-0.00022194626590105892,0.004191522661239412,-0.005076799986962206,-0.01388242320645861,-0.003118867234285557,-0.0071021294425965735,-0.0059502429371661595
2018-09-07,-0.0021334594707856243,-0.0013023413584009917,-0.010773333914681429,-0.0015956980928211657,0.0015968606939689989,0.00036628934645971384,-0.000786074372074941
2018-09-10,-0.005666924577599322,-0.005088212679201238,0.011308655958866855,0.0023925933092300506,0.0033092438487668636,0.00223085323499545,0.0048222990792313675
2018-09-11,-0.004394875650830295,0.0030103695028976135,0.0010706608316197476,-1.8543643313151676e-05,0.0026835215223950256,-0.0013416184785512307,0.0007188957870202973
2018-09-12,0.00102195464078286,1.1616617293630954e-05,0.0024042422784388,0.0008889164242745449,0.00910711049292055,0.005168647627988541,0.004501243021629485
2018-09-13,0.000303031947304331,0.0028567736307313144,0.011671082844602753,-0.001389159176280956,-0.0007522836357692028,0.001930434438713242,0.002125987682159338
2018-09-14,0.0007178793683309448,0.005363777321440594,-0.003963477371138014,0.0018703023274548327,0.0045783090554477315,0.005689065394827375,0.0032792611569920976
2018-09-17,-0.002919726128421656,-0.0053870469228903305,0.002908159218710858,0.0005917370340744286,-0.0006914410021280937,-0.0023054567260397817,0.0004424696328612321
2018-09-18,-0.002026343961034864,0.0034481379521063144,0.00605357076043588,0.0040778756353622905,0.002785476493084956,0.005051512627598048,0.003684014741393238
2018-09-19,-0.000563561719513837,0.000922261926881197,0.0036668963256020625,1.8431984348638838e-05,0.005568243255807845,0.005033475855839581,0.00300284679289799
2018-09-20,0.0016335755544209724,-0.00045540858189432155,0.02069880440340328,0.00803291706158185,0.010668215280956706,0.0087561161175049,0.010207321598812274
2018-09-21,-0.0011375868577939642,0.008641386999915996,0.0019723893513837686,0.004265191550614745,0.007780235237178824,0.008433858166336256,0.008103709645051204
2018-09-24,0.012164499577483546,-0.0021173676071735976,-0.00487347574508273,-0.0024767097358122207,-0.0032815785854417795,-0.006461207116801513,-0.005955103931795874
2018-09-25,-0.0025081039120488915,0.00016453172755568672,0.003849474786791095,0.007647184032386016,0.0005349344828379471,0.0019283630235350164,0.002734932038077997
2018-09-26,-0.004082219646630304,0.0008700869206251829,0.0007680242719342392,-0.0005249623466713547,0.0061190879967606025,0.0009070471411972408,0.003901948551492695
2018-09-27,-0.00045961512936839476,-0.0012461557398680272,-0.0046174990587253455,0.0025314622414107962,0.005008573727250963,0.0040046171903752705,0.004835192310163125
2018-09-28,-0.002166286919621862,-0.009506265183163212,-0.016070891011880164,-0.007486199895396162,-0.008504735954738277,-0.015303509431771705,-0.014773275494705264
2018-10-01,4.493889432924831e-05,-0.0027542106030115305,0.0005225245063305467,0.005316783478666857,0.0024234946645748886,0.0075084305329029995,0.004391367923749955
2018-10-02,-0.002700250329820391,-0.0023995177924754293,-0.00812914277859411,-0.005844520010543174,-0.0070944655340687635,-0.0041784288974312375,-0.00739952436156162
2018-10-03,0.0026216226835894534,-0.002231905179333874,0.004727995851112636,0.006387287895963448,0.004290387717461491,0.0,0.0048539540779511114
2018-10-04,-0.0035458679337524216,-0.0065514443949888455,-0.011597086124868882,-0.01591687103658584,-0.014776999319985861,-0.0035415760148031807,-0.008966842199143342
2018-10-05,-0.002800586824817622,0.003633144332951674,-0.008519960254240764,-0.008508463482942997,-0.00956167555788057,-0.010858953839340525,-0.008799899649753971
2018-10-08,-0.007468729949394904,0.0003916613335415117,-0.008592985215584173,-0.011164743376176458,-0.011090550201319976,-0.013694866330281235,-0.01075556643104301
2018-10-09,0.00020506263037655913,-0.0024743353677267104,0.0005392892968038881,0.006408408105912851,0.0034466838325098517,0.0025128831992753905,0.003640221207592986
2018-10-10,-0.003994737599250417,0.001115539847432275,-0.020422922649237417,-0.016751847280904165,-0.021346567211211098,-0.022349841942033488,-0.016662312885353064
2018-10-11,-0.0012932013722573616,0.0022925758813270494,-0.009397222555153295,-0.01939026297592951,-0.01936530296692233,-0.014893747745730043,-0.01782294254329455
2018-10-12,0.0027788050855478094,0.004936896711930574,0.0002774661508127024,-0.003094312226285955,-0.0020368131286117737,-0.001347607350164895,-0.004616170866588246
2018-10-15,0.006556073052570893,-0.00337871276967803,0.0030492554536372795,0.004001372752891907,-0.0001786187428897315,0.007809764316388889,0.004983852073329373
2018-10-16,-0.001067009777017393,0.00277613066095182,0.0170144715708404,0.014973392294393638,0.015189047750317179,0.013885192689011496,0.014524706571800982
2018-10-17,-0.003162175025708794,-0.0007063381347118181,-0.01094397062013693,0.0026571994094508997,-0.005446729762339456,-0.005237593357361217,-0.004387418744080595
2018-10-18,3.415661064358282e-05,-0.006449661883067655,-0.020005998446893956,-0.007056992394341473,-0.005488392084486614,-0.010798166667566014,-0.009757350650023033
2018-10-19,0.0021963381005759984,-0.0035590143590289915,0.007827595135750992,0.00247843454137842,-0.006299102272046886,-0.003057498955590293,-0.0002397914540510115
2018-10-22,0.0012496493653382326,0.004306794612387999,-0.009231819954253958,-0.011663940366535104,-0.006184708954925343,-0.0025556836201626252,-0.006477220407347319
2018-10-23,0.0038414022508552596,-0.003618821551799291,-0.00591984752104141,-0.015962495402821984,-0.017088554182920275,-0.02193725736355337,-0.015527057593593876
2018-10-24,-0.000565675692901257,0.00045873224217338594,-0.02838893238033782,-0.006007906158015866,-0.0029433388327889136,-0.007357882492190291,-0.0033836442605537226
2018-10-25,0.0009614381551315537,-0.006461454314165988,0.015298447629063695,0.010499989816094431,0.01586550455060429,0.010266459137881516,0.010824978042289685
2018-10-26,0.0027772496436400326,-0.0018790143987378028,-0.005169899161762411,-0.011051537688274745,-0.012986548664063133,-0.009463481781157346,-0.009369381820754558
2018-10-29,0.0015771027972541994,0.0018334180682723267,-0.0011520638198084464,0.003697453204238472,0.0044151117435246145,0.011968526754728447,0.006372235591365553
2018-10-30,0.00019132843509516418,-0.0019813685457873696,0.005462178252319933,0.0026075457776475945,-0.0021710367454759946,-0.004251528873406227,-0.0024753978986989467
2018-10-31,0.0045251111296063,-0.002624516859612044,0.007426513524682337,0.015503906157127972,0.022818802170374002,0.014086076372356038,0.015881495787309526
2018-11-01,-0.007218480335103321,-0.0026175181948033402,0.013566931185285512,0.004021064957000888,-0.0015050579320913218,0.0018354192385314782,0.002093172975008379
2018-11-02,-0.010549930134802946,0.0076225100963029264,0.0019633158293495567,0.0019182818531881898,0.003209708807004141,0.0043893602933579995,0.0031782407930703153
2018-11-05,-0.0006730286187167182,-0.0005016012498704805,0.00028028080747170126,0.00026829411651826853,-0.00014499821505328252,-0.0020883231228668703,0.0009204933233594404
2018-11-06,-0.003028720572709008,0.0013457141043092423,0.003355560983117312,0.0007086332442816671,-0.0051491273098826385,-0.0009243204130578538,-0.0030974407590905334
2018-11-07,-0.0015693971053307302,0.0022395351045813323,0.013035762938466106,0.011913984057967692,0.01228825841421105,0.008217360557882627,0.012005880942202285
2018-11-08,-0.0015947917438084364,-0.0003889112093649832,-0.015551475544600868,-0.00017033604224223598,-0.0012639011414054297,-0.0044818179296438575,-0.0026403874952903176
2018-11-09,-0.0010454481181795471,-0.005757617992678804,-0.0016806646368266581,0.0020226415528986673,-0.004825114329318676,0.000159594501545718,-0.0025081177355332244
2018-11-12,0.005982272586739461,-0.0038237886881901163,-0.022682962018961497,-0.006536303906955951,-0.009376599705402324,-0.017827931102242955,-0.011025106105627572
2018-11-13,-0.002505442711732212,-0.00812099283730819,0.007997718081117412,0.006649596629829151,0.008416643849916782,0.012876876314021748,0.009578035032960678
2018-11-14,-0.004465899364298139,0.006898682860815119,0.0031243446285896953,-0.004674663261959946,-0.006489251510665386,-0.005216538391905409,-0.006052713863588747
2018-11-15,0.0021837781572295926,5.659312249631377e-05,0.005374248476516892,-0.004277450962331911,-0.006974556228583264,-0.005170865775353425,-0.004706332946132231
2018-11-16,0.018247855953493004,0.0011543485143173634,-0.0008466824419134114,-0.004697755183929556,-0.0016741374395772579,-0.0011165549651006071,-0.003004238071863592
2018-11-19,0.002600794789843358,0.007833541738013036,-0.009645418190536248,-0.006779756129281919,-0.007941583686160008,-0.008541796854532002,-0.006437393806280191
2018-11-20,0.0017300906253101722,0.0035904124545615974,-0.019574371229620687,-0.016359752341685678,-0.012221742218564157,-0.0159682726450658,-0.014103862854420071
2018-11-21,-0.0019550340502395387,-0.007236214894346958,0.012996305985645464,0.01334886941897941,0.010223900963066749,0.015935356823022145,0.012070310680915238
2018-11-22,0.002336580836423581,0.001399771088484465,0.0,-0.006282598928114118,-0.00753709830636973,-0.009443066379283856,-0.008674409612220796
2018-11-23,-0.006483896480825543,0.00129913302540532,-0.009514427860168727,-0.0004864050134813595,0.0017824947735431331,0.004854226254915197,0.003365341994837204
2018-11-26,-0.0008812509888910691,-0.005787459882789436,0.014951463890168368,0.009799059411285078,0.009662139638067788,0.014372567399202672,0.011252242501360993
2018-11-27,-0.0002939229926753581,-0.0003514642433935953,-0.004863181339798674,0.0012518888697705998,-0.0023712025814299903,-0.004024865736610739,-0.001984512462471277
2018-11-28,0.0023264447699833466,-0.0030552182237152223,0.015367329840004513,3.853096015993071e-05,1.812733196543191e-05,-0.000905031304617582,0.0005904350012426973
2018-11-29,0.0,0.006154085648589298,-0.004245267130297654,0.0013463587051068882,0.004606802905675865,-5.74776201536935e-05,0.0018509802262457826
2018-11-30,0.005175516149178763,0.0021282563230342836,-0.005117852155932793,-0.0017506552988783455,-0.0004655421806559585,-0.0036346197372241827,-0.0003245572013241418
2018-12-03,-0.0019095586579246783,-0.004444753317076851,0.013027789484311342,0.008627023411035582,0.009954458178192498,0.018327536175951946,0.01310579870652959
2018-12-04,0.003143230916778718,0.0011120969434071908,-0.025938602861870972,-0.0012224519970634045,-0.008209304338244561,-0.01141549193662086,-0.008038464791047353
2018-12-05,-0.0005493660593664636,-0.001055343439309746,0.0,-0.0138368613428872,-0.01371716424977075,-0.011988314703397073,-0.012297609786400456
2018-12-06,-0.00011210213405203758,0.0005445647806004922,-0.013372295267925391,-0.03373845010645838,-0.03371281123257459,-0.03537289986878641,-0.03367863257211548
2018-12-07,-0.0017062782814071165,0.00226102987934065,-0.012071406645477506,0.01009081737233793,0.006810807778022988,-0.002119594337981639,0.004124880883144059
2018-12-10,0.0068298617729231565,0.002300368502689518,-0.003857986335922677,-0.017352782298144746,-0.014808481103466982,-0.015508791867614237,-0.0136747755772147
2018-12-11,0.00856633468308946,-0.003902916391754538,0.0020793012182711364,0.011442256212078112,0.013367697048345955,0.014805910959780387,0.01262471344576636
2018-12-12,0.0026405723169593983,-0.0029483233608125887,0.019395299861574997,0.01723547728154725,0.021255167287444476,0.01371926973613773,0.017085414693350703
2018-12-13,-0.006309230382239962,0.004437154988177638,-0.0005823067392270566,-0.002848776906602126,-0.0025555389215645157,-0.00043282366186110855,0.0013504364476324506
2018-12-14,-0.0031027490177749297,-0.0008640370211149319,-0.014667523472024041,-0.0034292312976772644,-0.008865079163077954,-0.005408860705966626,-0.006308014333838195
2018-12-17,0.0004899021093581657,-0.005089346754260064,-0.00681965190784943,-0.012815490762265493,-0.011152482308707705,-0.008648678260042827,-0.00940520892375757
2018-12-18,0.0014018071679802932,0.003874133037778065,0.002080537236891268,-0.011322000368284022,-0.00958564546443712,-0.0029108388623128494,-0.00770674459799423
2018-12-19,-0.0007673686804646012,0.0022498726790910906,-0.008348317465888589,0.0031096871381061488,0.004903759070899659,0.002354601471902637,0.003693669787407582
2018-12-20,0.0032656524892327433,0.0012406398541556292,-0.004802046641012467,-0.02040884943016004,-0.017950015358077352,-0.014511935955402941,-0.0169616009032713
2018-12-21,0.002713243179501049,0.005894325669240089,-0.013865567863169719,-0.0023898395427701825,0.0004090667218640565,0.002138931271181051,0.0001833291330626483
2018-12-24,-0.005711946854284827,-0.007362502855146589,-0.017918020724751856,-0.013435287514428273,-0.014589127695128275,0.0,0.0
2018-12-25,-0.0027288066514720047,0.002733204388363113,0.0,0.0,0.0,0.0,0.0
2018-12-26,0.003218094070659393,0.001015549167608685,0.027061814285007976,0.0,0.0,0.0,0.0
2018-12-27,-0.0014797299822565378,-0.004760354329909309,0.0006063932069318792,-0.004840894163689436,-0.006022841715778106,-0.02401320084464331,-0.02130438180108747
2018-12-28,0.006326246474910543,0.006119700433588459,0.004538197684616187,0.01695523755819394,0.01727483881701007,0.01694846823704526,0.016600932821909782
2018-12-31,-0.0028030073894048197,0.0007775629855240129,0.0042168234690292145,0.00763337153390967,0.0110421638525004,0.0,0.0
2019-01-01,0.0010756153818811589,0.0046324981013964464,0.0,0.0,0.0,0.0,0.0
2019-01-02,-0.004220324860939823,-0.002731637394770495,-0.004518847188301222,-0.002688692762799651,-0.00876851766916577,0.0020086404132416756,0.0
2019-01-03,0.006157926018109424,-0.012608298115566716,-0.013374256645756357,-0.012740877621722288,-0.01675147316455585,-0.015576962779350875,-0.010728632882716695
2019-01-04,-0.0023699157938084164,0.006426636088957116,0.033105883438027436,0.02385914773869376,0.026878314824194154,0.033143560874659556,0.02908235979073425
2019-01-07,-0.006652468359405778,0.0016987238668561887,0.0008876948259851865,-0.000528604068265261,-0.0037964607257595455,-0.0018480504783288307,-0.002702731825455765
2019-01-08,0.002140714673678007,0.006054385516065666,0.006485590097446821,0.0039373375200121895,0.011398688589697219,0.005212655238772767,0.006996750080740116
2019-01-09,0.0016359383870607493,-0.0020641436330749562,0.012847284595996012,0.005091412209120186,0.008409497539292324,0.008235157870831438,0.004995797942399764
2019-01-10,0.003640547444848021,0.008594450913368567,-0.0008709608477389774,0.0031388938813454526,-0.0016466838277547718,0.002591763786506582,0.0017865338492528064
2019-01-11,-0.00042107203579355056,-0.0038864264493645136,-0.008455926126570657,0.0017663337281511311,-0.005073613157440361,-0.003129885160520475,-0.0018516615538500102
2019-01-14,-0.011616527784368504,-0.00435283427225836,-0.0035203976216865007,-0.007366893992306827,-0.0038955767524290665,-0.0029020181010943574,-0.004852115237414933
2019-01-15,-0.0010096714049604753,0.0011121961372727578,0.0011747978970205143,0.006464086714859752,0.004905260286318546,0.0032996514614766236,0.0042037082327598925
2019-01-16,-0.004838263393286186,-0.004898327287011697,-0.0008807126359535528,0.0033464275178168214,0.005120474357799087,0.00361546841032851,0.002984385926702165
2019-01-17,-0.0023827195532462367,-0.0016427589079669254,0.001760855036728671,-6.001496346396174e-05,-0.0034086298727154093,-0.0011551669793592534,-0.002560737861873269
2019-01-18,-0.008276197525992292,-0.0004784957874557275,0.014556264637571438,0.019534301410735817,0.016868554252448813,0.025938702911361064,0.021137785882951204
2019-01-21,0.008083986441506453,-0.0023781934087444396,0.0,0.0003530721956767979,-0.0016729546668778027,-0.00620722160931234,-0.0031469256850880545
2019-01-22,-0.0027289719165397345,0.0003296032683529126,-0.012212794136257582,-0.006157628159006507,-0.004168684318022245,-0.004147328879993895,-0.003934046437552616
2019-01-23,-0.0055944266311003885,-0.00046606963613473793,0.006415879012446565,0.0014000879049503002,-0.0014760467194532589,-0.001675896561772502,-0.00021531680695961887
2019-01-24,-0.007657638929873114,0.002127322710837133,0.0008717027144523923,0.0051496765999741,0.006503106342542982,0.005282454288942977,0.00454607252324938
2019-01-25,-0.00944353353546833,-0.006583448410776002,0.015562358306117583,0.009793459337761524,0.010994410365685776,0.013529615299410078,0.011743401598662159
2019-01-28,0.002062587646472792,0.008760988515929479,-0.002003631426695969,-0.008226270650672728,-0.007588833792205572,-0.006356072633514983,-0.008243814465920539
2019-01-29,0.005276029803425332,0.0014848026534814308,0.00457406219072265,0.008032162139613684,0.008067898457852479,0.0007597712935873784,0.005134552163591746
2019-01-30,0.00677054500471282,0.0004686962359195961,0.007671424699949376,0.0067345157855145665,0.00940729392127427,-0.0033186734397881476,0.002634952491782735
2019-01-31,0.0011773295847716267,0.004561711164055767,-0.0022672354499396925,0.0041382096459377645,0.0036038133394478184,-0.0007658813946740031,-0.0007308959338661556
2019-02-01,-0.00251630858036821,-0.0033259073301630383,0.002267235449939804,0.005000605061079021,0.005301571316463183,0.0006764452371830451,0.003693264801556981
2019-02-04,0.003087271614043654,0.0005039053289246995,-0.0005662447523777017,0.004652417500498115,-0.0038065657901519925,-0.00036498942870614716,-0.0018686454201941745
2019-02-05,0.001927619375146475,-0.0016595470915367278,0.009302609911420883,0.012871451068210903,0.01649259512838193,0.01698014818296936,0.015623582115390725
2019-02-06,0.0033217390049617174,-0.0023074618573273305,-0.004217847454997111,0.007744753368964785,-0.0008442973485083302,-0.003812749846616263,-0.0007125432366254678
2019-02-07,-0.0021373976654822102,-0.003860612972666276,-0.017911047046624377,-0.011488895039903513,-0.01857845190549052,-0.02709287537284687,-0.019483571527738813
2019-02-08,-0.003454513028071694,-0.002395346293797252,-0.00402403616538305,-0.004742632416920647,-0.004809387065982641,-0.01051040820270003,-0.004816737627708068
2019-02-11,-0.000342669695743949,-0.001280408356981286,-0.0005759948431681635,0.0059106495803604745,0.010591416920457735,0.009836104124873733,0.009518844927248676
2019-02-12,0.0016780490401618543,-0.004000844109966494,0.012600113038807354,0.006063034064154968,0.008317122723096494,0.010071165608171449,0.007910194903747813
2019-02-13,0.0026766757737543214,0.004918473500405294,0.0,0.0036986658473478953,0.00353777762032133,0.0036907676743659556,0.003635198391655212
2019-02-14,-0.0032927831237644623,-0.0061695798826221495,-0.003135208740590766,-0.0039045172131081285,-0.0023182891659424562,-0.00695780796130519,-0.006173899761014132
2019-02-15,0.007118818598594167,0.002695914497866886,0.01754436626409937,0.010020021174460554,0.017751542121019006,0.018760140435008357,0.018241760359433
2019-02-18,-0.008409249300763727,0.00023722211329471452,0.0,1.854948459641314e-05,0.00297432872235234,-5.3065124575525305e-05,0.0010915872836722747
2019-02-19,0.00017135462822005253,0.0012322692836783213,0.004198697040468067,-0.002895051740733212,-0.0015529043489828837,0.0008854905063973976,-0.0016594578292738738
2019-02-20,-0.00805289961707075,0.0027411608677647453,0.004180947466417146,0.0036360709869835907,0.006842160170130937,0.008168688963135908,0.006179551101348188
2019-02-21,0.0017032156240057612,0.00029495792912739876,-0.0008345071704936492,0.0009994041347190508,3.0728838721635324e-05,0.0018672788308570201,0.0012907677255535534
2019-02-22,-0.0002300263176424828,-0.0002949579291274804,0.0038899283105779474,0.0014788027745564545,0.0037918428617212526,0.0030086077723198504,0.002096675262102332
2019-02-25,-0.0016920032034085466,-6.799872349992361e-05,0.0022160412458326353,0.0021220323650351174,0.0030628774197535335,0.0041535805513923775,0.00288829273506868
2019-02-26,-0.0026763249573518687,0.0022255802146592192,0.0077177624374000706,0.0012157561359509433,0.0013122720097094869,0.003072128999023246,0.0028344031175147177
2019-02-27,-0.007408486566781231,0.00225328383968603,-0.004678766257129798,-0.00533475145713059,-0.0025554347522635675,-0.004643023981529544,-0.0019932931257057003
2019-02-28,-0.005706761131480973,-0.0011386297452060565,0.0049534913931662235,0.001405681681603183,0.002900797317425559,0.0024613851986604925,0.004707475507838866
2019-03-01,0.0034349430263543026,-0.0005916024068003128,0.007111225554045395,-0.004557010042521937,0.004694623915975838,0.00744380739856668,0.00418739913975763
2019-03-04,0.0021205286536078254,0.00021610223753054902,-0.004370410704017128,0.004039422521356592,0.004052387951484887,-0.0007777355825084675,0.0015145131186214444
2019-03-05,0.0012096752185816553,-0.0033956403273073116,0.0008214055462004629,0.0006469707519367382,0.0020691810786005694,0.002419300175637159,0.003031114394056127
2019-03-06,-0.001104928593980605,-0.0026719963826243357,-0.0021908739632531603,-0.0040182318093939535,-0.0016455113034559913,-0.002853313167535442,-0.0007576887377681633
2019-03-07,-0.0011528167654893133,0.0006107727107340299,-0.016863063316600112,-0.004220824802294247,-0.003957695995799069,-0.00604449185130465,-0.0047696710535570916
2019-03-08,-0.003384428495432173,-0.010276757477315702,0.003895664348378978,-0.011487818763656163,-0.0069910213648313995,-0.005219449641210837,-0.0076603152773874784
2019-03-11,0.010882764539712268,0.00303939147306997,0.006918446126109365,0.009062602949048218,0.006618896187418727,0.0074466178099571794,0.006326589740569409
2019-03-12,-0.017250955684100486,0.0023841175775367028,-0.0002758849840297628,5.5974116944443146e-05,0.0008143420291517066,-0.001674253862775043,-0.00014829337954865037
2019-03-13,0.016244402036172886,0.0025026548306310145,0.011246730438322937,0.00716508910375116,0.006832048345941994,0.004177268180779588,0.005884677719809334
2019-03-14,-0.01288521434510105,0.00385648502303467,0.002180065585607552,0.009100607588332713,0.008145550303491981,0.0013004879568619015,0.0055750302463771885
2019-03-15,3.5154262393371106e-05,-0.0020036509660536087,0.014412189929736129,0.014575611745215687,0.010328222851231627,0.008440734787849279,0.013094517642622764
2019-03-18,-0.0019482763782283706,0.001006960990779451,0.0042939438674551526,9.052397971485551e-05,0.001388454621274663,-0.002453084896379441,0.0005491165726175592
2019-03-19,0.004091747574692075,0.0014500240764859019,0.0032088039229761244,0.000760343138969973,0.0024116904059945403,0.011204890472858728,0.0061969433807400115
2019-03-20,0.0009472252548430461,0.0016450012745673303,0.00026717362069765413,-0.009508632859392577,-0.00800106147947156,-0.01577650223105541,-0.010800301350769714
2019-03-21,0.011447985361748826,0.0064134108071521164,-0.004011759934324681,0.0054108433901560934,-0.0007080899730707108,-0.004658386051147122,-0.0014777875639244182
2019-03-22,0.0010971950758606,-0.004640417885864895,-0.03074617980537281,-0.01186169314812512,-0.020459447485980713,-0.016216553849628973,-0.01848358377716195
2019-03-25,-0.012778958301833704,-0.006982574004310345,0.0019321839888581309,-0.005050517206544548,-0.001762449006835076,-0.0015428359243866167,-0.0015894139412073556
2019-03-26,0.001051674694921781,0.0017637043133131368,0.0019286495410317226,0.007749520335457147,0.008845564403877258,0.006398129486537886,0.005755308944794314
2019-03-27,-0.0033458739986037497,-0.0036257832363158385,0.0027489318155724317,-0.0004217851649228984,-0.0011574830760558471,-3.856902091389785e-05,0.0007558483488961682
2019-03-28,0.002411129907522677,-0.0020498839618826913,-0.003024234677617257,-0.002626612388894927,-0.0008870151105991765,0.0007983575750155026,-0.0005269235403563518
2019-03-29,0.005607321186585588,-0.0019334983338959073,0.007133166422429593,0.009645918505055582,0.010141796710009074,0.008528328169312593,0.009418511433491846
2019-04-01,0.0018466953626444427,-0.0005500201511864402,0.011686500863356038,0.009355413441763964,0.010226882624898759,0.013439532850647954,0.00999547370872878
2019-04-02,-0.005142046566517392,-0.0016149625564934353,0.0032369931368478686,0.003242990312039803,0.0033134077201963635,0.006212460754280409,0.0030437855266909836
2019-04-03,-0.004664568438748197,-0.00016809826851559137,0.010448814724800318,0.009684174263182254,0.008343484796072177,0.01683862370413805,0.011670046153357415
2019-04-04,0.0,0.0038390967308610242,0.001597991874446912,0.0003562422578494375,-0.0009348737784060432,0.0028075199494860857,0.0018523836101092637
2019-04-05,0.005772026620918968,-0.0018764497341418646,0.0007983171117215606,0.001832580894856954,0.0022669828035987954,0.0018118558177737988,0.001608279483022389
2019-04-08,0.0025249359900422924,-0.0005611678088361302,0.0005315285594042934,-0.00046228067314849536,-0.0008075298647513208,-0.00386679817811671,-0.0027332443334054375
2019-04-09,0.0014400028624893945,0.0032814920734817597,-0.005596493554097915,-0.004741687391789024,-0.006483193942921068,-0.009476027650268556,-0.006080029408201862
2019-04-10,0.001217717944374344,0.0009346878341712132,0.004532721481313938,0.0039054584000581833,0.0024728269545788817,0.004658934552346467,0.0021719017459172697
2019-04-11,-0.0022510649981387436,0.0008454413460724173,0.0013292454267769154,-3.552345191853927e-05,0.006554822787321395,0.0024571048383908883,0.0031166792416666934
2019-04-12,0.001833712930603537,-0.0013973625671128659,0.007938396597854728,-0.00039171071105974855,0.00309052499815017,0.0054087569449232965,0.0036291428634174575
2019-04-15,0.0016798866624673768,0.003926453887287985,0.00026373282054518586,0.00170795106172329,0.0010951866674332074,0.0016944556970799,0.000762473866717285
2019-04-16,-0.0012509286162501107,-1.1282974955778956e-05,0.000790109064776076,0.004646378321719402,0.003613163113700075,0.006719317292520736,0.003731702973759952
2019-04-17,0.002315322029619814,-0.0017620218189266376,0.008129062786760134,0.001767753108764124,0.006206415048470244,0.004267275094983778,0.004140529338951248
2019-04-18,0.0017561325040276003,0.0010726753274142547,0.0005224553166509529,0.0060221751766754575,0.003103172236574731,0.005687648390477514,0.006163162229973141
2019-04-19,-0.001987396048063508,-0.005430513022733237,0.0,0.0,0.0,0.0,0.0
2019-04-22,0.0009479441462123255,0.0007643436363329363,0.0,0.0,0.0,0.0,0.0
2019-04-23,0.00216998809309288,0.0012827031012071087,-0.000783785370475809,0.0018066732331484317,0.002024703145509821,0.001072873694006504,0.001319453099563155
2019-04-24,0.00021906929583367097,-0.0030802152729997824,-0.007604277662096767,-0.003915621574244164,-0.0027991122683706368,0.006326261247247345,-0.00034831038110090095
2019-04-25,-0.003799758104450384,-0.00633289171461129,-0.0010535641356144451,-0.0014435676610072925,-0.003303502685174469,-0.0024850269227764303,-0.0030623755942903925
2019-04-26,-0.0007292881967078416,-0.0014934894594870038,0.001053564135614396,-0.0007226736527673876,0.0021011799074586797,0.0026490275226820313,0.0024283735487511562
2019-04-29,-0.0007181474136123056,0.0012035870718230023,0.005774267617122771,0.0014623406407217859,0.002084263180667768,0.001042059904471849,0.00043700453511518074
2019-04-30,0.0021992804837148274,0.003126975986935249,0.008858869139492307,0.006300361951239897,0.0009725058662307933,0.0013019199336762404,0.0036143607350106488
2019-05-01,-0.005693453170019847,0.0027552885720882737,-0.007551178114228302,0.0,0.0,0.0,0.0
2019-05-02,-0.002375040641147666,-0.0013562607830761623,-0.004190717996625273,-0.008944653542770157,-0.008548211851794822,0.00010853551115384281,-0.007336365298447954
2019-05-03,-0.0009329604485522205,-0.0024387022843649175,0.008884091511642739,0.0038934203063746187,0.0018001900173370013,0.005439032394015118,0.0038762040744869403
2019-05-06,-0.007694891570068587,0.0010956263111556311,-0.008621466142843903,-0.008777279290632056,-0.011841634666031274,-0.010192153275035821,-0.011350470561675938
2019-05-07,0.005241773338335815,0.0014327914841074847,-0.02443704704198128,-0.012297055286954364,-0.016135627421894186,-0.015926724968210255,-0.01800428880376624
2019-05-08,0.0014024788523947546,-0.0009629197866596529,0.0067000574161995225,0.003710393066438234,0.0040394316210004815,0.007184197569710788,0.0047225391698514484
2019-05-09,0.005056097447047593,0.0006492528629151659,-0.004282635447864263,-0.016851634040160417,-0.01946424704174459,-0.01705854466806799,-0.019666811212396784
2019-05-10,0.0020316021658329402,0.0021187176311267208,0.006416754605505624,0.002326243231674656,0.002684020374374244,0.007149156678297787,0.0030811876634647896
2019-05-13,0.0017495783406827304,0.0012801764504052242,-0.02236998030379573,-0.012053354645093831,-0.012251344430000515,-0.015305780965066294,-0.012053735769100852
2019-05-14,0.0030400552659761767,-0.0003482529293695144,0.00976416773014796,0.011653959804966064,0.014858981112552808,0.009633761751815297,0.013043957744589892
2019-05-15,0.0019255976895438806,-0.0025017087894480925,0.006993236553059641,0.004403244472064686,0.0061423982133479915,0.008961858329699658,0.006340655172745262
2019-05-16,0.004780614340090207,0.000246485180568536,0.011459396352884017,0.010915129717187243,0.013647887937934429,0.01727206551989918,0.015468479301926191
2019-05-17,0.0008824120507658741,-0.0030101684148013666,-0.00478100272290607,-0.0022202062228082954,-0.001815097758623994,-0.005819298993306362,-0.0037645119214941175
2019-05-20,0.004445823432266802,-0.0007372774880440244,-0.010975921606096962,-0.011791529624491837,-0.014752785069627967,-0.016281126892630542,-0.01644081518525763
2019-05-21,0.0004902186395793753,0.00029036522491189705,0.005904568812995437,0.0032050792311798786,0.005001870560402224,0.008449973989917092,0.004952426425164069
2019-05-22,0.0013213192219421047,0.0,-0.0026800040498280195,-0.0003074629989855818,-0.0012039606866240066,0.002078833388963333,6.199728583633241e-05
2019-05-23,0.0026033066785925377,-0.0011720120537771794,-0.012147370048728684,-0.016887640630853032,-0.01831320554238909,-0.017937442864388864,-0.017730797968082964
2019-05-24,0.0028343056152431746,0.002602643865678214,0.012416154676762919,0.006416624258080566,0.006631473012024674,0.004893285342630656,0.007038169889114234
2019-05-27,-0.002720760071617926,0.002239375060896092,0.0,0.003666355344891142,0.0036948752357871544,0.004994537392118565,0.003973379597973264
2019-05-28,0.0020299362816966053,-0.0014113484229803018,-0.01160174414775323,-0.0002185066711577719,-0.004413616907498044,-0.003662504098603251,-0.004522622766229335
2019-05-29,-0.0005213025630270064,-0.0020687923774008418,-0.009543211088316624,-0.015101584628347712,-0.01719481513308805,-0.015859653559720983,-0.015361391919796507
2019-05-30,-0.0005101507021716211,-0.0029892075171091474,0.004919697822734849,0.008395515776434704,0.005116993613409577,0.005414571490056499,0.0
2019-05-31,0.0010540742645027482,-0.0005567402489159767,-0.010689570890429975,-0.00909834351854206,-0.007895630435585256,-0.014832962989884122,-0.005284139046233651
2019-06-03,0.0014603682192310403,0.0038475888526603077,0.008232493635561267,0.00042541315845624013,0.006475242692952893,0.0056097689556434014,0.006014633513776111
2019-06-04,0.004503412848305064,0.006445830078432219,0.01787701031469944,0.0007950192454361417,0.005100014743238657,0.015011265338809233,0.010030676252192191
2019-06-05,-0.002435437429231883,0.0006863168436886033,-0.0016120976148308183,0.004590740175949556,0.004496153483922961,0.0008049145968159956,0.0019360219053373904
2019-06-06,-0.000937407600627879,-0.0022258578473965626,0.003489350563934802,0.0012500326309668125,-0.002567507934408714,-0.0023121912685265455,-0.00046120278670987614
2019-06-07,0.003496746603306433,0.004219828344535549,0.015949226411867412,0.010817206272799498,0.01609051204823886,0.007687198244368107,0.01190165055992911
2019-06-10,0.0015751509300041314,0.003864012256703314,0.00026393310795573034,0.0057265825332903034,0.0034336998898417035,0.0,0.0
2019-06-11,0.002548725893134363,-0.0001811446154029547,0.006045596072329018,0.006878970969806831,0.00480963119416016,0.009126035241899836,0.006702667452184589
2019-06-12,-0.001638552820068572,0.0010077795044543913,-0.007893059524721703,-0.0019579937888969073,-0.006218905803608656,-0.0033067537762778844,-0.004263645373682966
2019-06-13,-0.0007978050337814328,-0.0029977898381629686,0.001056251296259022,-0.0005036588926296705,0.00013207900087528943,0.004395371431036299,0.0011421110927804824
2019-06-14,-3.370238562625071e-05,-0.0013432139022488056,-0.00768081236761469,-0.004706543652779503,-0.0014911255177181314,-0.0059879071311846185,-0.0033413846762753085
2019-06-17,0.001078582673219803,-0.005635586181714401,0.0002653059533486892,-0.0017366690097186457,0.004337028809009595,-0.0008750295458770384,0.001188932941810127
2019-06-18,0.004928728502686332,0.0006731322746558854,0.018958079160955023,0.01425653556135406,0.021793958665348435,0.020144346936253214,0.020386579025630014
2019-06-19,-0.004300103243896358,-0.0023543285384641957,0.004424075060744467,0.002210992104076141,0.0015814425448561593,-0.001884697185099088,0.0005240782027082539
2019-06-20,-0.003586287112669857,0.0035898806005276213,0.009819271190937794,0.004017229080897397,0.0030974509840640606,0.0037998364843069192,0.0038655405942223196
2019-06-21,0.001001881731871684,0.005070115747244044,-7.85553363652826e-05,-0.002344388395119913,-0.001308715225366489,-0.0012528475127577875,-0.0003345800319603544
2019-06-24,0.004501561961413255,0.007858698550878718,0.00157470352963276,-0.004133796451625484,-0.0011982070573752022,-0.005309861166734928,-0.003279127510980501
2019-06-25,0.002282371714178433,0.001366994847334753,-0.00710649615079743,-0.003129501167460045,-0.0012939392356776456,-0.0037652464667933642,-0.003249299779784712
2019-06-26,0.0009605771338055424,-0.0026640390021479346,0.0018473330417313645,-0.00014332788234518474,-0.002514616796075142,0.001379427188729184,-0.00040949405724687813
2019-06-27,0.00023447822780136036,0.00042076235336564207,0.0018439266940559005,-0.0012725938515772582,-0.0012934580830838368,0.0020973733649440555,-0.0001655892671586578
2019-06-28,0.0013273180912288002,-0.0001592063874156251,0.007863833272191693,0.0075583637108121386,0.008223027948083661,0.0103584559188636,0.009054354074669209
2019-07-01,-0.002455300161252053,-0.0007048372340149661,0.0010436566431242114,0.011521962455365268,0.005211185487100701,0.009837895898967507,0.006856772364126666
2019-07-02,-0.0025622364710299154,-0.006841027998014664,0.0033851196674177086,0.003144921904527224,0.0015989027787102707,0.00042636718267404465,0.002966182650225708
2019-07-03,0.004013833269139063,0.0004967823546674645,0.008283944331593893,0.005021918255450304,0.007501218190938537,0.0071209504556826965,0.009264276643620627
2019-07-04,0.0008811113288470048,-0.00045168692846070087,0.0,0.0010467642384082083,0.000341637093155286,0.0010821580839609384,0.0009936850340124745
2019-07-05,-0.00032332966698430743,-0.00019180164220305857,-0.007244897195048065,-0.0053672052315298785,-0.004816966927595925,-0.004870957191399376,-0.004572865691242527
2019-07-08,-0.0004350815693645381,-0.005189307743699327,-0.0052067774938048695,-0.0019301941632089287,-0.0008102137318507092,-0.00199271075174031,-0.0011968595588375316
2019-07-09,-0.00025659005264400613,-0.0010099377256192056,-0.0020906348502077034,-0.005424190001149905,-0.0030623444146390053,-0.008563679706931605,-0.003983794229374947
2019-07-10,0.003698155895821638,-0.0006951303941730276,0.0018295888969251637,-0.0012546221545596998,-0.0008097629604463613,-0.005089873973930557,-0.0023476443570821215
2019-07-11,0.0007779905395955185,0.0045046519407322076,-0.0007839032763524105,0.0025075645568870047,-0.0028130046199025607,-0.0033425777183785977,-0.001368925034266224
2019-07-12,-0.002001780787164216,-0.0005740370210267257,0.0002612506415499686,0.0007404494762037649,0.0037591100398714277,-0.0007138225809635399,0.00025732229004675163
2019-07-15,-0.0019834569259349604,0.001745659265439037,0.0010446764141618331,0.003255189778090992,0.0009595667771978595,0.00518154303286367,0.0013114820016394049
2019-07-16,0.0034073672727366203,-0.0009126720794380647,-0.001828514355808764,0.0034196674232043482,0.006463213302862516,0.0035159467758675562,0.005450264362689077
2019-07-17,0.004237437778347373,-0.0044048128062413846,-0.0036666127198681565,0.0019763109656088258,-0.007629141091022389,-0.007261411942466072,-0.0056329916180202794
2019-07-18,-0.0005536437824239775,0.0015484200315144313,0.0018349868650973356,-0.0013462940695466877,-0.003805014848756617,-0.009213400466722551,-0.005369113389189768
2019-07-19,-0.005608792876769439,0.002833951669395673,-0.007888527415089336,0.00047230569646567594,0.00032244562175955664,0.0026315605263429443,-0.000761207181556337
2019-07-22,-0.0013931502334231063,-0.0038441102150741594,0.0034255584362883847,0.0072483817615724,0.0026404729212923567,0.0023894683869023305,0.002794793985420721
2019-07-23,0.0018830914489515128,-0.0010875570533576903,0.008905515741704485,0.010500263993822654,0.009144330671636355,0.016250454551532574,0.012231814016895727
2019-07-24,-0.0018830914489515287,-0.004907467549868986,0.0002607057033711377,0.0020251481144946907,-0.002189952035926207,0.002570553087739728,8.430830940725079e-06
2019-07-25,-0.004695348602593777,-0.000791388790600397,-0.010482088492001634,-0.007641511739984477,-0.00497506600130917,-0.01292283272028207,-0.0064602919911525255
2019-07-26,0.002797514883845089,0.0003342777468417021,0.0034187094890886726,0.0021744934602967924,0.005720379399157162,0.004664747482964718,0.004071318251206608
2019-07-29,0.0047934969136565345,-0.0012586424965775793,0.001836068966430168,-0.0009141352527148326,-0.0015965728779488142,-0.0001957263638454272,-0.00025252164121671554
2019-07-30,0.014123506882960853,0.0009801032980864398,-0.018514118149611056,-0.009030317059465463,-0.01620425966476767,-0.022002327248440336,-0.017385562757756146
2019-07-31,0.0059254892460226145,0.0013379691883316093,-0.008309886218624994,-0.003925233609524916,0.0014197825804462972,0.0034351877380413686,0.0011544512263195112
2019-08-01,-0.0072311875694833945,-0.0077580179364134675,-0.004316075238243787,0.0006465337718602452,0.006953653134879831,0.005245888151452862,0.0
2019-08-02,0.0031680012507987387,0.0006423671708642403,-0.01196671191083515,-0.03220075184257098,-0.03635480999600257,-0.03156329474701072,-0.026519273028441145
2019-08-05,0.0005033576959599715,0.0026290992844662667,-0.019058451900999387,-0.024433779052982007,-0.02216017165604731,-0.018183418578388053,-0.019498059790406343
2019-08-06,0.011474712740782642,0.012147950516988368,0.004729409268162818,-0.006788943061816175,-0.001317253113611336,-0.00779716112749352,-0.005837125946429015
2019-08-07,-0.004432878752766323,-0.0032778523360136405,0.006914639081199213,0.004253111206590308,0.006067893840960889,0.007079884775926165,0.005553195186457326
2019-08-08,0.002115883716489242,-0.0002353191249881552,0.009054540853346896,0.01710730765469438,0.022798967781609666,0.0166213749686383,0.01956271057467883
2019-08-09,-0.0015837589107332653,-0.0015338026478230985,-0.005203148283557792,-0.012208078168017028,-0.011205923918599507,-0.012881693846307166,-0.012413081905490593
2019-08-12,0.012032413459489444,0.001903564986125621,-0.007994712676492655,-0.00014747142261337668,-0.0033106784489753383,-0.0012082171086181734,-0.0021590483768927143
2019-08-13,-0.004030666412615657,0.0008747157439385969,0.01183163971466777,0.006526755723254521,0.00988631453736614,0.006013741376832581,0.009159606706369968
2019-08-14,-0.0022102842345345804,-0.003684014354080683,-0.0305497805120316,-0.016686356580092397,-0.021060911729973313,-0.0221557100653656,-0.020603017219872934
2019-08-15,-0.0026479944866553843,-0.003024408733292059,0.0,-0.0033970098725053543,-0.002740145462882056,-0.006984449407984681,-0.0018017017457246593
2019-08-16,-0.0055892052495325655,-0.0026708564106834526,0.011774882833831511,0.013187611751135442,0.01212039108064138,0.013063744737623818,0.014005379693108387
2019-08-19,-0.0072636573862253076,-0.001776590511615778,0.00832623112320831,0.010955692159428165,0.013262506611244665,0.013113785254200728,0.011976328987782793
2019-08-20,0.001533633228502662,-0.0009646611520012486,-0.00415429213417134,-0.004903302704050257,-0.005024164911239681,-0.005494229289130144,-0.005643347633177132
2019-08-21,-0.0012924863035563756,0.0013197377273767932,0.01323418362909237,0.00947390395439077,0.016853614424348067,0.01293355902215596,0.013242333887616543
2019-08-22,0.0018286277612089483,-0.0006323495735885972,-0.003567170953882896,-0.006415577125979688,-0.008727172669769601,-0.004739697350987669,-0.006270178828869566
2019-08-23,-0.010325634261801267,-0.0006098411473300269,-0.015233622769471013,-0.008833926137822867,-0.011456811221115408,-0.011604469925138914,-0.011753382905184963
2019-08-26,0.004367604598637264,0.005312309309738485,0.009997556355733649,0.0022663895790582286,0.004523354934653667,0.0039992467275934114,0.004366276940152436
2019-08-27,-0.00045133811294902873,-0.003537256893122397,0.00027613816124794717,0.007262129549747654,0.0067181208499359525,0.006155253643774725,0.00643814836243856
2019-08-28,-0.006029663469785383,-0.0012317467317716595,-0.0002761381612480425,0.0020078782125403753,-0.0034009379585407517,-0.002475350301830686,-0.001511342731859848
2019-08-29,0.004917015271272916,-0.00037704624230177567,0.013176119146061122,0.010701540889178797,0.0150057600112146,0.011713043058016433,0.013561418389799615
2019-08-30,0.00027556880416291975,-0.0021593289853707575,-0.0002730323149929803,0.00731593508018163,0.0055825413071924875,0.00844480705266838,0.004512943710980414
2019-09-02,-0.003952786185108339,-0.006362502791238149,0.0,0.002432869542806033,0.0022891586393813277,0.0012137416846729368,0.0016853120941797257
2019-09-03,0.005131127206850236,-0.0021191385919894787,-0.004373767182021608,-0.0012514521569849315,-0.004921981735441136,-0.0035969507208964057,-0.003443624202902063
2019-09-04,-0.0013877532481086244,0.0005485905007386359,0.014415963606849401,0.007929005488275982,0.012002173893919298,0.009540527133218839,0.00875790537508064
2019-09-05,-0.006967868118816498,0.005491346018407023,0.0083367661489203,0.009959737669129496,0.011019953124743876,0.00842510708277457,0.009767138822959258
2019-09-06,-0.006458110246978171,0.00012141682649037292,0.0005356238830356975,0.001299544088530912,0.0018968971326311405,0.0053416387571501,0.0030057775390850932
2019-09-09,0.0021090385463305166,-0.001422711981305087,0.0034737006887770043,-0.0030053924305460666,-0.0026874168068413418,0.0028150874350568677,-4.8617101913433956e-05
2019-09-10,-0.0024553940439178495,0.0025158795130875685,0.0010659514318993022,0.0006334313405456496,0.0007618860348149099,0.003479136624533392,0.0011352489126990608
2019-09-11,-0.0005253227499510068,0.00017672051437775128,0.003989068121626282,0.008198621306838055,0.004433063927501019,0.007338116227732942,0.005082839005936374
2019-09-12,-0.0017905009807321285,-0.003342692532724868,0.009508846379141121,0.0028223914556335873,0.004404585940285146,0.00413251229262974,0.006247480101262014
2019-09-13,0.004325224652488599,0.004061228432765623,0.0026253156288314496,0.0035429068704299627,0.0022304383440941134,0.004685147696487075,0.0031739474432443326
2019-09-16,-0.011102042325321932,0.0022695435289529064,-0.012399452559382056,-0.005859400054692988,-0.00945671402199861,-0.007100619131076648,-0.008958081336859713
2019-09-17,-0.001568658688927287,-0.007013239349717472,0.006614297592353315,0.0025600562303916105,0.002367641193394919,-0.0006220857193894453,0.0007983450336996804
2019-09-18,0.00042906945859107936,0.0062265838521357595,-0.00026313175974127846,0.003056583149576188,0.0009149277385168356,0.00137384783021874,0.0019236041424152616
2019-09-19,-0.0015817713881030664,-0.003912760857539547,0.0034229710979383756,0.00413580213154261,0.0068140504328638675,0.0054798865740284764,0.006951289374737932
2019-09-20,-0.002842194423418639,0.0015456218977689294,-0.0007108231941111912,-0.0028361216754415057,0.005585934952386572,0.0008272238517225812,0.005261069280614557
2019-09-23,0.0019145824410859622,-0.0026701114277863374,-0.005018079858950068,-0.004808611858252949,-0.010602901055300538,-0.01013132132073847,-0.009684425535993671
2019-09-24,0.0007240520281007477,-0.0023003809903158227,-0.0039791157778706655,0.00029585465999995184,-0.00043159572779579255,-0.002854397797989517,-0.0013919673889164544
2019-09-25,-0.002377842810608827,0.002101950365998579,-0.006400018940584408,-0.0024733852214268953,-0.007943273586973328,-0.005946777777589774,-0.0053995314548410415
2019-09-26,0.004524392008003213,-0.0058218563359692605,0.005069939479402122,0.00747086881898287,0.00656353775418957,0.004433475667424837,0.005436303420893501
2019-09-27,-0.00024831064293420356,-0.0027564192221066833,-0.0018652941298843806,0.00102078133422378,0.003553859977077574,0.007491104066143573,0.00387110836567334
2019-09-30,0.004639952807888423,0.0018257472434580673,0.00638020848584742,0.003314490141539448,0.006575168440301951,0.0038002068766502133,0.006625175535800722
2019-10-01,-0.0033764369266509726,-0.003942544389598497,-0.010923478847045337,-0.010986777148642523,-0.014218806453130109,-0.013304148739087548,-0.014447801724193129
2019-10-02,0.0028369698538330333,0.00323157095816303,-0.025778448869468566,-0.028060864980395728,-0.031736514327631825,-0.027996285219487705,-0.030281194745898233
2019-10-03,0.0013818147346420125,0.002627776184569618,0.007394425449804493,0.000877717640766615,0.0029461773405496353,0.0,0.001188771532965912
2019-10-04,-0.0017191211221827363,0.0010641256168013682,0.007881601336213472,0.010845233065331038,0.00906922978066853,0.007315543730691488,0.008548857852109609
2019-10-07,0.0013597892774359548,0.001021221175843762,0.0002709540612464456,0.008834465661411594,0.00604729393521429,0.007019462871240679,0.0070917344810837
2019-10-08,0.0026580994614418102,-0.0013175672354694208,-0.010884848782506154,-0.012152200573297993,-0.011839887743667725,-0.010572763332555593,-0.011147270838182023
2019-10-09,0.004537216008494783,-0.0010965267988039308,0.011696288848200483,0.00537016785094668,0.007762169312953919,0.010310696319891137,0.008513655641798316
2019-10-10,0.0029058915212173643,0.0025240028453327565,0.009955899597173334,0.004620321992912405,0.012632706530908923,0.005766287191658919,0.00915749145099939
2019-10-11,-0.015653196622016564,0.0021118508038712965,0.02014357314604099,0.015797268558049245,0.017167170477537814,0.02816301379065149,0.02150741242321663
2019-10-14,-0.01330097956894182,0.0017214227218684101,-0.00026276522792897423,-0.003834645352227932,-0.00396158865909792,-0.0020074100327505196,-0.003833731107254259
2019-10-15,0.000492036771722055,-9.046477989097708e-05,0.013297306945439064,0.008068702353860575,0.010395695464851338,0.011405480784598855,0.01184931440968913
2019-10-16,-0.0109724621633989,0.0005185753331738292,0.0018111886250187803,-0.0052043547074353295,-0.0009035749479548381,0.003187391729890368,0.00016674242925906294
2019-10-17,-0.0011456132821480159,0.003636940737031737,0.002324212484583726,-0.0010232425993429077,-0.0041917636706238414,-0.0011972455531007796,-0.002957730284083654
2019-10-18,0.0009374175531448108,0.004706823401557925,0.0015469468729763884,-0.0061794448254577595,-0.0065114356803001785,-0.0016885579580756488,-0.0025698023331583776
2019-10-21,0.0002312876177989311,0.002562558558288225,0.00436808661788914,0.005571842553053075,0.002144533645662837,0.009011355281470491,0.005758131331197624
2019-10-22,-0.005903757611968732,-0.00035686656150583955,-0.0056568086901107855,0.0008504339600512079,0.001652186944735539,0.0005278250537233139,0.0013157686635057282
2019-10-23,0.004630909688477766,-0.002016512323627505,0.006425438176255821,-0.0007636413062159296,-0.0007514722656416201,0.0034047074582708964,0.0005740176149053576
2019-10-24,-0.0023998036615622055,0.0002782411876379464,0.00025615610523269,0.01105045104145355,0.005449080921422291,0.005758359862912602,0.004006564224361597
2019-10-25,0.003788309797931709,-0.0025570968400006238,-0.0010247855913775158,0.0024696070629344363,0.00663131182890563,0.0017394730967126022,0.0009135500475463428
2019-10-28,-0.0009602030893087602,-0.0017751204828271693,0.002560810146347473,-0.0002227083477156596,0.0014703797164392475,0.0036538044902371726,0.0002786091716267642
2019-10-29,-0.0010190646153926267,0.0013421613323952551,-0.0007677173560847189,-0.0031917407645940684,0.0016686525512758727,-0.0001614943086953916,-0.0009933672923557613
2019-10-30,0.0007180916881260925,0.0014106152649590552,0.005106054631798819,-0.0003610392997598454,0.004472449231358747,-0.0022738747369602215,-0.0004970876517490208
2019-10-31,0.0007638473039712207,0.003563011187457375,-0.0025497104075712317,-0.008599273378218732,-0.0062649995696753835,-0.0033704803701756305,-0.004396072538559251
2019-11-01,-0.002548429980593884,0.00023423408127475206,0.006362243025624295,0.007171256644991902,0.005574495857033167,0.007299114806756631,0.005348567605187081
2019-11-04,0.0010085489815231537,0.0008483186461446384,0.005817438755122038,0.008179477541041065,0.010773217408004012,0.013429197675649089,0.011378982828876893
2019-11-05,0.00011588065686497602,-0.0034110980809337267,-0.0010090115544363787,0.008672111087731409,0.0038711323105159235,0.0009297949091244972,0.003081036096623522
2019-11-06,-0.004004969679527911,-0.004895684739124028,0.0015134790435194696,0.007220072526031044,0.003389233914463047,0.0023844727102073863,0.003318275770228137
2019-11-07,0.0014877262235601758,-0.0003432343040610424,0.0025173859096969094,0.003657587239157243,0.004124951571117859,0.008279080519497238,0.004851645149467459
2019-11-08,0.001253640442901476,-0.0045902746872287185,0.0,-0.0010220849559749846,-0.00021900907682036836,-0.004593140722357508,-0.0018983846427929106
2019-11-11,-0.000858767883839188,0.0002491037604672152,-0.0002517960743617408,-0.0001844014964054406,0.0006992187508087655,-0.0022847501858605976,-0.0007651850500733898
2019-11-12,-0.00351246352690162,0.0011799926648196426,-0.00025094601527121923,0.004416889199393398,0.004389903781722378,0.00643005271224861,0.004151670494359643
2019-11-13,-0.0017607995809637686,-0.0020945065673948536,-0.0027712115158488207,-0.0024570361524673978,-0.0021409203562326507,-0.004031105971552657,-0.003427004245972637
2019-11-14,-0.0003385026394302249,7.707129932495918e-05,-0.0002522783074820861,-0.00385639179297895,-0.001017899671780627,-0.0037742775690104307,-0.002893746683900256
2019-11-15,-0.0012383717970428899,0.0006610320661624054,0.007290809298961713,0.00619655331159741,0.006450835241394383,0.004656701831491037,0.00616184499165898
2019-11-18,9.350239855786827e-05,0.003134730585158303,-0.00025039492481844673,-0.0013198886904044662,-0.0015974276712475114,-0.002626985511723818,-0.0018041287057676107
2019-11-19,-0.0007366901785849557,0.0015599736293654563,-0.0010025486692049675,-0.002510797815476992,-0.0035037648733531167,0.0010678283303323668,-0.0022589716808824514
2019-11-20,0.0022317494697767074,0.0006901025558301477,-0.00603786570493825,-0.004215569939240213,-0.002545103169840096,-0.004775008015850163,-0.0034361605428303217
2019-11-21,0.00035006730267434167,-0.0001030761451725312,0.0015128304190147772,-0.00728037226442728,-0.0021774213621555145,-0.0015545772534974692,-0.001146180039123763
2019-11-22,-0.000700257195381054,-0.001173751261188495,-0.0012605521115325446,0.0048370517673745,0.002024729387015041,0.0019907318167278593,0.0020795927316128475
2019-11-25,0.0013533930928640886,-0.0039206455924227866,0.0032739536054818574,0.006642114245308253,0.005369789176325341,0.006252900383195728,0.005506400195960518
2019-11-26,-0.004651311951356247,-0.0007381815159191847,0.0007540957107399177,0.0015575531069057867,0.0008031148004726318,-0.0007574914556257451,-0.0005746166992569041
2019-11-27,0.00399817605387311,0.0007381815159192047,0.0,0.0013043385363537153,-0.00046898880401403015,0.0038192901271352823,0.00196809313067668
2019-11-28,-0.00706024360305854,-0.0016079721459086524,0.0,-0.0008359527071477176,-0.0023851622070838675,-0.003127487648823207,-0.002256909333197426
2019-11-29,0.0019134140586291948,0.0006275423045720938,-0.0020119965118203117,-0.0009706100411864642,-0.0012777735972640625,-0.0006948273991965759,-0.0002429522279945481
2019-12-02,0.0006799761071974866,0.0006609029720223214,-0.012158085316742935,-0.017173500884910962,-0.020259091369787523,-0.020740377627382577,-0.020987850232313147
2019-12-03,0.002984018316841297,0.005436089218695316,-0.0010197909988393346,-0.0071621219537038846,-0.010338849082610435,0.0018964620208660225,-0.004330120017021433
2019-12-04,-0.0038398809913582853,0.0005540853176037691,0.009647083442198124,0.01373198229843816,0.012572489210988224,0.011579240125138616,0.013486646944507397
2019-12-05,-0.008469343636762666,-0.00019950418705007048,-0.0010114855402830409,0.0007611651117543124,0.000322315638183899,-0.00654854762044099,-0.0032539417961678324
2019-12-06,-0.0017522480251833217,0.002019123089264813,0.006051911903805785,0.018195394405568197,0.012054901265523587,0.008525939600477726,0.012045751792146425
2019-12-09,-0.0027767800134466413,-0.004200130717519964,-0.007063502325386077,-6.637781005419403e-05,-0.005920195303548082,-0.004641397235555437,-0.005474954662385276
2019-12-10,0.00010694465298617933,0.0005519736322186549,0.0025283207099173343,-0.0038762924373212417,0.0018450201300097956,-0.0026658164500988693,-0.00010890646089370607
2019-12-11,0.003641043326931527,0.002504942866564743,0.008298813234422681,-0.0016181149278294933,0.002194927312557929,0.005799243784935829,0.004258582921974286
2019-12-12,-0.00158758848860735,0.003878867315365377,0.008975204957361194,0.0012513870712986758,0.00398120659153554,0.005681017630737691,0.00511244218824923
2019-12-13,-0.015920055252143458,0.004497849743318054,0.005198407209658737,0.005238731323356941,0.00588994839219665,0.004609067164409775,0.0066474829122348264
2019-12-16,0.003595772502472858,-0.005521771250448632,0.010072830292303825,0.01287171407918714,0.012197630408058983,0.009362275309932177,0.011106451227342698
2019-12-17,0.007200654991965089,0.001124222275714461,-0.00588369864747002,-0.007297267281711178,-0.003913139993920361,-0.008977612466063559,-0.007305136986293546
2019-12-18,0.012718939734827552,0.0012927328987956917,-0.0036951370194301344,-0.0003134655637227819,-0.0014520072484851172,-0.004954362911536657,-0.0016781923568274177
2019-12-19,-0.0005767207063660692,-0.0031842980116769575,-0.00024679874539101205,-0.0004455459207358474,0.002125346952447248,-0.0007717446825195784,4.544477507317111e-05
2019-12-20,0.006103985081781506,0.0009008548009907165,0.005011287509128752,0.005744713707803992,0.008212616104158323,0.008061631431506882,0.0099499171169498
2019-12-23,-0.002988669849720613,-0.0041525618246866895,0.00024645684964634806,-6.571968872067215e-05,0.001301202931068913,-0.0013463564827042615,2.6439986129828246e-05
2019-12-24,0.005898398598351311,0.0012639349687982339,-0.0017252467518530665,0.00018061858458053774,2.98015910507688e-05,0.0,0.0
2019-12-25,1.1684526140362488e-05,-0.0003327368246873999,0.0,0.0,0.0,0.0,0.0
2019-12-26,-0.001985615405737214,0.0004770388220483902,0.0059015288402140985,0.0,0.0,0.0,0.0
2019-12-27,-0.001755322530611409,0.0005104234111590525,0.0034261650355145576,0.0027533207140864368,0.0012994733002080674,0.002712649732389771,0.0014843657773499928
2019-12-30,0.0003044692932527076,0.007286623560670526,-0.008341553821852565,-0.008513894762403126,-0.009180049553482764,-0.006627586728194355,-0.008976614738494943
2019-12-31,0.000234187021457168,0.0017862810709916835,0.004915388786338025,-0.0020654165267498478,-0.0006956620284247598,0.0,0.0
2020-01-01,-0.009479903523026917,0.0016526425861242138,0.0,0.0,0.0,0.0,0.0
2020-01-02,0.0004371835981560098,0.0,0.011456576694613325,0.013618803357165733,0.010556215070776427,0.01028131700563267,0.0
2020-01-03,0.0034550324116703933,-0.004411210053900827,-0.01292850246929411,-0.002957683672917451,0.0004402169610211088,-0.012538379212808858,0.0066207835186731885
2020-01-06,0.004451549695065775,-0.0008486965705175967,0.0017168512980713193,-0.006271066045099689,-0.005070660446755967,-0.006995318875733245,-0.0055409129343987435
2020-01-07,-0.0038866754771378145,0.0032231383954302996,-0.0056533185737305345,0.004059386343557422,-0.00020617866115786102,0.0075769144824583655,0.0017918499240334369
2020-01-08,0.0006469020153655727,-0.00387033975832015,0.004917917785750072,0.0012620306620236862,0.003097131130516543,0.007032806704611367,0.0035343622172246364
2020-01-09,-0.0030970449771236933,-0.0037298266820401005,0.004160617622704817,0.0033850508238495946,0.0019132414902831665,0.013043505637067925,0.006162405514806101
2020-01-10,0.002414869584490356,-0.0001889169480695333,-0.003179685669866708,-0.0034669369482915806,-0.0009006779865536246,-0.0008710682756030044,-0.0016768700011599927
2020-01-13,0.0025615499335604848,0.0005000532657698783,0.002446911066479174,-0.002509524153783708,-0.00016064051760472246,-0.0023605164676489356,-0.0026000352738735277
2020-01-14,0.006072164457930906,0.00171342886823665,-0.003427843019317238,0.0036883774611290395,0.0007866172622546005,0.0003694589993714474,-0.0012707688050571857
2020-01-15,-0.0032713223608982897,-0.0004341866069445138,-0.0017184491289422834,0.0006705975293038789,-0.0013716444669258736,-0.0017992952586308253,-0.0015694721024832195
2020-01-16,0.0006784586238734949,0.0020736147906197213,0.0049018038826167,0.0008172472333306766,0.0010636371971360812,-0.0002136956370777403,0.0013734227454110601
2020-01-17,-0.004336318940054138,-0.001294140833420409,0.0043914488706314906,0.005718366798389169,0.01016346476951955,0.00717481749081655,0.008999880758420625
2020-01-20,0.0017602661940738927,-0.004046570453323238,0.0,-0.0021792606913405427,-0.0036422902277384235,0.0016849856350251756,-0.0024266157726484457
2020-01-21,0.0003516677475485999,0.00021079095030663436,-0.010030683621924368,-0.003816867305715023,-0.005369260854066027,0.0005113252969615079,-0.002611945613112356
2020-01-22,-0.004122407452048274,-0.0010204176837492315,-0.0036951100710484732,-0.0005394860346645342,-0.00580748756633257,-0.0029640004097346876,-0.005114525735154859
2020-01-23,-0.006600631535973533,0.0009760499881296328,-0.002965569401228326,-0.009760347085821207,-0.006541072068107861,-0.009465523685258038,-0.008776270670658675
2020-01-24,-0.0017905181135168039,-0.0037215309488002925,-0.0017343130121677012,0.01413299673927959,0.008747889850859334,0.013963443652317714,0.011258702775594138
2020-01-27,0.0016957506408342479,-0.0027048154401573266,-0.02460010652506017,-0.02564177634023763,-0.02712977882112936,-0.027775499597374045,-0.027176092227566742
2020-01-28,-0.00036736179167529804,-0.0005070083082549927,0.011119959802224032,0.00710695696299278,0.010654211875677333,0.008965593570216483,0.01118831377312702
2020-01-29,0.0029941485348273025,0.00025342813606535716,0.0015069000304974351,0.003741083911283233,0.0048937093172305695,0.0015980968322322588,0.00459794321458163
2020-01-30,-0.0005792112370383951,-0.000517957493631393,-0.0010043476728029182,-0.010413837329755472,-0.014056628789293391,-0.014178716987402388,-0.012274078451682482
2020-01-31,-0.0035771721652556668,0.0011133636077491934,-0.017995602049160602,-0.015903422580632546,-0.011205727846205956,-0.013401615215349412,-0.013604199501945177
2020-02-03,-0.0017577212571140127,0.005485525052044301,0.004338398089884517,0.004839813462932268,0.004497002170528756,0.004858065734693421,0.005576460830553932
2020-02-04,0.011405722449855007,-0.002425760277789674,0.01716778988612451,0.021774903474419245,0.017428020459278264,0.017970660819744393,0.019209227720934866
2020-02-05,-0.0039093576876601845,-0.0014150782738120962,0.010705886059112083,0.013144073427676617,0.00844773449430191,0.014693039157314281,0.012133126181716518
2020-02-06,-0.001393160860088667,-0.00407914716479985,0.005433102072500663,0.008667803540446184,0.008779516935728211,0.007133412718655357,0.007300208397701242
2020-02-07,0.0033026542626471826,-0.0017588635635342222,-0.006920321267996595,-0.0037078401408247616,-0.0013971206378769099,-0.004504535343032336,-0.0018490326264097108
2020-02-10,0.00012949063630590056,-0.003070422989157765,0.001487219195495986,0.001037572022374304,-0.002337832077115079,-0.0014647080644427316,-0.0013989173697918458
2020-02-11,-0.0054900718822837365,-0.003279425511196765,0.004694077075494426,0.010878869958072525,0.006476982413675363,0.009867362053436659,0.008573374585439403
2020-02-12,-0.0023468982525743317,0.000545789907371758,0.005408393050339987,0.008269081168822214,0.008219176494704715,0.008908096141155532,0.0074450444412232425
2020-02-13,-0.00403093890681402,-0.003988568387689874,-0.007382173363030304,0.00017483384280526037,-0.0019003067136132551,-0.00031646137490784785,-0.0019970846092495238
2020-02-14,-0.010046856698063164,-0.0027586935935611265,0.0,0.000142987866549309,-0.003912039219663161,-8.874081864293916e-05,-0.0015011025764598521
2020-02-17,-0.0004815297628169151,-0.00039037003474076096,0.0,-9.535530894031316e-05,0.0027313365488559247,0.002882851743781357,0.003197212283863462
2020-02-18,0.003161757750535203,-0.00015174787186237877,-0.0044549084144514,-0.0059620618295527185,-0.00479798710348401,-0.00747856529908403,-0.0043512145910202145
2020-02-19,-0.003402645504897799,-0.00413242307371629,0.005195616444224707,0.005310239929393339,0.008944856081221891,0.007849244737196847,0.007437306134576099
2020-02-20,0.00720036952396118,0.001360184848757387,-0.005940409151529655,-0.01061664906390649,-0.008040503123245514,-0.009106535813390043,-0.010978016969100043
2020-02-21,0.0013024996019626632,-0.0020464967645173063,-0.0064761389039145,-0.007729237688808634,-0.005388623013566207,-0.00621584764023474,-0.005929187201152059
2020-02-24,-0.0008482447817135288,0.004721186336458318,-0.044190249904076925,-0.03970360194909077,-0.040245380484334445,-0.04089231224212728,-0.04092744651001526
2020-02-25,0.002888219058882827,0.0009358327590466026,-0.025927696475558294,-0.018010479490700775,-0.019560306246258225,-0.01895453280218438,-0.0209051516751585
2020-02-26,-0.0029599597849376356,0.003018415136661551,0.00026837395693751705,-0.0015972534458070088,0.0008570099712286545,-0.0012212108356729502,0.0014460938292004692
2020-02-27,0.00797656403572242,0.0003581554049379228,-0.028814296077591093,-0.038191385826053505,-0.03380414420066586,-0.03241190685339264,-0.034625846621365954
2020-02-28,0.01158889683118353,0.010175447527352876,-0.008030271162912621,-0.037480693091454034,-0.034374805544105706,-0.03934171275416686,-0.03726954374261333
2020-03-02,0.011293876612659461,0.004905810422639446,0.021453238222981463,0.005159233040346856,0.004438452327719089,-0.0027353218735881564,0.0028013334401708156
2020-03-03,0.01141985752030758,0.008356433460813023,-0.013698875368479163,0.014738571125970101,0.011121887094968558,0.010696586655321307,0.009876664997364467
2020-03-04,-0.0012038127379426966,0.003281729195869594,0.03576661138687205,0.013556794288954939,0.01321069463961985,0.011802924617435068,0.014307162875548266
2020-03-05,-0.007403696791957745,-0.0037273637898381047,-0.03438839170395553,-0.009349150096354649,-0.019174822232276487,-0.015201986476680402,-0.01679839131463021
2020-03-06,0.0015589741325349295,0.0075809876464607955,-0.018348703307084494,-0.039217819030062544,-0.04228931000345845,-0.034308013674942836,-0.03988308618495261
2020-03-09,0.0029266314215041773,0.01434540861589893,-0.0980921127377893,-0.07955653912910675,-0.08763578011350767,-0.08276975012189505,-0.08824776710983163
2020-03-10,0.0029754582944816117,0.0010481051458756956,0.031081024513784795,-0.012221262999481333,-0.015260639724180906,-0.014173287913327942,-0.01671509215691663
2020-03-11,0.005616537497815301,-0.007172069563950376,-0.05551813721094437,-0.0011147298722123974,-0.005701380809240349,-0.0035201573884131527,-0.001533797747408632
2020-03-12,0.002039744224282125,-0.004871123222760194,-0.13312380189091316,-0.11375838110070625,-0.13098349118744465,-0.1305485870112283,-0.1324051514499897
2020-03-13,0.012759055678153214,-0.006823700781210622,0.06011281116760271,0.0017342046994203708,0.018156398379766715,0.007714862970687714,0.015899010298095297
2020-03-16,0.0107209096024558,-0.0026473308768339967,-0.12175686002505179,-0.03785677724187639,-0.05924363121312828,-0.054516790094658034,-0.053880940437663456
2020-03-17,0.011695784672008793,0.0007030167891367934,0.050348541280579195,0.01781201334155372,0.028025892597168343,0.022267275671186384,0.03217783028522156
2020-03-18,-0.0014187698128107645,-0.013317896271767483,-0.08007310852409895,-0.04868411067382253,-0.06119155618742112,-0.05724997918466842,-0.05887400225671386
2020-03-19,0.03661997012715106,-0.004911892531991977,0.014581532570338122,0.04511860059028838,0.026455002428845777,0.019789332733716112,0.028209068013815706
2020-03-20,-0.016614706248145903,-0.028144080771162875,0.0027345969428926404,0.02159832852990994,0.04891985268675323,0.03632460583488065,0.03775297336886199
2020-03-23,-0.007634468645654401,0.003469689454375606,0.011604280083058935,-0.019306453699385034,-0.03378146930949221,-0.02125702401514322,-0.02501499531758487
2020-03-24,0.00902515714418154,0.006544952365581136,0.08991073678509458,0.08590746584459394,0.08056082139722924,0.10414287423694868,0.08834255230302712
2020-03-25,-0.01312088830238364,0.0035262190611547056,0.03648117099720648,0.029176213633589944,0.043718687553743966,0.017746668650407523,0.030836869784760492
2020-03-26,0.002833928416793447,0.00801521441819402,0.04110865669278869,0.01583938719799333,0.024796672144987077,0.012749736945992256,0.016870376094456928
2020-03-27,-0.014581834727032485,0.014467411219748412,-0.04042623712949453,-0.03810908841775064,-0.043196895716589745,-0.03753625932354627,-0.0427328080576399
2020-03-30,-0.012334716671833987,0.008187089303251458,0.01623301482260705,0.023489018755816285,0.00619006128871521,0.018865798155910312,0.013457938070896586
2020-03-31,-0.0032926807770458067,-0.00979877568790389,-0.010114932290686853,0.015551357479916518,0.004013930032828724,0.012137782963158754,0.007664948263532728
2020-04-01,-0.003157254302876743,-0.0003529198097441969,-0.05216752847903547,-0.025432409074455566,-0.04391545390277833,-0.04015714116470213,-0.03900108516557309
2020-04-02,-0.004635906359244897,-0.006638045995333951,0.01453154492621683,0.0147015244701837,0.0032556746073861345,0.0027276537647167413,0.003050947308244599
2020-04-03,-0.01076439386323443,-0.009744816047908876,-0.017033680009827554,-0.01436208777968425,-0.015851222103427275,-0.004718210444215053,-0.00953014608785051
2020-04-06,0.010504309940053145,-0.0037354318739070817,0.05906543657859985,0.0382037469109421,0.0450767673323524,0.0560732649535235,0.04872953622778681
2020-04-07,-0.0021623447950491663,-0.0002916967182406305,0.005383388333029988,0.020270073993524238,0.0209765389733032,0.02755969874370363,0.021827495919923213
2020-04-08,0.000634511531837441,0.008419050808379198,0.011345129334752232,0.0017190084861110145,0.0010088888075684387,-0.002301694481792424,-0.0022420642327234362
2020-04-09,-0.007297910273429572,-0.0028938347371023966,0.02490283419448253,0.014533127345511604,0.014324929177599102,0.022190085742753832,0.014456931945521905
2020-04-10,0.00042200566720338063,0.005850777165835929,0.0,0.0,0.0,0.0,0.0
2020-04-13,0.00043331040374877504,0.00048098003060578255,-0.012046270834607806,0.0,0.0,0.0,0.0
2020-04-14,-0.0060026325523834766,-0.0008851384596624093,0.01946193021257843,-0.0005907151541308922,0.003778215434431908,0.012400090889453678,0.008587892804300277
2020-04-15,-0.0023536651717530124,0.0056960393003238855,-0.04500677441560365,-0.03326061782501968,-0.03834599728553148,-0.039745263628099214,-0.03826564934832847
2020-04-16,0.0009766157110265572,-0.007335406043470732,-0.004377857815826479,0.010028308497586945,-0.0008180394583782457,0.0021165117630865165,0.00147677618829624
2020-04-17,-0.001379016883693992,-0.004285139918145141,0.035475453051324386,0.019443712280756097,0.03364465852634875,0.03098974719966197,0.02664764315844856
2020-04-20,0.0006437504746812521,0.0007820191746308519,-0.013115071528762692,0.013627029234450867,0.006489229513658054,0.004705751669703403,0.0073131344571329086
2020-04-21,0.003487539932627041,-0.0001956120482852273,-0.02574089019392463,-0.0337159601370064,-0.0384572401616364,-0.04072586806310184,-0.041459446356827814
2020-04-22,0.010707483621400631,-0.0007709720633413682,0.01111301973674106,0.02757338202222439,0.012393415347664171,0.0159869482031042,0.015484829983364326
2020-04-23,-0.006479127062677091,-0.00432246331143561,-0.010774332014040815,0.006084012361494199,0.00884606485610299,0.009437751120517646,0.006175137433300293
2020-04-24,-0.005374211065655308,-0.0030221678851646873,0.011109277356750664,-0.015309737565338741,-0.013043624544465723,-0.01704609322856081,-0.015328274127259517
2020-04-27,0.003193672795988373,0.004320208971249524,0.019559730704511426,0.014256039547331267,0.025160385534653218,0.03085586332163053,0.025662263851690195
2020-04-28,-0.004214620916828128,0.00010825926220592308,0.005565550271608251,0.015075406542264429,0.01422170951441905,0.012643909123426878,0.017189511747188226
2020-04-29,-0.0002295354530662777,0.0010830485703049676,0.034021231578168984,0.013353624769327272,0.021929440996475275,0.028500771956132348,0.021599525997861944
2020-04-30,0.0011129091622833502,0.0037456223174487475,-0.019758551686901948,-0.027004831757263394,-0.02140654785264779,-0.0224049000884472,-0.023009128281784263
2020-05-01,-0.0025374117055218864,0.0062521016248604224,-0.022458017104395954,0.0,0.0,0.0,0.0
2020-05-04,0.011498597589557152,0.0012924943262924613,-0.004618983313023565,-0.032919127697529055,-0.04334562501811415,-0.03702895927021447,-0.03880779398122714
2020-05-05,-0.004407788858895717,-0.00506151744593804,-0.0019860500868357956,0.026876583904809372,0.02367690838770268,0.024784901188997323,0.020881243964133055
2020-05-06,-0.0057811278902468064,-0.006044457194208517,-0.013678362542397831,-0.008430389088096997,-0.011159190664746006,-0.011554471344575828,-0.011241991716515881
2020-05-07,0.005735473906273983,-0.003699948420920635,0.01797645956282155,0.02096361207241795,0.015235086183532328,0.014328910796193332,0.012871516055658339
2020-05-08,-0.0004909630637692631,0.003569826442106355,0.016686217371840405,0.008313845689497328,0.010650806433444368,0.01340609195630894,0.009504782895423593
2020-05-11,-0.0031915489740128315,0.00021678724144065777,-0.006183943779275915,-0.00046112063214251073,-0.013146392830288624,-0.007316385203306104,-0.008411892073766577
2020-05-12,0.004344392885647363,-0.0027818730242308957,-0.014800370612988278,0.00021135380517864707,-0.003954209772944623,-0.0005073101221880469,0.00015601771048526792
2020-05-13,0.009695007709536674,0.003454153486910613,-0.018729797265966453,-0.01597895760846316,-0.028933240277845777,-0.02592016361967259,-0.02586733711266114
2020-05-14,-0.0013226760653784662,-0.0021344971862724505,-0.006435206705195438,-0.02602944297915605,-0.016667743758085073,-0.019698316974947092,-0.01806620858923808
2020-05-15,-0.0006450253463360763,-0.0015466442661771166,0.0023757587618471014,0.002561689683111791,0.0010525381460321506,0.012321011890641076,0.0037859757178510486
2020-05-18,0.013213183316519436,0.0013302007365226065,0.055065878745167204,0.03838937749073987,0.05030931458526714,0.055180238563539805,0.04969890221724224
2020-05-19,-0.0006034530886797584,0.008629270343230282,-0.013891421635883278,0.0010765665036893183,-0.008972245194515532,0.0014836727276902283,-0.003198856877557352
2020-05-20,-0.003504820341348998,0.00115766159200992,0.025374668976269645,0.02018115919536823,0.008669896124514118,0.013311997277968788,0.013622116195632925
2020-05-21,0.006284272032488817,0.005039383759406821,-0.009560360590094694,-0.015656899940724896,-0.011524910903687267,-0.014157510961111404,0.0
2020-05-22,-0.0014836086206702426,-0.0027418957158269978,-0.0016021607987516259,0.0029985169776255856,-0.0002002554994430125,0.0007172991714475978,-0.012626982616439962
2020-05-25,-0.0007370703257321183,-0.004126281178358824,0.0,0.015967048156833127,0.021226332862224005,0.0282598847239328,0.022421270709473924
2020-05-26,-0.0019346212242978141,-0.0004405280636237495,0.028767505850949802,-0.0028568593242233307,0.014504734386653504,0.009903160993211523,0.009335817233469814
2020-05-27,-0.0036781883915530454,0.0071989649335533965,0.02675026644253577,-0.004413954309106861,0.01775198276201388,0.013214749524101363,0.017143406813548815
2020-05-28,0.009047832631100757,0.0031897006443984094,0.00936160179400118,0.01809744775922778,0.017473756082328103,0.010533004026464348,0.014120986155672212
2020-05-29,0.0010237553570531346,0.005634519843012447,0.002701320695755495,-0.011295945835508674,-0.01604588320605218,-0.016628288297040526,-0.014409491831531555
2020-06-01,0.0014003854192471362,0.003551638495555174,0.019884801693275396,0.013002525853971223,0.014239673756479313,0.0,0.0
2020-06-02,-0.010517455689119777,0.0006673092775855425,0.018920832137857075,0.012121838925933827,0.019995039244089435,0.03680763469237892,0.03505471286826711
2020-06-03,-0.002134851629265163,0.005690338279647767,0.03902108068500277,0.027416777324733452,0.03307737609392847,0.038038525485778414,0.03440276256634742
2020-06-04,0.00483617147819267,0.004148682561719183,0.0016625331073351966,-0.003873487210312371,-0.00207285889867588,-0.004559038620474759,-0.0024253114670288274
2020-06-05,0.00628222752999059,0.00902938836116304,0.029192817747588463,0.024154581345220902,0.03640250005853588,0.03300530373691603,0.03690483681463401
2020-06-08,-0.010679832364009817,-0.0016199817594840025,0.011230458305812686,-0.01158920009790389,-0.004293721795590218,-0.0021887684570409812,-0.005332887678155207
2020-06-09,-0.0019807402225307247,-0.001233028042661829,-0.019600736936685226,-0.007890483171935213,-0.015658591566687186,-0.015850865509134122,-0.013632655612864034
2020-06-10,0.004271724019105554,0.00235429926666161,-0.005983135094917833,-0.004406616478512206,-0.00821600306722006,-0.006985041354435823,-0.008164026561431696
2020-06-11,0.0029793331164733464,0.0029280210908834464,-0.06566667758572886,-0.03459977134635291,-0.04820455797712169,-0.04571080087546507,-0.046337399578241165
2020-06-12,0.003973581647044486,-0.00683004994336145,0.01732636174347869,0.009028757057110225,0.004901099687425781,-0.0017567013749432744,0.002911869459900154
2020-06-15,0.0019475201383403087,-0.003200658370140185,0.009403246039173929,-0.005960922763954401,-0.00487615665083091,-0.0031793541243439337,-0.005513432804987505
2020-06-16,-0.0027275914298072147,0.007590147436824098,0.013521325281855411,0.032836300617190436,0.02799880354705899,0.03337994172742603,0.03331525238545987
2020-06-17,-0.0021092503859642246,-0.006374216046632403,0.0039091822692445,0.011487082714328987,0.008747215503336249,0.005383447373406893,0.007560849533523865
2020-06-18,0.0005249179183208326,-0.002025784015529618,-0.005028913115522788,-0.006855096386188512,-0.007477937598466218,-0.008158553320040781,-0.005327519568706261
2020-06-19,0.007032095805087499,-0.0028415210931360207,-0.006463422475376687,0.009235463766284546,0.004165789547657998,0.004000404494010749,0.005890550952838674
2020-06-22,0.0035859668800666063,-0.0029877213296057113,0.015372710499486656,-0.004872478006184723,-0.006194527100969194,-0.005512804454317804,-0.008419966862453993
2020-06-23,-0.0032423029547586062,0.009095057230980143,0.010877180042881665,0.016010726013407885,0.013842755223628841,0.021043491263825286,0.01747310315555126
2020-06-24,0.0010302837142913697,0.0028917950091841924,-0.028416506256096857,-0.029802801491382046,-0.029594579693796433,-0.03492308512935427,-0.03163027303605151
2020-06-25,0.0034817477810552837,-0.0054489396656502145,0.015293552404642054,0.005511056018205662,0.009646756020605059,0.006915843534592501,0.007105154829489628
2020-06-26,-0.0037032586670494284,-0.0025620007730021385,-0.018151698011663223,-0.0010532942076936437,-0.0018192396337248977,-0.007292200412575299,-0.004589703534951034
2020-06-29,0.007019026300875396,0.0003367903676439813,0.01533674046924526,0.0006070926921599593,0.007269328895631704,0.011737109140366927,0.008654272708646259
2020-06-30,0.004673920883966912,0.0018989199031385483,0.0014085321029579348,-0.0007679195541034155,-0.0019166679534555991,0.006422171800968688,0.0006340922780068874
2020-07-01,-0.0076476889903392565,-0.0010005176272754655,0.00028145593823492276,0.005238790558340797,-0.0018352143526469877,-0.004099012718889822,-0.0017392963077324537
2020-07-02,-0.0044218601022859684,0.0013717322924298595,0.018123936845340853,0.01425800514180957,0.02454734646527922,0.02797956654884551,0.0279897866952307
2020-07-03,-0.0013414425424296795,-0.001203159527819667,0.0,-0.0037213178300698375,-0.008400519148140606,-0.00638753210586945,-0.007773966674259298
2020-07-06,0.00011088590476625125,0.0008319448626654612,0.020241328147644778,0.0172431843864127,0.01474349427703095,0.01625192252709239,0.016751358973207644
2020-07-07,0.004206422660018347,0.005820437088329796,-0.017757528336013247,-0.00519913808223373,-0.007462531541218579,-0.009203160833789175,-0.008534740037926867
2020-07-08,-0.00708357982540271,-0.0033317075936469443,0.009054480007739075,-0.005820399493119592,-0.012489134451131938,-0.009715920011269105,-0.010736134819117487
2020-07-09,-0.00013348777616948204,0.005653583667688177,-0.014028326098786847,-0.008424332533430551,-0.012143003039499755,-0.00042823821205287944,-0.007612432168618212
2020-07-10,-0.003734193557931569,-0.004525481756836082,0.011840830234255013,0.005518978031876917,0.010002664630798927,0.011483549699770274,0.010690345764146085
2020-07-13,0.00018982646044838386,0.0019547842241856806,-0.001643660755790443,0.014495074585558272,0.017104731460963193,0.013074170623162474,0.01618399733247618
2020-07-14,0.00913629339847111,0.003129836355739189,0.01712704864485983,-0.011013114892584342,-0.009692349746317124,-0.00804868028262842,-0.008577008172025195
2020-07-15,0.004360816922431859,0.005731084189124986,0.013387105748608833,0.008782109293599634,0.020070979150572158,0.018231893364038017,0.016962634187996376
2020-07-16,-0.0011904111398443737,0.0005684764957306626,-0.0029299132157244055,-0.006287463382908004,-0.004649722207803395,-0.004340923679795446,-0.00381397325988843
2020-07-17,1.1044044834180818e-05,-0.0021988281362380624,0.0045240380624447275,-0.00024398321975949389,-0.0031236524238972894,0.003461244139799439,7.428371711591008e-05
2020-07-20,0.003797760495723787,0.004452839784056593,0.007143869324517146,0.009263387565534548,0.004676027192161587,0.009805745247145014,0.006733869574892047
2020-07-21,-0.005895489388628275,0.001374087699634121,0.0039472262275392234,0.003705464099471904,0.0021769369629278086,0.009528379598430697,0.005007601125864089
2020-07-22,0.0012702053470354396,0.006552908037431887,0.0034077561491538885,-0.014538509908845884,-0.013244847931957165,-0.005143859124653151,-0.010209511887319472
2020-07-23,0.0028217994737525964,0.003003306800597305,-0.009994244199178324,0.006558925489025887,-0.0006673402376577199,-6.565654704894198e-05,0.00029068757156852247
2020-07-24,0.0025283794209317915,0.002362799250454524,-0.0074294902363148015,-0.022304532786916333,-0.015481414224023451,-0.020456785491733163,-0.018211925718329747
2020-07-27,-0.00021957986900151814,0.004859005509410978,0.010332283762959344,0.0007444393909987696,-0.0033973300992533773,4.6780581320710735e-05,-0.0024342719422531796
2020-07-28,0.002654043055310586,0.009965846353996966,-0.0071416246126470625,0.003466921225275351,-0.0021644859812486247,-0.00026329287795002175,0.0002179615796838136
2020-07-29,-0.006979206746765319,-0.0042983898977795604,0.011612945012278029,-0.003927735373024949,0.006027780565223419,-0.0010149460088843293,-0.0010297671009445479
2020-07-30,0.000981140009288303,0.0054524132545194165,-0.019341103157317317,-0.02678654585401814,-0.021567028685861165,-0.03512867772339743,-0.028260908532519946
2020-07-31,-0.0028467899107996854,0.007557730482728887,-0.022454746048092535,-0.007144973181494726,-0.014372491817272393,-0.0053691466791030845,-0.010616559267744158
2020-08-03,-0.006385067852086371,-0.007604877620557198,0.020848431862426343,0.02255721635179673,0.019098688568249724,0.026733608232058573,0.023032176786507364
2020-08-04,7.781449703911901e-05,-0.0016128392275391056,0.005344317173560649,0.00037649480286143196,0.0027832516168728298,-0.0036526200653126395,0.001848503411351645
2020-08-05,0.003928710999979974,0.004420992329538805,0.005581438540092261,0.009116978368932447,0.008922068626011935,0.004701295263687201,0.004320275541787055
2020-08-06,0.0017485035848336203,0.004844217313191569,0.0010596475839206843,-0.008185377585185555,-0.009820338550317564,-0.005430910182895648,-0.008600753672950528
2020-08-07,-0.0007410982761134141,0.0003086983850073394,-0.005309026895700244,0.0019856098443984693,0.0008982699243057087,0.006585819157611791,0.0037763589082247333
2020-08-10,-0.0012289898051562713,-0.007925657651976375,-0.0005325632214803048,-0.0044597578596263605,0.00407994959931919,0.0009975701517440567,0.002168203695068467
2020-08-11,-0.0056661284851864556,-0.003822121048824024,0.007164838166069176,0.015107499544415018,0.02384625572425565,0.020235934826588718,0.021970550847846434
2020-08-12,0.0019033924090800037,-0.00010562834554598832,0.023776234751508085,0.016657992527255347,0.00897312761499658,0.00859363120298621,0.009278161408679365
2020-08-13,0.005190882841279584,0.004867204375342793,-0.007515908104974397,-0.008925719833590374,-0.006115306489541742,-0.004983817702371271,-0.006063168872192833
2020-08-14,7.740991441571393e-05,0.0019277181561497953,-0.00835950787562956,-0.016112951363213123,-0.015881842050835204,-0.007134221379368412,-0.011372149211345502
2020-08-17,0.00044238750616542856,0.0030415396512393574,0.005232977874682195,0.003737347124029242,0.0018137666599993237,0.0014964229033616041,0.0002420393030611624
2020-08-18,0.0016571958679453811,0.0020169448636142393,-0.0015667633025883228,-0.00623676710169722,-0.006837540829126204,-0.003015253624699655,-0.0049155522159064465
2020-08-19,-0.004979783199511253,0.005991819503850231,-0.001308137073574084,0.0014110910723404012,0.007900954079188139,0.00739165594870598,0.008469590065726505
2020-08-20,0.0022162843885594626,-0.008772937668035469,-0.005774362759612207,-0.014002544202927129,-0.013347003993276183,-0.011417816430561358,-0.013241329479734117
2020-08-21,-0.0063294777190842505,0.002543704941241629,-0.010318613788318486,-0.0019387533393322041,-0.0030405426138832695,-0.005094811199461133,-0.004355858907749998
2020-08-24,0.0036249429450802726,-0.006391340754740066,0.019750222578712007,0.017296981354328594,0.02252873514577828,0.023363399765192413,0.021844181794984718
2020-08-25,0.0014196432478590447,-0.00029498449271552575,0.004942546413094915,-0.0021056265606836234,7.58539813174851e-05,-0.00037659918675684857,-0.0006094857349666594
2020-08-26,-0.0027080167537937025,0.00342631292556195,0.008011029708627588,0.01140288550832666,0.007986788698176093,0.009792200524647776,0.008091024566040854
2020-08-27,-0.004790292975631114,0.0006511822732343915,-0.013475188366037363,-0.006769248065169005,-0.006450473397064976,-0.007136012686153896,-0.007691646675359008
2020-08-28,-0.0004467851863474666,-0.0019521980310365427,0.00753762820039354,-0.010024986429850726,-0.0026011373654611764,-0.004834392767392584,-0.004664061191177396
2020-08-31,-0.003144253574537353,0.008308183307316214,-0.013556334059743453,-0.01374339097591401,-0.011199881837252217,-0.006761004394119232,-0.013063240531817193
2020-09-01,0.0011200699397031007,0.0017415756438502092,0.0010493624701453756,0.005483768427834804,-0.0018451844728950748,0.0022276652295579622,0.0015480914930682558
2020-09-02,-0.003948287286098882,-0.0013243685869994246,0.01998786448710178,0.01625564341516788,0.01878523371834686,0.020534932892165576,0.018197556140003353
2020-09-03,-0.0027347363969398375,-0.006382304050645309,-0.02340223829805731,-0.021011411477123383,-0.004425789303722264,-0.014118233817461726,-0.010102494650322162
2020-09-04,0.005966342158014068,-0.0006395501907557035,0.0010521978895971736,-0.01712164573575099,-0.008912745337444133,-0.016610868906159298,-0.013292242977948423
2020-09-07,0.0008174309809627512,-0.0004498626544599933,0.0,0.012635687195493187,0.017697287596217852,0.019861170815527015,0.0162688743649204
2020-09-08,0.005113524960234034,-0.0010763825397821381,-0.0177653479061239,-0.011673745143502598,-0.015996805438971567,-0.010123387508459404,-0.014191646097040659
2020-09-09,0.010457848584330702,-0.0043644504422306754,0.025879241787165747,0.020607606970094467,0.013869330478196206,0.02052156288805187,0.017433152656808282
2020-09-10,0.000672017837899708,0.0030650000384235014,-0.012327694749049194,-0.0028116436102269917,-0.0037846423838438633,-0.0021417391406563856,-0.003633865158303432
2020-09-11,0.016536339733934608,0.0015241955964890776,0.008933053152247152,0.0027392235833270198,0.002030203434092099,-0.00045811500493331844,0.00091725203280799
2020-09-14,0.0014397019489887641,0.0015501619098305707,0.0015682255894080672,0.0007786548829810005,0.0035176936695104125,-0.0006955231087498328,0.0002955041647174054
2020-09-15,-0.0009956470055314925,0.0023001587836135036,0.005729133465241059,0.006333549477282063,0.003172056853619425,0.0018181418480590814,0.00465329588557515
2020-09-16,-0.0047429568880074345,-0.0021580365093011983,-0.006774266063995208,0.004450877711339501,0.001279732392780695,0.002848197316433383,0.0019727121951677545
2020-09-17,-0.0092573508167179,-0.0034643925057169208,0.003132359319277321,-0.01071206352794103,-0.006905346473811585,-0.0035709613351520577,-0.006692330638132638
2020-09-18,0.0026099229348250223,0.003784194404350613,-0.011006454506819571,-0.002954702824359091,-0.012242473110735877,-0.006979881361740326,-0.00996336474658314
2020-09-21,0.003039970184908271,-0.00022509848153577297,-0.036565954527632956,-0.027309659633069003,-0.03810818152680174,-0.044733791601770455,-0.038095172331987656
2020-09-22,0.0018761613256648346,-0.006566912063439029,-0.0033011424997280263,0.008859760139296013,-0.004014733344679274,0.004133320911854921,0.0010054993745554424
2020-09-23,0.0010892569758661431,-0.005080188782394758,-0.015831423860834977,0.009020113952686178,0.006145108804218767,0.003849859044701057,0.00503772191163181
2020-09-24,-0.0025069760861084383,-0.0042644570910396855,0.0036327025532946317,-0.008410151645150049,-0.008288630043340671,-0.0028831764238863356,-0.006457758107874994
2020-09-25,-0.0013650795098981042,0.001259955525634199,-0.0025134174659656354,-0.0003697015156492868,-0.006944610241786127,-0.010956512092823768,-0.0071719888026307846
2020-09-28,-0.004029801836147805,-0.0032515291017523847,0.02157750730100747,0.019697153679011436,0.023736765117903815,0.031705008167723384,0.027085459946973183
2020-09-29,-0.0046521278014018145,0.003730263732286211,0.0019137583007595626,-0.004997330174635708,-0.002315205563069377,-0.0035062764961261554,-0.002761914424021053
2020-09-30,0.006044660082295235,0.005398432735944618,-0.0071272545049230925,-0.0022249661903725516,-0.005942595205207839,-0.005087827954305013,-0.006457647751399907
2020-10-01,-0.00598953417263391,-0.0013611364287141254,0.0038444802284723417,0.005171860751530963,0.004279443662639182,-0.0023506620870519736,0.00015028271677675317
2020-10-02,0.0045970018917405086,0.0016077063645410661,-0.0030194135264543145,0.004675392516538724,0.00017408036524727355,-0.0032832291333770866,-0.0009898658104028238
2020-10-05,-0.00556750425938225,-0.002088376631710885,0.01851909931106229,0.008640584950437792,0.009692031291289366,0.010915782105863164,0.009137282170480314
2020-10-06,0.0012019454597060287,0.006125130992924238,-0.012490272195446132,-0.004562979362650731,0.004830366011729319,0.006039418928222707,0.004053631505385582
2020-10-07,0.003871723601393966,-0.0046590314432261234,0.010328981546497522,-0.0014054837726900768,-0.0027532650594342513,0.0017457824655882415,4.0169548723929746e-05
2020-10-08,-2.198588270859765e-05,0.002538556036391257,0.008079942672495838,0.009582550331319288,0.006113991886915273,0.008751402346571685,0.006882266189257151
2020-10-09,-0.0018130112491273954,-4.001590303437655e-05,0.008813134715761643,0.012829412799034134,0.007073972379646799,0.0006914004457287664,0.005317955911955544
2020-10-12,-0.002808455671401713,0.004226242406377237,0.007417148499658242,0.009021746058653414,0.006544382198992097,0.006657594944325288,0.007608950434055155
2020-10-13,-0.002838515822240345,-5.911793222122852e-05,-0.014354476780641744,0.0002794827827315118,-0.006382714370952207,-0.009130934251858432,-0.005756221884659494
2020-10-14,0.0038526674127524405,-0.006278180816363138,-0.005099546938288712,-0.0008562895455812507,-0.0012032653041842004,0.0006963810774746279,-0.0018038735738889653
2020-10-15,-0.005701458172135022,0.00015267773840031283,-0.016825581328953405,-0.020328326418617735,-0.021319834159869436,-0.025208234416999355,-0.02492874594856823
2020-10-16,0.005381850242822623,-0.0031425047396492416,0.010345851669311273,0.013662591868102756,0.02014539085345565,0.016026760557042035,0.016396365565392906
2020-10-19,-0.0012682064784104753,0.0007144627498970919,-0.0051592741251368585,-0.005170145878211046,0.00136868323364421,-0.004217582356267058,-0.0009124445980941278
2020-10-20,0.002876047494766783,0.004544144882610952,0.007864150862285528,-0.002213859660020339,-0.0027026895093389854,-0.009199170307544984,-0.0045252109685305
2020-10-21,0.004808004808793703,0.005168120008133394,-0.013050728406459771,-0.011771092650315208,-0.015400042472733948,-0.014178016063151822,-0.014721230284271058
2020-10-22,-0.011664686545047475,0.002036803587023197,-0.0005474788408342995,-0.005757504392465206,-0.0005296703026896817,-0.001161726981206406,-0.0029250267662495675
2020-10-23,0.0008748857856556655,-0.0032899579374845926,0.010622446020080677,0.0002526109012723484,0.011937470806150622,0.00815370002535162,0.008618273678377135
2020-10-26,0.004671497041600528,0.002827654564092691,-0.03361201517567049,-0.01525084653722825,-0.01923199823783859,-0.03775750762519943,-0.029700302472707166
2020-10-27,-0.00038570513675536015,-0.0033001629038455164,-0.017524388558755388,-0.0005496295171431943,-0.017903888289272217,-0.009373489420134891,-0.011221213395867227
2020-10-28,-0.003489133015225513,-0.0021470612785486148,-0.042522178404162204,-0.02141337493463445,-0.03430648358001197,-0.0425952336543526,-0.035488501157039096
2020-10-29,0.00012169527465537195,-0.003012149800032766,0.0026739830970890686,0.0006363302990488898,-0.0003173019659065967,0.0032437722591633217,-0.001185099572023207
2020-10-30,-0.001272665272599263,-0.005973974709475419,-0.0032694016451425847,-0.0010296409147442804,0.005362420835382581,-0.003592372736556994,-0.0006150708385458412
2020-11-02,-0.0027500600450228803,-0.0031366510442316082,0.018289310927947486,0.01861263886588101,0.02087225645572476,0.01985948159119787,0.02052017236231946
2020-11-03,3.335691923753257e-05,5.826095554634443e-05,0.03221471426344067,0.01924695976755356,0.024108304579555026,0.025188491838730363,0.02588459870176592
2020-11-04,-0.004786027503077113,0.010204356761020732,0.012376971372353404,0.019255117179688988,0.024103693915688437,0.01927207713814043,0.019921485961758308
2020-11-05,0.0093613826504939,-0.002513986342437094,0.029474634698616494,0.011153583778942508,0.012343171165042716,0.019594639804271338,0.017090944753578256
2020-11-06,-0.005964314628153993,0.007206380695062468,0.0029817680230070746,0.0022718206854916256,-0.004647701355767114,-0.007032121595258581,-0.0035858944411292647
2020-11-09,0.00321936825574745,0.006366183456068054,0.04885430526766203,0.03605023093932322,0.07295312315724624,0.04817560046682204,0.061683524560488374
2020-11-10,-0.0049108831973764195,-0.0055386456714018525,0.018133526751426286,-0.0034744470435483844,0.015369556248840564,0.0051137184632092745,0.010133669063668438
2020-11-11,-0.007456753808167205,-0.000721221293889815,0.00530115655783363,0.012325149726501769,0.004830515822105952,0.004023566021240202,0.007143363742025366
2020-11-12,-0.000482620035342523,-0.0032625230156320003,-0.016755748420858238,0.0014008070824096017,-0.015293010957895531,-0.012427636069967652,-0.011340879335425406
2020-11-13,0.010131141771182055,0.0019586090254565085,0.014739791302384677,-0.005313638678233237,0.0032748375476146833,0.0018193523207589014,0.0011282697581973325
2020-11-16,-0.004321419859569106,0.00354019285936168,0.008039891660995216,0.008009767789854303,0.016831000444959145,0.004721721206739792,0.00989816915727588
2020-11-17,0.0009817518247980752,0.0011970869835477517,0.0017504446127187229,-0.001213993842216804,0.0021032534266389805,-0.00039133749975784834,0.0006546852509659167
2020-11-18,-0.0021208442966559114,0.0003558725515353005,-0.0062648784278572615,-9.984449963881573e-05,0.005175385455271669,0.005196061678150496,0.003939188220110748
2020-11-19,-0.0013866073330671411,-0.0013516014389545322,0.005515015431758789,-0.008137793670775204,-0.006697580018968086,-0.008804779411088008,-0.00871056615201022
2020-11-20,0.0021685084404470356,0.0015888129539179579,-0.0012505776700308742,0.00936854681469807,0.003870363182042173,0.0038965114061174063,0.00451766609255831
2020-11-23,-0.004240802701818653,0.0,0.0010007205533385658,-0.00041563106198454767,-0.000680782834092215,-0.0007828349038755743,-0.001315912862829892
2020-11-24,-0.0037296888424147214,-0.0020033468877048368,0.015631159388972707,0.010075988011083371,0.011994098954500336,0.012526613265876828,0.012893540359737717
2020-11-25,0.0020462883378743173,0.004867342357784169,0.0017216995115752643,-0.001762998013071861,0.0023127508208800216,-0.00019867588174690814,0.0011168060843965099
2020-11-26,-0.00023588630202196992,0.0016364653286423468,0.0,0.0016477453939239683,-0.0008080387666965145,-0.00024303486060400296,-0.00027338255316557836
2020-11-27,0.0021323359611092017,-0.00033608257865220067,0.007345769918519245,0.007021780479612906,0.005622983102022408,0.003689352380329256,0.004787832433228625
2020-11-30,0.006581380388179253,0.004643726768977662,-0.016232475825477464,-0.009279872403576604,-0.014326467086023219,-0.0033439621822439324,-0.010042347254442993
2020-12-01,-0.0031679642895225246,-0.0027854849009629613,0.024976716744895374,0.008854700249859657,0.011367555284630229,0.006833759344146041,0.00931923990096587
2020-12-02,0.004748224005379232,0.011345699845260208,0.0004836519403238863,-0.0007689626304572476,0.0002453509828075577,-0.0051738773043026555,-0.0011125775546520097
2020-12-03,0.007433570443054897,0.0033258801250090177,-0.0007254581760406245,-0.000753257685061664,-0.0015505274745583662,-0.0045456416597954375,-0.0011991245504661854
2020-12-04,-0.003715391666433077,0.002559485522245068,0.009150122252001723,0.008465576955405566,0.006221687469612953,0.003472429020228253,0.0062836825320757095
2020-12-07,0.0007640969856068037,-0.0020020007037436782,-0.005528189935111492,0.0008605280292294879,-0.006397504360497495,-0.002104630289187743,-0.002599941000534604
2020-12-08,0.0038339027441696982,-0.0006786241721560766,0.002166729632802985,0.0006327349331052226,-0.0022830805827709698,0.0005642469597421528,-0.001193308150013146
2020-12-09,-0.0011254586208118216,-0.00018158890339934348,-0.0038555254297985356,0.00506337494786625,-0.0024938316669002136,0.004641062568565214,0.000892969980259571
2020-12-10,-0.002487033767521277,-0.002660881592207315,0.0016887957969955437,-0.002617498687053313,0.0005100862267191206,-0.003343546680040894,-0.001903176532226464
2020-12-11,0.010031934799820808,0.005411394685255497,-0.007742796778936329,-0.005906348091967407,-0.0076150023901448115,-0.013739743301315787,-0.010407967626290556
2020-12-14,-0.0018424875558078662,-0.0008971006575492733,0.0012137573801978998,-0.00257470289913396,0.0036772715006779693,0.008266626444369393,0.00518467295489202
2020-12-15,0.0003951139889829101,0.0012760274826384625,0.014212239330044216,0.0072508029421209826,0.0004467682038411949,0.010510124720394854,0.004993288867555876
2020-12-16,-0.00814201941068321,0.0004447932579340932,0.0042958201737499915,0.007294994345408651,0.0031359716077143693,0.015085248635399128,0.0060867906800070445
2020-12-17,-0.000885345570992058,0.003718838418115041,0.009716944235347006,0.004636606251970786,0.0003207646564038609,0.007437237249910831,0.005031104056447699
2020-12-18,0.0004870667448977406,0.0051614926845374685,-0.007100934940032282,0.000800000042666763,-0.0039035044679594567,-0.0026918147771110346,-0.004258049783162444
2020-12-21,0.008693918792020087,-0.0038064083361426973,-0.01735382046789027,-0.025693088886085486,-0.024632284135925345,-0.028592391866721214,-0.02775535084428219
2020-12-22,-0.0017349485592065316,0.0016994360559735861,-0.0007295495095044157,0.013220587630489358,0.013539556297202434,0.012887059842447144,0.01405403626376034
2020-12-23,-0.0005936678618497551,-0.004115299835438355,0.014252989919406303,0.007936010064773328,0.011047501193154315,0.01252510229329395,0.011872102928978202
2020-12-24,-0.007383979357148288,0.0003900283455694203,0.003113386299304781,0.006326164447075802,-0.0010100055742515296,0.0,0.0
2020-12-25,-0.005821940841069459,-0.0005485085946641497,0.0,0.0,0.0,0.0,0.0
2020-12-28,0.0019703779624826814,0.0016708003921992543,0.0069107230409878725,0.0019458867936321344,0.011947538975448029,0.014834308604341326,0.010162161797750287
2020-12-29,0.008923565279529717,0.001502332029679512,0.0016608194568085413,0.0024667009265361937,0.004180327710132367,-0.0020986144899705628,0.0016656111915292083
2020-12-30,0.00036363481507755135,0.0024109354771881916,0.00047425289308986106,-0.0017181313156841651,-0.0022084857336663066,-0.00310039266558898,-0.002734542094695741
2020-12-31,-0.0057791259694476484,0.003824067102786903,-0.011439847107179175,-0.005508267903226465,-0.008609285260385109,0.0,0.0
2021-01-01,-0.019516331370422975,-0.009773517884413802,0.0,0.0,0.0,0.0,0.0
2021-01-04,0.01151636802140648,0.005765555261008046,0.007403086492778724,0.010226019904501006,0.006741238665222503,0.0005800553979962302,-0.002017998305954756
2021-01-05,0.008265862094280872,7.356226640494462e-05,0.006403404166589638,0.0040959465326410975,-0.004368094471353493,-0.005516897494651185,-0.0046510873539580945
2021-01-06,-0.00021054688044725608,0.003965123188171507,0.015947621444309477,0.008705374301988995,0.011790903867112758,0.017482080783920988,0.017665104472798187
2021-01-07,0.003506675097909718,0.0033142610483495433,0.00046522218485791554,-0.002741723790887318,0.006946653833930592,0.0054752421792615595,0.0031353709932236714
2021-01-08,-0.0015692439117693695,-0.005660827653219173,0.0046404589739054815,0.01276703067617389,0.0065097644028521565,0.005802764865969338,0.006227806977629031
2021-01-11,-0.0029130106860267278,-0.0069703961647830355,-0.015395607749494757,-0.00493781034371405,-0.007819284244631164,-0.008066173168097945,-0.006724781925948252
2021-01-12,-0.0026990810922005886,-0.002095021317432315,0.0016441493816505717,0.0018040971917950188,-0.0020259098876407476,-0.0008327258131731314,-0.0023477206525043272
2021-01-13,-0.00671811107543672,0.003955158044529991,-0.0021142994078387914,0.0012422557877562993,0.002068248779433021,0.001051535126354734,0.001211881503101873
2021-01-14,-0.0023317612073387333,-0.0038080283932926044,0.006329844181724876,0.01887771805556312,0.003256442248326901,0.0035082759346884654,0.006850541538443722
2021-01-15,-0.003417681195444234,-0.0009239134183000088,-0.019587860605016206,-0.007536004069570044,-0.012300029386317463,-0.014470774590024327,-0.011551165432514809
2021-01-18,0.0010805372205024923,-0.006866108748783546,0.0,-0.0021965596577651378,0.0009938727368763566,0.00438696353996804,0.0008663643306397995
2021-01-19,0.0003936570055445423,0.0007605172831768469,0.007834247125999845,0.0015059261455320292,-0.003327456010943827,-0.0024067933866047365,-0.0020144239955396264
2021-01-20,0.00037098980786572924,0.005085373313111707,0.006128963375076611,0.012238945354860921,0.005313978086845196,0.007665807652996217,0.007928644877053168
2021-01-21,-0.003660020351266326,-0.0019161371485265039,0.002347614117082868,0.006922770003365894,-0.006711698350680652,-0.0010565024816139173,-0.0015712886131562835
2021-01-22,-0.0003836521973580639,0.004172884115166977,-0.0061147561778168175,-0.005058830186716953,-0.005599872436696649,-0.0023541726057217664,-0.004415106282172152
2021-01-25,0.003301488197004935,0.00025913209312755636,-0.009719224287094904,-0.0034729957921354523,-0.015810792878076057,-0.016718188683941728,-0.013771352180007483
2021-01-26,-0.001057959573263216,-0.0019087660606736155,0.008538802263367864,0.00045563845955933705,0.009305399105809799,0.016503411498957576,0.01110852518383248
2021-01-27,-0.003282428497075835,0.0013782815622589177,-0.02826542281798806,-0.016258024523925475,-0.011636130022568504,-0.018226554604030464,-0.01583664260764582
2021-01-28,0.0003276375202949018,-0.004773378169334243,0.012074464333637996,0.0016655111398278884,0.009279784392311903,0.003332780132216691,0.005825177389394374
2021-01-29,-0.002578550773779144,0.0012354407583351585,-0.021839792355444535,-0.01849041457377986,-0.020406356785215077,-0.017201154178810452,-0.02148276484562079
2021-02-01,0.0021944108524371265,0.0003151851458534282,0.013645148673239313,0.01592939814687158,0.011503827584669963,0.013982869521548669,0.014092678347553863
2021-02-02,-0.0030666888374517843,-0.00456032922487926,0.014893410686250011,0.008506320537108253,0.018400812903810782,0.015525622717371443,0.01674165429866707
2021-02-03,-0.0012474810766892716,-0.0024589779925830125,0.0026193474457455574,0.0030892841541257797,-1.079592519666702e-05,0.007092144754145803,0.005358200752215759
2021-02-04,0.0012135009947560422,0.000276917273947226,0.003323822637995451,-0.0007790750323661585,0.008143959174256043,0.009049180745515409,0.008927443998208651
2021-02-05,-0.008365423677185931,-0.006302406474781382,0.009905690811078754,-0.0017436486770279348,0.00900265712943789,-0.0002539610398793954,0.0037407848036864985
2021-02-08,0.002283274963910367,0.006832463888964413,0.0058501990162449224,0.004810565544492994,0.0047191513434668994,0.0002269425400191207,0.002660735811661241
2021-02-09,-0.0002167058463183046,0.0004001279473606964,0.0018645868872419658,0.0010354220534426193,0.000968617098765656,-0.00342767852285461,-0.001195671559999039
2021-02-10,0.00017103022640651137,0.005493380213142898,-0.0051366752349184825,0.00024343475128530342,-0.003650701826391832,-0.005641863471989793,-0.0034912862947709916
2021-02-11,-0.0009583095316740462,0.0001006147186412552,0.008623919371310245,0.010760103433304509,-0.00017282661851943017,0.007717268097921679,0.006368779745326779
2021-02-12,0.0023941898539985044,0.0008488716587742157,0.0064767694441636514,0.018626051759054206,0.0059524734025809605,0.0006393191048871501,0.0064963534254687625
2021-02-15,-0.004897112723129845,-0.0007761953783182415,0.0,0.012261407975803076,0.01437459975973219,0.004232403567258049,0.010387934674398514
2021-02-16,-0.0022683356278734514,0.0008330887385099504,0.006206274085779778,0.003278428744187119,4.8352282078917354e-05,-0.003185970737202383,-0.0020909985318260374
2021-02-17,-0.0016069721733847986,-0.0032787569674480477,-0.008976576488781713,-0.009338986208175944,-0.00358194278618164,-0.011105483747610641,-0.007150289258846604
2021-02-18,-0.0021045005011932527,-0.0036849485827756168,-0.0013882390278239282,-0.012158041134779134,-0.0065267694901891965,-0.0016074031117871651,-0.005096973120511829
2021-02-19,-0.003482623293826473,0.003636543984999715,0.00554143018660819,0.008392005089034728,0.007863055432457387,0.007625587210826922,0.008768714478690548
2021-02-22,-0.001676448868893255,0.0028456766837020647,-0.0018440392309752014,-0.00996872577107016,-0.0010588110701895775,-0.0030912962797109834,-0.00367174135817862
2021-02-23,0.00043959280279078875,0.003329382255763756,0.0011528339007288258,-0.011513744332217586,0.0021476758753025565,-0.006128434034470845,-0.0029097523465603497
2021-02-24,-0.004497786935694451,-0.001204987918721342,0.007574885918037875,0.0007225357495881887,0.003133604052929888,0.007987628419278836,0.004567874561459367
2021-02-25,-0.0005811184605050614,0.001580961359324078,-0.019162544741222694,-9.028842381329967e-05,-0.002433087326713964,-0.0069408841826718035,-0.005603912475238808
2021-02-26,0.008911610423532614,-0.0009002015062182222,-0.009838295143567495,-0.02009578745812589,-0.01404552504390169,-0.006726065739988457,-0.013341349440033632
2021-03-01,-0.0031504949863908867,-0.005844176882910137,0.018657161507599794,0.02024632486270716,0.015583082264444274,0.016298024282334657,0.019115276780619618
2021-03-02,-0.00046245162128715807,-0.0031866658408165566,0.0011547991997202377,-0.0019882029948618623,0.0029200472680960886,0.0019234923791840353,0.0002966827824606962
2021-03-03,0.0014097715299853212,0.002848097048624638,-0.006018504686946676,0.00013563265985314332,0.0034932071334467067,0.0028613612590661338,0.0013638055058405288
2021-03-04,-0.0008779464962889,-0.0028842034545033873,-0.010503326996318877,-0.008599457778788512,0.00010116772520350977,-0.0016839723949606347,-0.0021381315935002287
2021-03-05,-0.0045409030115955646,-0.00690519775863099,0.004448380474685783,-0.005794712307429898,-0.008266431443691791,-0.009697274924604687,-0.009576474201244746
2021-03-08,-0.0006039032935943132,-0.0035242896042219775,0.0051256966154758065,0.017855496082439692,0.02059700367126617,0.032525389982220175,0.025213961626020392
2021-03-09,-0.00405101207304479,-0.006217744884170941,0.014076338512780059,0.014096748329248619,0.003716618070267994,0.003957850276761392,0.006042986264903889
2021-03-10,-0.0008285272575105083,0.0038901553143102156,0.011166007606139196,0.004330786073718684,0.011007535030283603,0.007061172136193416,0.008906187391586502
2021-03-11,-0.000934377037224281,0.0023633748120306186,0.009696820270788697,0.008342305290341382,0.0071871314831071,0.0020020624454774967,0.006710551569102259
2021-03-12,0.0008759953450105882,0.005021504926535071,0.0,-0.009257220291343928,0.0021175026628370178,-0.004609289162299682,-0.003198279886374693
2021-03-15,0.0014815896610411437,-0.0030159811771838406,-0.004498608144599683,0.0020498524199028677,-0.0017512228459663317,-0.0028290307452718904,-0.0009186814096207207
2021-03-16,0.0002098192498239864,-0.002029413754968581,-0.0015791366361569343,0.00711961108961787,0.003218812893541187,0.006627417086543896,0.00549940791084351
2021-03-17,-0.00221685832958619,-0.0020252271693676203,0.010108886239463986,-0.004309723081901199,-0.00010079916814540657,0.0026775085282599973,-0.0003168467077191926
2021-03-18,0.0015056568277815351,0.006794990677772875,-0.012143104259177568,0.0024649599901496863,0.0013154765804530872,0.012182391475523935,0.00461304509522379
2021-03-19,-0.0017860698089309335,-0.005401606379240153,0.00045238399540010516,-0.00101166709919673,-0.010750691711759778,-0.010512874098222198,-0.007922627363297977
2021-03-22,0.0036853930807478866,-0.0029514157086691552,0.0004523791173868776,0.003675223884585468,-0.004927119553070359,0.0024735104671781086,-0.000829093942074252
2021-03-23,0.0021048520652818675,0.004191626170597192,-0.012057940784081036,-0.003616580999994187,-0.003891326757686274,0.00032808299801482215,-0.0017804972458639104
2021-03-24,0.0016946191728749956,-0.0078093163477120295,-0.002520974453418541,0.006418782101750922,0.0003347015948129597,-0.0035275495114906828,0.0014439531744899776
2021-03-25,0.00013913625301137006,-0.002294449520728023,0.0064044125955550705,-0.0011666222432798509,0.0008605456304668026,0.0007506019064939343,5.223540125709177e-06
2021-03-26,-0.006888145028709909,-0.0030901862514860034,0.012687073754308576,0.016339562373332495,0.0060965319172588735,0.008687747634630852,0.008860625761391398
2021-03-29,-0.0020920969537941074,0.0009661342348527806,-0.0018023864458386486,0.0018930812883563022,0.004448357166379629,0.004652498495020411,0.004178361066081155
2021-03-30,-0.0004213032464232955,-0.0014430194363622135,0.0036018277750786624,0.004545906762557703,0.011985102355821802,0.012800316426128569,0.011097423454192129
2021-03-31,-0.0018159357515908354,-0.004035176121666364,0.00022449188716818787,-0.0018130579608512576,-0.0034240422289012434,-1.8023670675907375e-05,-0.0017819316421399645
2021-04-01,-0.0025125471679797295,0.00044567955889988594,0.017151672685819675,0.012185252146769798,0.005871737959200202,0.0065634242077806495,0.006802167889068095
2021-04-02,0.0006463226223733434,0.004348963077613154,0.0,0.0,0.0,0.0,0.0
2021-04-05,-0.0005875360164396223,-0.0010007294698471864,0.01751359400349216,0.0,0.0,0.0,0.0
2021-04-06,-0.0016353318265577633,0.00430470340840242,-0.010251958569477315,0.006822847642243137,0.004639404652456926,0.006959809687879199,0.006179602075248798
2021-04-07,0.010995358763065054,0.004667518332491089,0.0015333568506144017,-0.00449642745924019,-0.000110860789544307,-0.0023902928939746977,-0.0034438220694072365
2021-04-08,0.006153203385952906,-4.7487154005886665e-05,0.004804764768382345,0.004636580801600598,0.005702516113611591,0.001732730362029624,0.005308423307901534
2021-04-09,0.003915881343870899,0.0035326838721787264,0.0017412784692343974,-2.806332112133813e-05,0.0005982817214420916,0.0020685774303147693,0.0002538775015115307
2021-04-12,0.0004034262429481183,-0.001274171563053901,-0.0037038598929218097,-0.008460622902082363,-0.001253738521598211,-0.0012585016256962541,-0.004266658086396459
2021-04-13,-0.002007197621839459,0.0011907313782124399,0.006093596847298855,0.0017655995873140005,0.0036320015461711783,0.00127164275031716,0.001283934739624809
2021-04-14,0.0031359534700747854,0.00330576270865255,-0.0004344041229970466,0.005558910010317737,0.003950721226112456,-0.0016561799927364942,0.002339097947176495
2021-04-15,0.0011274831948503681,0.00266938663461784,0.007568493617001745,0.0017527259668392821,0.004108441579554561,0.003031709201025788,0.0043037774020356955
2021-04-16,-0.001657102475351474,-0.001197872792266197,0.013905611727297987,0.004194050676235058,0.008454454951173161,0.013310916957726933,0.00985754030302295
2021-04-19,-0.002456232602313455,-0.0001915020593817065,-0.0023396425429024863,-0.006803203003424865,0.001528973731349749,-0.00592709258910148,-0.0032485414661750423
2021-04-20,-0.0064051920964970175,0.006315822590865152,-0.01913446280139741,-0.016641911355857564,-0.021118132256229525,-0.01566565387969088,-0.019962034605986306
2021-04-21,0.0030397417678028555,-0.0010714026456539285,0.014224533702900314,0.013011404149995224,0.007343470461669859,0.004383117329137117,0.009081922236427021
2021-04-22,0.0008916489175531885,0.0004452368864991329,-0.0027855818195177853,0.005034134403596644,0.009092987036040334,0.008162832573323587,0.009608165032316617
2021-04-23,0.00475723110977108,-0.0019122059613187559,0.01067228891406895,0.00396164476717868,-0.001491366328897568,-0.002673153710220862,-0.00036371087916536323
2021-04-26,0.004230123881626634,0.006231051392350071,0.0014849790299331226,-0.0004331904088817494,0.0028053051127151936,0.0010936518919022974,0.001864534170800144
2021-04-27,-0.002894750215004047,-0.0006768412074528475,-0.001060447472569093,-0.004538911869191979,-0.0002805346518573367,-0.003081971564582623,-0.002220953172423805
2021-04-28,0.00014953697559259588,0.0007143095577937462,0.0038127888787145895,-0.0005336065296728506,0.005281134929194206,0.0028099638741548682,0.0007774114089348322
2021-04-29,0.0,0.00376599054132821,-0.00021143546697281992,-0.001926523160831946,-0.0006994946684269538,-0.009063832044202493,-0.004525790428545095
2021-04-30,-0.0003451823812979007,-0.0007279412418516312,-0.017492011880027178,-0.004104253498883497,-0.005264045350515481,-0.0012076576198054095,-0.005559701514047605
2021-05-03,0.0013683037716803066,-0.008224575158544535,0.012404102689159896,0.006438057746941759,0.006109387127305891,0.00662180165973522,0.006397524461754053
2021-05-04,-0.0035337927135061773,0.002782257454785237,-0.02039806421086465,-0.021503797950233886,-0.008941376052703795,-0.025255712927880668,-0.019041452203838707
2021-05-05,-0.0025631573560589357,-0.003840141391094418,0.01635150788782361,0.02432235414053399,0.01393377807449869,0.02093506207546954,0.019676220775629163
2021-05-06,-0.0020483617928216233,-0.000588627419968323,0.009345900980881288,-0.002355241005543903,0.0027754982665921966,0.0017097192544605207,-0.0008372910701501878
2021-05-07,0.005763949957569028,0.00503198317631046,0.014898882963249772,0.00831659827457538,0.004460623400119285,0.013263860666457718,0.008666074170837321
2021-05-10,-0.0017060724430400464,0.008459516107695119,-0.011311303057556864,-0.009088938126373694,7.524077050108156e-05,4.933533322097458e-05,-0.002705497632130778
2021-05-11,-0.008830410941255326,-0.0024798007411299186,-0.012720199624210893,-0.022688007974838394,-0.01874654321433888,-0.01839230636448681,-0.019397285602536767
2021-05-12,-0.0002561096404723262,0.00029383327808949253,-0.01029372943047513,-0.001696976987985221,0.0019064656375393553,0.0020131990305122674,0.0003470893260958474
2021-05-13,-0.00012811412418141128,-0.005448904780958964,0.0109338652311785,-0.0007776052892135503,0.0014290595991306159,0.0032593191857282836,0.0
2021-05-14,0.0010939936158339296,-0.00010027954906686701,0.023183334475082393,0.01303735180003862,0.01527788995645186,0.014173068315606717,0.017580152341548114
2021-05-17,0.002114669227845401,0.0060326971844055525,-0.003966401333156299,-0.0001564770365765185,-0.002790051241117178,-0.0012994103330277638,-0.0026419466026611667
2021-05-18,-0.0027429917813139443,0.0005347615740200223,-0.0014651784383612953,0.0025422552444146268,-0.0021507993909109426,-0.0006523064109517441,-0.0003744299265906946
2021-05-19,0.002615340928708054,0.00550632825897061,-0.013709112115555953,-0.016143622309759745,-0.014445167190420943,-0.017903380348371304,-0.017275525574911944
2021-05-20,0.0013457063067316237,-0.004192610282990834,0.01788974594469367,0.01483784838744827,0.012855870945360457,0.016842132566438225,0.01591887172547376
2021-05-21,-0.001160012569549531,0.00430631296814461,0.0031241602002883,0.004067891251952237,0.006729029472592185,0.00436578874999644,0.00644684929948013
2021-05-24,-0.0003249866724910836,-0.0034538002924195703,0.007870668611762175,0.004938560208057058,0.0034513906899206613,0.0,0.0
2021-05-25,0.001728404762122218,0.002573974062547223,0.0012372757992220444,0.0025162948797319133,-0.0028471862572245136,0.001784968630238088,0.0025453347303571435
2021-05-26,0.003690381917392446,0.002817025025208322,-0.005993605717814075,-0.0015174963258426917,0.00020811948761895283,-0.0009296291070571605,-0.0010833601198065451
2021-05-27,-0.002891008225788826,-0.004623097322663016,0.0022775415222846783,-0.003959058690945533,0.006877519440476058,-0.002851129133022428,0.0018684558228056088
2021-05-28,-0.00592372005308967,4.868920925875243e-05,0.005362872864248351,0.006921672909730078,0.007492384478434909,0.007323798928203658,0.007731477895236448
2021-05-31,0.0,-0.00025598707258409764,0.0,-0.005510956849424682,-0.005713284764008345,-0.006389616993714464,-0.007669586518933932
2021-06-01,0.0015947351667371038,0.003504687261543158,0.0043109972282996244,0.009233233555177476,0.00652879875386179,0.00943779790901597,0.0079618724687831
2021-06-02,0.003715010105487955,-0.0012347715654755192,0.0018416898657641907,0.004167617376234588,0.00493741912680226,0.0022681774006697284,0.004105272148361864
2021-06-03,-0.0016700364713371026,-0.0006473941004048983,-0.007387562011802796,-0.0025765511337613616,-0.0020875958838715903,0.0019183355693224201,-0.0022674604588611836
2021-06-04,-0.0018937844749781264,-0.006314430298984803,0.006774012074445763,0.004313736376138829,0.0011886493943921476,0.0038454554774755676,0.002482646504267618
2021-06-07,-0.0010471471297544453,0.0029137387666372154,0.004286965202906433,-0.002182400449461755,0.0042728347225007585,-0.0010041425455906275,0.0020202741558579774
2021-06-08,0.0010238567542238482,0.002070721242316343,-0.0012227929452280695,0.0011404514834430547,0.0011378316256268075,-0.0023341905370219767,-0.00040034290100371774
2021-06-09,0.0004070182532111334,-0.001705667883123736,-0.0020416176048383503,0.0045488439671809286,0.001897208646953382,-0.003808886643482044,0.0002051376560126059
2021-06-10,0.0032148342713698434,0.0007514316319798007,0.0006128328873710757,0.003784103192047238,-0.0025873451507722085,-0.0006368649058569346,-0.00019047505585296395
2021-06-11,-0.0046457092788047315,-0.0007757186750589432,0.0044833271851794166,0.004167975986974901,0.008240603752253254,0.007807607134119748,0.0074501689088069855
2021-06-14,-0.0015145769703468655,-0.005135737081496744,0.002437095136935515,0.002221332847189885,0.0023742054329976563,-0.0012516301980978748,0.0014455648596336352
2021-06-15,0.0016076918792073433,0.0009934254397854871,0.001013489756885742,0.001204595252404359,0.003495801522809134,0.0035588739000442585,0.0026220045574556518
2021-06-16,0.0022440676618947497,0.00040016097426804237,-0.009978813222968029,0.0034415247079329515,0.0019755821901289547,-0.0012054177414032804,0.0019866114265190207
2021-06-17,-0.00443484166792879,-0.010903186645947914,-0.006364498470689503,0.0018932504985295557,0.0020436910163865152,0.001087822405692339,0.0015356075097224917
2021-06-18,-0.0029909586776995984,-0.0068737695746302375,-0.021654093825725352,-0.02098365026133183,-0.014672953640289154,-0.017939439545172596,-0.018145235209584772
2021-06-21,0.005193319401871827,-0.003342081870940971,0.014023537096125473,0.00573649152206808,0.005068435171707104,0.009996463035589586,0.0070671402759360505
2021-06-22,-0.004281086573281773,0.0032705342094358175,0.0004199551688125653,0.006637507045517699,0.001356127616412287,0.002118457827314313,0.0026227583959096226
2021-06-23,0.00021040786038772853,0.002027168217937988,-0.009916522239032633,-0.004870595230039119,-0.009182188762995409,-0.011574570520730246,-0.011511174682132195
2021-06-24,-0.0018718151356304125,-0.000298348979723606,0.012014022322938417,0.010495756668477572,0.012149860174709133,0.008557833958115765,0.011341457397203646
2021-06-25,0.003588467720056192,-0.00023858341510851012,-0.00041916649198037626,0.0006003417106371137,-0.0012493999890012305,0.001201342424892398,-0.0004294553346275579
2021-06-28,0.0026799256309672998,0.0009907275906234155,-0.007362939674285558,-0.0031147966397137125,-0.009840097331145698,-0.0034522710080758163,-0.00749043919215761
2021-06-29,3.4886735154716024e-05,-0.0011100406473405179,-0.00021142898572998271,0.004545951131144104,0.0014338796341847291,0.008731766948341995,0.004294005004110776
2021-06-30,0.0004304701059294127,-0.0022639479292535175,-0.011042765311586461,-0.006381043630175088,-0.009116531416482193,-0.010220555055044206,-0.010575409973865694
2021-07-01,-0.0028886260666393638,-0.0038013635275336794,0.002559332465200209,0.0024780072415564788,0.007041979610242234,0.0046744830740426254,0.0035833277785238147
2021-07-02,0.004190418927769268,-0.0008888767430041129,0.0010642108076579686,0.0030309273049107317,-0.00014648422973696426,0.0029615701164827043,0.0013279515005302019
2021-07-05,-0.004412094980417862,0.0008414202119710983,0.0,0.0005996462940412073,0.0022377643999481733,0.0007588056196588011,0.0007489423645959102
2021-07-06,-0.0010039285833752848,0.0006404732242418524,-0.012847961635438911,-0.0034255389332307797,-0.009187057600829248,-0.009661522873624095,-0.008525856222526303
2021-07-07,0.00014018890024789088,-0.0033164595271548305,0.006658612302068676,0.008386068260008225,0.003105475993939193,0.011622330289324754,0.006360732675728654
2021-07-08,-0.002174372260166594,-0.002635657052069856,-0.017928935675957772,-0.01989458639183387,-0.020270838258307625,-0.017489421804465333,-0.02152947409732643
2021-07-09,0.005229141314961402,0.004619447070696502,0.021775040662626127,0.012424110173374237,0.020531187312243276,0.017184757939864164,0.018966460977504426
2021-07-12,-0.005662197073558465,0.0021040698794469346,0.0053177454000586455,0.008554411861559263,0.004558160600107234,0.0065175048714066226,0.006197382568547556
2021-07-13,8.192310802154732e-05,-0.0006528392208572587,-0.008735805283810107,0.005967725733144309,-0.00011889034746847798,-5.5105324316948245e-05,0.00028827172594539716
2021-07-14,-0.001745841639214424,-0.007600298375475396,0.00554862692642775,0.0028095364780443884,-1.3773433496463423e-05,-4.174847951872446e-05,0.001205737319326581
2021-07-15,0.0011602998827778591,0.004910529098378265,-0.011558371819781789,-0.007451046436893391,-0.009963508111786513,-0.010141856867934,-0.010571626023681339
2021-07-16,0.00045672267344880866,-0.0018206213531582575,-0.008648706637612762,-0.003929654465523545,-0.005138381546601677,-0.005733135544161682,-0.005096270439300237
2021-07-19,0.00468409356799339,0.00018548069676449624,-0.024622012587777267,-0.02117242414999326,-0.025731933414616874,-0.02654624693669571,-0.02693180102658552
2021-07-20,0.00523047790281883,-0.0017080651561058448,0.008863538294820695,0.0013027364845224628,0.00804886192144656,0.005474200645338385,0.007054060117370904
2021-07-21,0.0016563772588114492,-0.0008252343591270102,0.019010511217266643,0.01608799926811578,0.018363930647180202,0.013462262782400135,0.017622820432846287
2021-07-22,-0.004896066090092196,0.0007308234638374334,0.002809846167217156,0.007183826045800624,0.0026432536631555894,0.005950169149915788,0.008006770000593548
2021-07-23,-0.005972580427553274,-0.0016966692097776699,0.010307198570079758,0.01396099605070149,0.013368358814574465,0.009925097074168625,0.012255082077258093
2021-07-26,0.0012978244343764685,5.893086054934966e-05,0.002134018061498416,-0.005781146422929085,0.001487786242422682,-0.0032158769311219485,-0.0015856066940379417
2021-07-27,-0.0024100017379139827,0.0029122406895440082,-0.00405846108463821,-0.01060493435629912,-0.007121055911130213,-0.0064134224629773225,-0.009246502571741444
2021-07-28,-0.0026976223473154,0.0012997004508067118,0.005975117122952931,0.014034822826243857,0.011778354312920835,0.0032956806132106164,0.00935373186741153
2021-07-29,0.00018787446764966914,0.0019290801555133712,0.007630651024458259,0.013840650250538617,0.0036940029974223635,0.004492638788989978,0.0033432072555064614
2021-07-30,-0.00011745240566252324,0.003963210978191812,-0.0069925193172735624,-0.004985522654238255,-0.0031721925463526614,-0.006161989123227729,-0.006695061846504872
2021-08-02,0.002779457222449574,-0.0021847985485023355,0.0025484624869477304,0.005170121499856367,0.00950293159057964,0.0015646663006932625,0.006658648572925727
2021-08-03,0.000971636335344753,0.0006409929936695579,0.006342426374971695,0.0024501710231362977,0.00715095484174786,-0.0008771671116352622,0.00032304736885854974
2021-08-04,-0.0022372389980141157,-0.0004392010828315455,0.00042137093987636295,0.008071710466671014,0.003328860569603775,0.008772026921567993,0.006523125138287258
2021-08-05,-0.0007390493952140223,-0.0027026069039768293,0.004623765444770453,0.0025937182062682365,0.005168766693476179,0.0033425850154926596,0.0038960354554165226
2021-08-06,-0.003043964319098141,-0.00014200501231056276,-0.0016788550157450807,-0.0005338018391644712,0.005261024814814704,0.0010652073287193168,0.003229507210477722
2021-08-09,-0.0027935447854352162,-0.00731143358773178,-0.0018921674156878,0.00517009307066582,-0.0005546216275440324,-0.0010181935152707032,0.0006249904832468571
2021-08-10,0.0002360830761699541,-0.000939444477304895,0.0014718524684128036,0.004292416490116808,0.0010312601207427723,0.0016055155284339765,0.0025510977350845245
2021-08-11,-0.0004485773609085162,-0.001290369832655863,0.006284063126466035,0.0009284981944205627,0.00552417262135924,0.003505414463711049,0.004410281952199471
2021-08-12,-0.0005550200437133648,0.0015827021925636149,0.002919030462855857,-0.0007737017361001367,0.003563200295920772,0.007015601521228146,0.004743470537234269
2021-08-13,0.003690563513499666,-0.00048022563504941196,0.006019940722260482,-0.0005289737265461994,0.0019697091131025937,0.0025023184842177825,0.0007970920767684092
2021-08-16,0.0011174185081995103,0.0049650586518873285,-0.005811323144451163,-0.0065388747124197925,-0.008339445714449232,-0.003241684432248429,-0.006465819693752334
2021-08-17,0.0002351312265170537,-0.0012495051770467507,-0.01025250443463149,0.0013111366187176959,-0.0027719055001211345,-0.00023739709620483685,-0.0014383034362193397
2021-08-18,0.001374159187927288,-0.00597801915977613,-0.0056944744004542944,0.0008947882096028388,-0.007318673507181471,0.0027608924833929837,-0.0016647107204801103
2021-08-19,-0.0006105043036188333,-0.0005501958639484956,-0.01063124541778482,-0.007350487314410138,-0.024555618753798986,-0.012615921041525502,-0.015566576068673323
2021-08-20,0.005971718679152392,-0.0022842612773609403,0.00554224699747116,0.0072597390091238756,0.00305618837676371,0.0026750297765486385,0.00551003826785787
2021-08-23,0.0022389458147977883,0.0017928718657227044,0.010993829150762465,0.011432892853639206,0.008564081994916534,0.002826838695600058,0.006948658447008732
2021-08-24,-0.003383708241500211,0.004008621033643521,-0.00042075691908480647,0.003671412525505991,-0.0028155351870204777,0.0033414289949451775,0.00039742803802780195
2021-08-25,0.0007477043538140315,0.0007284170260269493,0.001051193856590594,-0.0015590665935103823,0.0018244684482980756,-0.0028451022124228896,0.0007273516904715072
2021-08-26,-0.0012738070370799763,0.0018114856517436977,-0.004844335966272562,-0.002073939609762685,-0.0015664515346712335,-0.004235770879516042,-0.0026942928897711067
2021-08-27,0.0031990238012731625,-0.0015294540875912131,0.010710906607370537,0.008587771633354004,0.0023809116117362475,0.003673835886838961,0.0050497037722857605
2021-08-30,-0.000804603129285469,0.0036169593109244688,0.0016696530216395824,0.0026647183361043947,0.0008048163188168531,0.002240745987590973,0.001864131522752661
2021-08-31,0.0,-0.00017813762365744638,-0.0002085542367317233,-0.001928029621121249,-0.0010652164192300195,-0.0032922965913955303,-0.0005692885617292234
2021-09-01,0.0017482968289643725,0.0011331536380010299,0.009549661842198643,0.003017211617148336,0.0116841160169583,-0.0006822499459172293,0.007326964152231548
2021-09-02,0.0011639278887950945,0.0025898130775567317,0.00371196783673939,0.00419373490478348,0.0006493435203625605,0.0010295195299977013,0.0011419475878169407
2021-09-03,-0.0018512104667459705,0.0030001647486994007,-0.00640147887294402,-0.004763532913943726,-0.010866004740075683,-0.0037562527733977493,-0.0071425087164494905
2021-09-06,-0.0008277545041046633,0.0007960521693053499,0.0,0.011334420363915373,0.007966663570382232,0.009517834127444095,0.010452114139945888
2021-09-07,0.00046642581240196533,-0.0009148019282187784,0.001242218624807305,-0.004795158063787325,-0.0025880834708036406,-0.0056037714007931266,-0.004986380068055215
2021-09-08,0.0018984162743229463,-0.002656530503864459,-0.011236187503627126,-0.007236088906160898,-0.008537544715879058,-0.014803744154006891,-0.011392399764555482
2021-09-09,-0.0011526288497306495,-0.002068043422056589,-0.002514016582136186,-0.002322107300610247,0.002370907211394639,0.0008241245128885783,-9.585304652637128e-06
2021-09-10,-0.0049163047482540445,0.0005769633095642835,-0.0033622206596600123,0.001675498084004128,-0.003138963605121975,-0.0008542783739049761,-0.001619598568728917
2021-09-13,-0.0009369706142208781,-0.0011819121036024795,0.009218609551353726,0.003747009926108291,0.0019729340028815977,0.005851613906803205,0.004588515964433248
2021-09-14,-3.51307827234357e-05,0.0,-0.0031329810085721083,0.00787842886891663,-0.003594923598705484,0.001372838235022874,0.0005106993843540417
2021-09-15,0.0014402576918427267,-0.0005904704860357741,-0.001675079448225906,-0.004422420019159078,-0.010478639963890844,-0.006827957712776306,-0.010969675911809595
2021-09-16,-0.0014519915085350254,0.0012710625809980738,0.0006284151314498835,0.004973849893667226,0.005901744677579821,0.002286702150175917,0.005755360372160161
2021-09-17,-0.0009613134809640094,-0.004453323350837845,-0.016895776135778307,-0.010909425297316538,-0.007943766021699019,-0.010377107673413282,-0.009404150070894249
2021-09-20,0.0019919672107250215,-0.0031955703633193186,-0.02275887048971405,-0.014300760755206043,-0.01756223286743604,-0.023389980673356355,-0.021337963876362002
2021-09-21,0.00469477583881222,2.3374235536573305e-05,0.013006845078709613,0.010264719357622267,0.014901244102119472,0.014204078316168715,0.013236640525060088
2021-09-22,1.1597382894324554e-05,-0.0006215340073654814,0.01241455589826547,0.007715232030770269,0.012778300438572993,0.010255061444008493,0.01277468726278855
2021-09-23,-4.659868329351362e-05,-0.003008212978931102,0.014151471674021365,0.010307573181224824,0.009742948048801714,0.008810738510213828,0.010720148583008635
2021-09-24,-0.003104079278908695,0.004486492911866468,-0.01032997575746166,-0.011507197260519712,-0.009522999218752581,-0.007199205806866574,-0.008717470115181269
2021-09-27,0.002299823125562708,-0.0014664840661052921,0.00042375160169733767,-0.003518760820592618,0.0018737079101875521,0.002708828513215661,0.0016747297114693403
2021-09-28,-0.004651801249378126,-0.0022424937349731,-0.025964189336296774,-0.019150805957521652,-0.021952033669349617,-0.021110100264298454,-0.025939202570461388
2021-09-29,0.011079551859932806,-0.0008944087511727837,-0.005449469174235769,0.0027491931944791915,0.008310839735772414,0.007624693139174854,0.005258593533135666
2021-09-30,0.0008106977752966242,-0.007277304997338633,-0.010105788649709084,-0.005039518011901758,-0.0062366432377621885,-0.0068294680835424195,-0.007908187415758456
2021-10-01,-0.005258083692848887,-0.0023408694678413076,0.005285379284229299,-0.00682427920688216,-0.0003558640397248598,-0.006854716750402673,-0.0031620534342493255
2021-10-04,-0.004864771189611539,0.0028282082737945743,-0.008824420413053608,-0.012455115296512385,-0.006160651534841678,-0.00794166157069588,-0.009684224367527042
2021-10-05,-0.0016971500617132327,0.0009638080038769708,0.009482810217073884,0.018307344116606797,0.01510984509522669,0.010448986637103837,0.017123065515139098
2021-10-06,-0.0032031006961229847,-0.0019267982057976168,-0.007048290335863245,-0.013012408679228978,-0.01272603040827392,-0.014662253756491812,-0.013067655050492955
2021-10-07,-0.0009641753362191833,-0.0035190085597075326,0.011210309897322903,0.020749603452301018,0.016355254774147863,0.018365294156240934,0.021130128953167356
2021-10-08,-0.0017660692569756024,0.0003814266910217661,-0.002626537398430894,-0.006622675390443292,-0.006109313326677291,-0.002937289637995145,-0.006130939240247552
2021-10-11,0.0008599150065013558,0.0005434209268923678,-0.006375852538003573,0.0022511915950985634,0.0016069125523369976,-0.0004598041461840785,-0.00018905904458978444
2021-10-12,0.0005532038589205971,-0.0010635092731745039,-0.0006617777378720869,-0.0030027427674070386,-0.0034195893336067926,-0.0034449064865897773,-0.004289073449772093
2021-10-13,-0.0007062747250296467,-0.0017084358360839192,0.014895973433180592,0.007811644531775347,0.00749614524807618,0.006744921117307366,0.006927690371244555
2021-10-14,-0.001001469071080182,0.005667679663200196,0.015534470191073102,0.016986313349688562,0.013225035070604041,0.013893109100115581,0.015981222496644895
2021-10-15,-0.0005069805153714642,-0.0006956887472967136,0.007677621202545868,0.012028357167678376,0.006308961560277824,0.008028404059793055,0.008125397240033753
2021-10-18,-0.006234608863158302,0.0004753248849683281,-0.006393855119033868,-0.004595672859201807,-0.008122045183206193,-0.007268800438864377,-0.007561610697362833
2021-10-19,0.003258175971412719,0.0014506924609902151,0.004054003202044876,0.00719099172487386,-0.00048714864654356344,0.0026692465952541256,0.0037099703941183668
2021-10-20,-0.0026056485536701734,0.0015574351739559725,0.003825835030919265,0.0037065399050129947,0.005347083529226869,0.0004568382343558414,0.0012806918047378827
2021-10-21,-0.00026094573286346984,0.0019794696195469387,-0.002974455740024362,0.0026905112163090918,-0.0029032668357744477,-0.003249531654447369,-0.003948165312869429
2021-10-22,-9.49640991517798e-05,-0.0025492392462915913,0.007630614257509819,0.006577739641615864,0.007082073677688362,0.004541015204645765,0.007928597924339965
2021-10-25,0.0031981440635142694,0.0012679558513762864,-0.004443989358729261,6.15610531939159e-05,-0.0030966791157783675,0.0036124642071348086,-0.00011937276620105813
2021-10-26,-0.002628848061837897,-0.002441424235212492,0.006131752076331006,0.004773163284543215,0.007958812948899274,0.010066907422078162,0.00847816969788391
2021-10-27,-0.0012219850175516067,-0.0011605601944853995,-0.002321213250646101,-0.001985045579712853,-0.0019215564310270342,-0.00325781130123325,-0.0007318856186812082
2021-10-28,0.002679341641212202,0.00016238277643621524,0.012179644515268744,-0.0037603239804529474,0.007479186173466454,-0.0006037481892365499,0.0030728867433887593
2021-10-29,0.00209347211737648,0.00717141021851913,-0.0033451814164642503,-0.001626486505100599,0.003831390341313751,-0.0004817921316388104,0.003934256653240128
2021-11-01,-0.0021881823665430332,-0.010922804040502254,0.009794741910946566,0.0010230390792446763,0.009174050503682522,0.00746282463631857,0.0070121140934773386
2021-11-02,0.005749955434409607,0.003705045477995642,0.0008291417269163644,0.0006773123953902236,0.004882638542803343,0.009329834876765773,0.003672749490854449
2021-11-03,0.0010590459743962423,-0.0017384315163677048,0.009897249707169771,0.004569229550278034,0.0034040474384234463,0.0003465688328308513,0.0031117647270198037
2021-11-04,-0.0025317203962459114,0.0031313349393210293,-0.0018483833880759584,0.005341031742428355,0.005329179560071228,0.004355788432480682,0.005491190137843426
2021-11-05,0.008488288623809162,-0.005213485594809396,0.007168295028247476,-0.0008048707092791344,0.007556039437859652,0.0015403289832843193,0.006830499860015722
2021-11-08,0.0023937080594310482,0.0011677502279925879,-0.0008164369781329253,-0.0026017614896712985,0.0009497180136121621,-0.0004885112493523099,-0.0024118351899022
2021-11-09,-0.0037741562830830053,0.0019571431965666247,-0.0002043246893715309,-0.002964361820480532,-0.0005975496070499553,-0.00037708771680505457,-0.0018166630987567988
2021-11-10,0.000936126362136491,0.00034775066237484683,-0.014403507804740754,-0.000662631060431904,0.0002683246758520936,0.0017042545604243797,0.000963930745993469
2021-11-11,0.0012740303180126173,-0.009497879778277242,0.0031040172785737276,0.002109126244732601,0.002040404016765687,0.000950533600807981,0.002108733008933361
2021-11-12,0.0003970580169653218,-0.003062046147157758,0.002682268974892209,0.004826957461718646,0.004501486062515091,0.000681225709347964,0.002825302484332335
2021-11-15,-0.0043413131628870175,-0.0008012042758382873,-0.005164729572508944,0.003541246726195929,0.005236285169246482,0.0033849132474642342,0.0036224163454202755
2021-11-16,-0.006081461445630095,-0.006591516828806556,0.0,0.003988558407357796,0.0033568869608484177,0.006125415607290588,0.0034822178603309216
2021-11-17,-0.005501503877484459,-0.003993008800771305,0.0002071598829664219,0.001293787407711474,0.0005940130566806565,0.000201208175235708,-0.00015454500754699143
2021-11-18,-0.004637610540217826,0.0,0.002688280711328977,-0.0030375966649469673,-0.0020799075822216795,-0.0018107072661151368,-0.003895467003411817
2021-11-19,0.0036406150982746066,0.0041634209432113425,-0.016240082032525516,-0.003959066408551115,-0.004165767072071455,-0.0038145506075324314,-0.006231015481950056
2021-11-22,-0.003521412911689844,-0.008185652960956939,-0.011187362113009499,-0.007891804497077097,-0.0010255174764491367,-0.0027438214704558965,-0.004089699994065324
2021-11-23,-7.153381465785218e-05,-0.0029835852011364673,-0.0025504310267256327,-0.016197434301233497,-0.008534539981947937,-0.011149908386961135,-0.012727351863251227
2021-11-24,0.0018932456988094341,0.00024735570464710834,-0.008763692584583451,0.0008971240731343857,-0.0003393429652642528,-0.0036844067297226958,-0.0017686365526087477
2021-11-25,-0.0003450110322512003,-0.0037376312485883747,0.0,0.0057000306982756795,0.004765542126927917,0.002490274243674787,0.003965289923323015
2021-11-26,0.001735832382603813,0.0005939027964335268,-0.03495338733364853,-0.03262346852495441,-0.04867055885206973,-0.042408278956132264,-0.048599452834340355
2021-11-29,0.005461422019137847,0.007425897335294688,0.003329301174079417,0.006859478182059025,0.00540398971570093,0.0015600494484798678,0.004861448558505065
2021-11-30,0.001947554001203242,2.2589292359688217e-05,-0.008008789701723256,-0.012298793437797358,-0.008163069659212268,-0.011897742589148936,-0.011367344226282272
2021-12-01,0.00475250607454269,0.00325785330087555,0.0006696599274849494,0.016976470727441465,0.023629652434513183,0.024371891462565076,0.028171454477725552
2021-12-02,0.0002346556956022134,-0.0009513667903637022,0.010436354812403827,-0.015164386691249655,-0.012593017579569155,-0.013636407845613846,-0.017166687850556257
2021-12-03,-0.0026786952658793017,-0.0011765121921122,-0.010213104822537082,-0.008484812241763347,-0.004458289009359491,-0.006120323043746625,-0.00680743684638042
2021-12-06,0.00467129290445906,-0.00012442344773816848,0.013080754620242038,0.008009615734130544,0.014710493505577236,0.0138008248398052,0.013863714883120437
2021-12-07,-0.003883368041158113,-0.0016039171174724173,0.02866016651428472,0.034531727436766135,0.02865861437757511,0.027772525998830674,0.0330673670332634
2021-12-08,0.0003643480981786479,-0.0009025026753298797,-0.000856297220557823,-0.010053166793765689,-0.0072188462659528935,-0.008053785574609416,-0.010132624510208119
2021-12-09,0.009054024702783844,0.00610790387659828,-0.014892108592190204,-0.007309906877843594,-0.0009042194526434679,-0.003053666698411591,-0.005873466659242222
2021-12-10,-0.005616947057535981,-0.0046183295368528,0.0045559198765180485,-0.004936922555959433,-0.002364274086326905,-0.001020402163691476,-0.0021741767621274444
2021-12-13,-0.0009489675950381829,0.0016389133221552789,-0.009787725635391886,-0.006378096534651859,-0.006999878361160733,-0.00010176618727196045,-0.0038462782288914057
2021-12-14,0.0008786761342944555,-0.0023388985305647886,-0.005919392373592594,-0.009302392662313561,-0.006879538647612265,-0.010822866374632171,-0.009253753935480056
2021-12-15,-0.0035313253475601027,-0.0021418552396564616,0.014624175435811126,-0.0003738733332224967,0.004676267603247467,0.001473657297502022,0.003653680163768734
2021-12-16,0.00043478974104918755,0.0026159220068292816,-0.0028207918078459854,0.007873910743336569,0.011116401056363865,0.010288527570173222,0.010091501688983899
2021-12-17,-0.0007756519519756746,0.0038349515063402,-0.01797881664476466,-0.01273445145668276,-0.011260760988782297,-0.006719074034839673,-0.00969012785844995
2021-12-20,-0.0008939400180478619,-0.008026219874793841,0.0011645148286004775,-0.011298501895287142,-0.008194710135315027,-0.018980589186378575,-0.013115105110743649
2021-12-21,0.004449929413790649,0.0030177831235175586,0.014663613760437783,0.015501139508450177,0.013717528747248046,0.013541430283578527,0.016387560012561517
2021-12-22,-0.003532514171965865,0.0008913322339793929,0.013364146717125967,0.009158532059821506,0.012368251995361011,0.009408897705466976,0.010026197453690829
2021-12-23,-0.00276657960129108,0.0036525342506323407,0.007588122905194401,0.012983033609208272,0.007696135429222603,0.010388673345340969,0.011505553151459767
2021-12-24,-0.004549192057036273,-0.00013596128702198155,0.0,-0.0022997613854955305,-0.002757726899356123,0.0,0.0
2021-12-27,0.00030786182794636374,-0.0002717675050997526,0.009244279574739727,0.008590673019369567,0.007564550199523045,0.004997574989071142,0.0051719851902579045
2021-12-28,-0.00221636136054893,0.0005096876276717915,-0.0010702744680721563,0.004567534190195258,0.005686532317248189,0.008078939284277026,0.005569885451314773
2021-12-29,-0.0010684299594373443,-0.0013473476208362394,-0.0006429362431969082,-0.006048616270425295,-0.0027316965008436227,-0.007005960877587732,-0.006304744258163719
2021-12-30,-0.0005703105875592255,0.0040020855569774935,-0.0017163355705163347,0.0051742567322145905,0.0016337869223033226,0.0020550303841652398,0.0049447181579525944
2021-12-31,-0.0033930276863308384,-0.003096529393978275,0.0019306935845306357,-0.002903313724996175,-0.002820025467900324,0.0,0.0
2022-01-03,0.002917508467042784,0.004267353279425453,0.008748435409585916,0.006719823587445178,0.00893385384761054,0.008517061432296871,0.0059621220751146
2022-01-04,-0.0033588031789770594,-0.006281143232397632,0.0036050864131433043,0.0012068149712378786,0.013786594604738652,0.008198130382432627,0.008230528702327126
2022-01-05,-0.00511942027340008,-0.0016487567784744634,-0.004880799911398396,-0.004398715194391806,0.008025201993962283,0.007348807089666669,0.005600569243042244
2022-01-06,0.0005275038493542306,0.0026438305657729066,-0.004263312899427878,-0.018719199552038202,-0.017327070804954783,-0.013595137009672893,-0.015450612063914106
2022-01-07,0.00025172032833125225,-0.0014697139139755349,0.002347281888669462,0.0032140280781423054,-0.004171667322920678,-0.006518197265411269,-0.004398285820114605
2022-01-10,0.00086232593244655,0.005039876404767347,-0.010067609110208852,-0.01959640031439079,-0.014469474947923786,-0.011317477833885791,-0.015519876616007278
2022-01-11,-0.0012338571055316055,-0.0020756708987675625,0.009427870794175099,0.011854962841023256,0.009456557569495386,0.010945527513658675,0.009862707188895932
2022-01-12,-0.0007675013256593412,0.003177601119399733,0.010395853627311803,0.010287575987265358,0.007462993349232872,0.004288343057617768,0.008106669349565708
2022-01-13,0.0009951796609489888,0.006591516828806482,-0.00826537891176103,0.0011253402598018476,-0.0049936356081472745,0.0013276071414166765,-0.00011358153475115951
2022-01-14,0.001161802241815015,0.0013509382484209274,0.0002128071954253478,-0.009905707609560315,-0.008106509634817294,-0.009296660986286204,-0.010179292289741333
2022-01-17,-0.0011618022418149487,-0.004059033506041168,0.0,-0.002824581768579714,0.008175940673923354,0.0031731211658622485,0.006986042489366256
2022-01-18,0.0018199907494175127,-1.1387453022310162e-05,-0.015437850863639992,-0.014983962011193086,-0.009460528791287356,-0.010165907054072828,-0.010355354172888813
2022-01-19,-0.00357116807945441,-0.0071176043295396296,0.001295637217108487,0.0037088280987735635,0.005472918128392723,0.002353229356826263,0.002453634525614241
2022-01-20,0.0006360804611573728,0.0012130690311104274,-0.004541953683038571,0.007350998630149013,0.0029484213174368014,0.006469361852101199,0.007313403662624878
2022-01-21,-0.0018133095439441392,-0.0026169374328443096,-0.012652854375184602,-0.01888561325025611,-0.01760860381644039,-0.019574691542314424,-0.016426306525166662
2022-01-24,0.005525639905613607,0.002446780096805452,-0.013037417574429744,-0.03333736034783604,-0.04053558798417405,-0.03872767561927696,-0.042305110822077774
2022-01-25,0.003388922983023306,-0.0015299833108573517,-0.011183409722141647,0.0016232617809940812,0.007364020123073643,0.007482379981029827,0.005877557491318839
2022-01-26,-0.0036399551608879165,-0.0017310860305212211,0.004488344721599921,0.016846999994636395,0.020840238230424035,0.021942264846823753,0.020949826782639454
2022-01-27,-0.00202266863812434,-0.0054114656739098176,-0.0035888887201096986,0.0018058261709337589,0.005974680261903256,0.004188012607935824,0.004879330753362843
2022-01-28,-0.002987546896257281,-0.008620280849588057,0.004260560276415161,-0.012723336204945045,-0.008280425872582766,-0.013313938731046812,-0.011550416676431743
2022-01-31,-0.00024039272665598102,0.00047941591723723085,0.014219207433964362,0.014592181723074773,0.0047719562713875825,0.009889606835872167,0.009069398605110995
2022-02-01,0.0037549380223465953,0.006904807091364752,0.011624191847418346,0.013180704901370284,0.014227098779427417,0.009532824953876107,0.011870552331715781
2022-02-02,-0.0020256276998408627,0.003938049490606719,0.003048291887325047,0.00044425308419359565,0.002220198069654666,-0.0003598814462426668,-0.0005683752298870547
2022-02-03,-0.0006721860671762058,0.0023026608419609075,-0.016218043796430028,-0.0221223124661439,-0.015529086786428567,-0.01583519696168138,-0.019378606804891337
2022-02-04,0.00960685493143136,0.011947232126998369,-0.0015476669579628153,-0.002192563171776744,-0.007773910618585721,-0.017652414369642124,-0.01323368546484718
2022-02-07,0.006412766384615592,0.0016939655604672347,0.0006637965829084378,0.01133852906258838,0.008290521149433513,0.007066575584222655,0.008280637120061522
2022-02-08,-0.001454375437089722,-0.001064746932719005,0.005513308099858942,0.00013228833643213843,0.0027298236223256317,0.0023475469055383195,0.0021067017442823167
2022-02-09,-0.0024998436493512133,-0.0018977167042882913,0.01700868061738217,0.018549062162703044,0.014474103605678692,0.015598991198870113,0.017962031382984443
2022-02-10,0.001078877016891381,2.2753465781710023e-05,-0.01130707278099939,-0.0095133504465423,-0.004121589958902008,0.0005443976319311632,-0.0016712028916382423
2022-02-11,-0.002111425808234412,-0.0005251315768386432,-0.027490113888563115,-0.001509070122870334,-0.012747108283428888,-0.004225730250104241,-0.010018843841446978
2022-02-14,-0.005572809766991965,-0.004430837226841851,-0.01084754092797986,-0.018034244412124915,-0.022996137196467058,-0.020377893346779027,-0.02208935658971965
2022-02-15,-0.0024868477437594363,-0.005180328358145332,0.027343589521394606,0.00975313081587216,0.018474852453214213,0.019573027577137678,0.019313091907257263
2022-02-16,0.0038948871138590573,0.0044531689986751725,0.003971729912544276,0.004887288738332316,-0.0021499166277343163,-0.001080188823300169,-0.0015673957598046958
2022-02-17,-0.001718619634832477,0.0016253575664351733,-0.0193443666949153,-0.010224403333201307,-0.002610757316811046,-0.008377409121631707,-0.005825247699203514
2022-02-18,-0.0033381114417481285,-0.000773175879513556,-0.004500754423019973,-0.00843536800749393,-0.0024775717942771267,-0.014854715907989877,-0.009504817771549467
2022-02-21,-0.002219634347830303,-0.0043439218417605854,0.0,-0.020562000189094057,-0.020599992320524087,-0.020917906473215172,-0.02197859645396827
2022-02-22,-0.000973349087576543,-0.0006675169193645805,-0.02442752975861896,0.0030513217309094966,-0.00010897898748446202,-0.00259108094739484,-6.021448179703936e-05
2022-02-23,0.00226977120899024,0.0017205181805229717,-0.009753863188536308,-0.005548520391668596,-0.0010215268967850456,-0.004203995482339625,-0.003030594254918118
2022-02-24,0.0011389200571401503,-0.002071050753779992,-0.018608480712078164,-0.02695676624405453,-0.03904052964095606,-0.04039537140683894,-0.03694522834653949
2022-02-25,0.002572832470265007,-0.010224378977160433,0.026511714191851866,0.02687433842526474,0.034867090166039116,0.036002694628299615,0.03626045074817916
2022-02-28,-0.0008847765394124124,-0.0008614158561598332,-0.034149034858613744,0.0025659093039552524,-0.013958660955896318,-0.0073177963857386785,-0.01176971969905469
2022-03-01,-0.0008616542653415424,0.003113275910922149,-0.04208067837949074,-0.02253445429705064,-0.0401943661164254,-0.03921904919868051,-0.041196523352477685
2022-03-02,-0.0006826460934408398,-0.0074420147912893815,0.020038144427978702,0.010512732810086606,0.015748079058049713,0.006827539790147059,0.014431258643148308
2022-03-03,-0.0063457391310789615,-0.0018353165879163118,-0.028822252902446676,-0.021845791403724935,-0.01858492092416769,-0.021786145629930087,-0.020843442095067666
2022-03-04,-0.0005064752529496668,-0.004103040528148159,-0.0535908594434697,-0.04893690088591018,-0.0509288814543701,-0.04508371379435531,-0.05092230932102969
2022-03-07,-0.007361130283277109,-0.017530288361510188,-0.03794521788089863,-0.0040126287641108725,-0.013183617879212153,-0.020046777213711283,-0.012390824703889398
2022-03-08,0.0067577838102279636,-0.0008479603892523628,0.02886142882011806,-0.01855562914542756,-0.0032331023255159157,-0.000244728856716811,-0.0019750406864151885
2022-03-09,0.004107474844563969,0.0030252121150615412,0.06770379908638177,0.046980211842490266,0.06882763429594767,0.07623189406906641,0.0717454789293807
2022-03-10,0.00932038674967869,0.015983954438480188,-0.030301510388473073,-0.02423333394540923,-0.028684689767613406,-0.029744196583587196,-0.030910858482994116
2022-03-11,0.0009046982236137616,-0.005422450974016716,-0.008568109772475485,0.004381267599105729,0.008510180353741084,0.013743053350843283,0.009645568712027994
2022-03-14,-0.003360964930808409,-0.007461665202687137,0.021156472337330996,-0.0007412349446907459,0.017369920772138885,0.02184632292675992,0.014626255622475569
2022-03-15,0.003884352540979947,0.0010172042215486929,0.009654517381510165,0.003079957866260752,-0.002348136547540202,-0.0008504388057609214,-0.0007995470943256896
2022-03-16,-0.00027357092064258696,0.002388587321219563,0.04668084862277744,0.039341277691148986,0.036105070032910545,0.0369229136178751,0.039749283035570085
2022-03-17,-0.002417678717897286,0.004782947654196474,0.0012061493181528004,0.005570639702253873,0.0036178500338622777,-0.003654728816846391,-0.0011240817700605733
2022-03-18,0.005695388584030044,0.007012538465957428,0.0033684037990097003,0.012515840553173122,0.0011668337628039603,0.001738144501063217,0.004396617410657143
2022-03-21,-0.005182728443339416,-0.00509277099290486,-0.013868428434647388,0.0028019364033802906,-0.005742860601198375,-0.00599305472831208,-0.005303007351620683
2022-03-22,-0.003055683939039299,-0.002349456247391793,0.014542401894037583,0.013687135524109072,0.011642117632752021,0.01015492101478409,0.011352714533132064
2022-03-23,-0.006368033906886755,0.001135375310259787,-0.023369878156721476,-0.008909942393961933,-0.011778841840393945,-0.013183123050481473,-0.014598761928047944
2022-03-24,0.0025592487611441382,-0.002126461945392862,0.008827476262683825,-0.0013309055941598262,-0.003906492784022475,-0.000690562725929507,-0.0015079201803257824
2022-03-25,0.001151403938074262,0.0002972667240242951,0.0009762820183013318,0.0042222576353585185,-0.0003188301166818348,0.0022372458709628723,0.001122758000862601
2022-03-28,-0.000827444264143682,-0.0025180276167579654,0.007774782117899678,-0.004902228307967006,0.005391514772501525,0.007771500790776113,0.00499563685505775
2022-03-29,0.0063855666787888425,0.001087738359192738,0.03238373760292712,0.020323526516432464,0.030350763328124992,0.02756615432282499,0.02917579213689176
2022-03-30,0.009549656292361793,0.008845097393777042,-0.010362946234200886,-0.0017290590693600312,-0.007473249891594712,-0.014564079027232888,-0.010812392749396644
2022-03-31,0.0026882650985735426,0.006319893943473477,-0.02614373735861846,-0.013277919976514993,-0.012195796532147179,-0.013183825176215733,-0.014404299512376597
2022-04-01,-0.008739626489440785,-0.00804866480475227,0.011597284311242845,0.005233434009261252,0.003663015398709954,0.0021988308203777585,0.00413234163712563
2022-04-04,0.0010684299594374608,-0.0022672778283932002,0.0016800699215543178,0.013371720420712675,0.007015708633823618,0.004949471651154712,0.00824426772890489
2022-04-05,-0.007037184773426675,-0.00648577049140211,-0.021328775940448227,-0.0024154498083798974,-0.012837303083254464,-0.0064818220010125615,-0.008456053808808692
2022-04-06,-0.0035072670738789144,-0.006345887741704586,-0.02029300346076989,-0.02246456894585646,-0.022319230666571464,-0.019084386415598766,-0.024065655953630073
2022-04-07,-0.0001679054372533222,-0.0007521699867265114,0.000749520913867467,-0.004372592381938668,-0.005732799613621007,-0.005210104150806345,-0.0059475260966560545
2022-04-08,-0.0030629805241394995,-0.003068660384801401,0.0002500727694775207,0.011406610320541416,0.01330391669175882,0.014492943424814428,0.014714968045098944
2022-04-11,0.004728635350369258,0.0018488313653010355,-0.0067662434196816305,-0.013907941266313827,0.0011583985140984536,-0.006383517359407458,-0.004871410980853364
2022-04-12,3.589673999831187e-05,-0.0006420885703541868,-0.006558909777814272,0.002291932712761151,-0.0028106018464983166,-0.004790652833342941,-0.002124899970570982
2022-04-13,-0.0031778163186085293,-0.004774839201849695,0.011575261669965175,0.002356308283953732,0.0007232635020311222,-0.003440242654263527,-0.000916519908832586
2022-04-14,-0.002525485746520348,0.006484154387127226,-0.005770774608108538,0.0022674079428696525,0.0071903742068536326,0.0061904080093687424,0.005398200595318246
2022-04-15,-0.0035827463721995337,-0.006960393910240724,0.0,0.0,0.0,0.0,0.0
2022-04-18,0.0008576508927769347,-0.0005300335180195361,-0.0012589256818266172,0.0,0.0,0.0,0.0
2022-04-19,0.0003500632038340019,-0.0030992061418720638,0.0070297002899350775,-0.004358525618775547,-0.008314506297712848,-0.000733801979168139,-0.004666995129237123
2022-04-20,0.0010495986808058213,0.0011758350863038487,0.014406780520253548,0.012536710359849188,0.013696592581623994,0.014628823163775513,0.01709506527453242
2022-04-21,0.0006990251649913265,0.0051189236431801914,-0.009415360036929348,0.004729639802434357,0.013521925980286545,0.009726915715889994,0.007979750644598913
2022-04-22,0.0021664577541212235,-0.0013553055318443394,-0.01580765227012436,-0.016303889498960514,-0.020108220784701463,-0.025159407151034215,-0.022663062089973905
2022-04-25,0.01296044962334292,-0.00222952123962869,-0.009912393392847633,-0.025544517720288942,-0.020266531669049567,-0.015529272736061354,-0.021697155461924186
2022-04-26,-0.0020552380593115557,-0.008997500540048975,-0.03509119062524375,-0.00516222895402477,-0.005412045966089864,-0.01212197463567726,-0.009688596107164603
2022-04-27,0.005774910514503121,-0.0066102261513955,0.00026436968275293153,0.0011207085937856315,0.004773002543389482,0.002725197669282177,0.0035621778966299245
2022-04-28,-0.005014113198820614,-0.008352179109846734,0.019123087401833893,0.013663699621567427,0.00970878155459604,0.013386884209220412,0.011283944461633836
2022-04-29,0.0012944407436291108,-0.004833072313007677,-0.015163645303961824,0.0071282004808758785,0.003930392940851114,0.008408142515340437,0.006818099378613882
2022-05-02,-0.005533912923617627,0.0030193049237596144,-0.0002635510150691152,-0.023538503652103165,-0.016692568427167976,-0.011328712122194108,-0.018691283887076835
2022-05-03,0.0033834724593492277,-0.0025570647412530415,0.007874115409049373,0.016438661857775833,0.007839310875308245,0.007176918085860725,0.007673221526049858
2022-05-04,0.0014143429746152846,0.0018513560381259822,0.021467216720166146,-0.010351600669916505,-0.01250806757206788,-0.004901737998442648,-0.009671216470288376
2022-05-05,-0.00030883823473047884,0.008883347273825875,-0.03489007634557244,-0.003570214984859834,-0.00427454462972131,-0.004900806170790601,-0.007642602544514341
2022-05-06,0.012596758788619994,-0.007819372198253727,-0.014681028436028686,-0.02031440009443836,-0.01743009719262494,-0.01655265469624645,-0.018417611630365965
2022-05-09,0.002589379257250786,-0.0007164347743801674,-0.02808636615849744,-0.023763347428270066,-0.027923807203312154,-0.021706307909419176,-0.02859596333407203
2022-05-10,0.0019055180030874042,0.003185736537216687,0.010727650541933793,0.005344695217963768,0.005062751692205275,0.011448608395192994,0.007890829484454616
2022-05-11,-0.0010867602061129505,-0.0031120553998316533,-0.001368877356765079,0.019165979517104876,0.02467619580002551,0.02148204772848076,0.025844651119095417
2022-05-12,0.004467982891718829,-0.0019467323960849386,-0.001919534676070884,-0.011209487206415736,-0.010174866076793248,-0.006456718479696583,-0.009486026902178379
2022-05-13,-0.010625139321214472,-0.012722865261767163,0.030280694566813874,0.027813214785447793,0.024891277544882774,0.02076525997840436,0.02459925511953732
2022-05-16,-0.0019664559258817252,0.0020260788046566882,-0.001065799339690721,0.0007056565324322752,-0.002346126669010601,-0.004540526654895977,-0.004893884777679327
2022-05-17,-0.0019822274184380373,0.003678174850093924,0.028385668050401474,0.011394371635928333,0.012900504489207558,0.015741570224920984,0.01512646469283635
2022-05-18,-0.0022820377596106736,0.010377817305916337,-0.03507286027718155,-0.013685967482339086,-0.012086389030080415,-0.012639918500398542,-0.013662298563607565
2022-05-19,0.0040520664932356685,-0.007146940759466621,0.010412815746499519,-0.021409987628854023,-0.012709216715172339,-0.008996811704535954,-0.015677372668327815
2022-05-20,0.0006128643965250941,0.010094047194697555,0.0015920500869426358,0.006772981933780095,0.001995592815863671,0.007149729063229838,0.006501745952466635
2022-05-23,-0.004096894759719978,-0.0008670358678781887,0.025397540279658504,0.016064481802830804,0.011626216615785716,0.013743733070246797,0.013946440608909752
2022-05-24,0.0054744678953691514,0.010561954262868753,-0.005183972131767845,-0.020584487486540633,-0.016746521924487386,-0.018199400492222437,-0.016539324232704263
2022-05-25,0.006871383933896652,0.005086835283498354,0.002595178410211521,0.006202382802632013,0.007249999332055937,0.006314880542903636,0.008065957624684959
2022-05-26,-0.007883763424911943,-0.00465950711675043,0.01874486582825582,0.01262263763471984,0.017616003861657292,0.0158194887688653,0.0
2022-05-27,0.0018356729072868403,0.004326801286931803,0.0188995880443805,0.013590886989431512,0.016272560261972276,0.016094622969482972,0.0352055353792746
2022-05-30,-0.0009997615707505636,-0.00013951174909264155,0.0,0.008592015706260392,0.0071325637987956275,0.007837313301050407,0.008564223169786772
2022-05-31,0.002444773848784888,0.00391381774383384,-0.005256039785100993,0.006388867829813079,-0.014364296994814691,-0.012956176341295332,-0.013736639353734465
2022-06-01,-0.0005988707308388837,-0.0036670195931451026,-0.016700833280210017,-0.016534214993091254,-0.007745362854762894,-0.003333233195779761,-0.007860923904067205
2022-06-02,0.0019714339852613815,-0.007475100550259082,0.02693689359328696,0.0032036933806238173,0.012624631047847201,0.010039771017798908,0.009422015099662458
2022-06-03,0.0020027731375977143,0.009054299007338812,-0.014259034741313946,-0.003917021225317966,-0.0023318107208297584,-0.0017329320658704803,-0.0030268630667223983
2022-06-06,0.004494369886213129,-0.002330222818458084,0.00802993661622949,0.01575951343496175,0.009740692766409275,0.013307910615959297,0.0
2022-06-07,-0.005852523018171585,-0.0032340634484176282,0.0009991297039965328,-0.0037720918422308606,-0.007422703321014588,-0.006654459575460924,0.0060814053419376065
2022-06-08,-0.004273706816201087,0.0006737905923230617,-0.01458763705577771,0.002605362362646806,-0.007988349655306983,-0.007628997393037259,-0.004689537964781767
2022-06-09,0.00551483357287532,0.0017775409484932394,-0.029829736076844453,-0.016178171871381916,-0.014081483450074107,-0.0172594433810205,-0.017164462479229457
2022-06-10,-0.005408940823617633,-0.00922813318281883,-0.03290316682043013,-0.025494553753121964,-0.027298716101258703,-0.031258616713241,-0.03420759183472862
2022-06-13,0.0053036193258124194,-0.01224298052450652,-0.037377150410241367,-0.030415208502619858,-0.02701494947073235,-0.024628963768441557,-0.027234585749417603
2022-06-14,0.003434661982080853,-0.007159954992260149,-0.009283973456387753,-0.013192396330059851,-0.012108235773180431,-0.009175830228495307,-0.007830742663361477
2022-06-15,0.013265166962776753,0.0024401181740231668,0.024292741086001254,0.015713694431604266,0.013404247766886887,0.013505435105176397,0.016308641651140827
2022-06-16,-0.011691986043836606,0.0014941669127020091,-0.028825445872356824,-0.038220616418774354,-0.024151086428222873,-0.033693694410409446,-0.030004177841364783
2022-06-17,-0.006073329526020108,0.008632159944394863,0.005097767667666117,-0.004065694524890766,-0.000610139461057478,0.006709015791487905,0.0030729649946899355
2022-06-20,0.0,-0.005270130105696999,0.0,0.00889464312919118,0.006344301033808091,0.010559402918800209,0.009081938549567858
2022-06-21,0.005723955298349669,0.002794688034567393,0.014924441569001252,0.010236989354643195,0.007500455869671963,0.002018283782489523,0.006941587792167374
2022-06-22,9.316914003214568e-05,0.001126331054716773,-0.005702859670968021,-0.009551253419423453,-0.008085070714996008,-0.011205768909561344,-0.008438511576674329
2022-06-23,0.004207433610971933,0.002985212626758971,-0.004011338930581435,-0.00929730049429906,-0.005644068826711059,-0.017783911495089264,-0.008216287741404963
2022-06-24,-0.0049764429557712635,-0.004174658466384516,0.0330396252512242,0.037636094223854104,0.03178742205866742,0.01579244162526282,0.027803050460686853
2022-06-27,0.0026540616933724095,0.004364781705743179,-0.008648226612268156,0.015343911046034565,-0.004296808720090534,0.005165759100514254,0.001614796936094907
2022-06-28,0.0027862110010388307,0.0013957625433815856,-0.009289409665777883,-0.00226946584547886,0.006380786152853427,0.0034635653834173205,0.0029373346998124474
2022-06-29,0.0007416389565468683,-0.005434475183267472,-0.008520394664426938,-0.003653850948372922,-0.009001924054415522,-0.01741757188845406,-0.009901525105740477
2022-06-30,-0.0023660197502738335,-0.007339457036861056,-0.007730851175514777,-0.01107271370728196,-0.018172999593217182,-0.01703062557649504,-0.01706410287710988
2022-07-01,0.000394771705469546,0.0029713085188302992,-0.0014381740142788647,-0.005399603760977406,0.0013835417608021696,0.002286282281884564,-0.001897693562897499
2022-07-04,0.0007657793496172139,-0.004182325010529268,0.0,0.005975875186134529,0.003969451518177206,-0.0030993345391231563,0.001191138844385769
2022-07-05,-0.0011953648719396734,-7.300929283569905e-05,-0.03545118888604018,-0.02360849186866128,-0.027183843015654595,-0.02957005082649629,-0.02718501107931789
2022-07-06,-0.0033032684889112204,-0.016965678829353473,0.0005962303168444067,0.019202316995503812,0.020059870283335654,0.015468503626828852,0.018288043069511373
2022-07-07,-0.0049872120060827675,-0.006971445470808471,0.015087023537981826,0.022152292957524876,0.015827107593724982,0.019554262849314802,0.019293400617943088
2022-07-08,-0.010380835121972663,-0.0016284792512089388,0.0,0.004161576544254716,0.004390382552275882,0.013304221875052305,0.005160817653698608
2022-07-11,0.0008396579549942424,-0.000366023117238468,-0.02016685198474594,-0.007518310773292359,-0.006123348182175756,-0.014143872925323119,-0.009991171830828701
2022-07-12,-0.002070813800753542,-0.011733736567112072,-0.002399480739076915,0.0022539992274381343,0.007956587073351585,0.005675690388770691,0.004414630346720109
2022-07-13,0.00027242713863267766,-0.0014358094078833954,0.0023994807390769345,-0.007137626204319203,-0.007299659356463495,-0.011625204121600223,-0.00953183494399862
2022-07-14,0.001443704496219825,-4.0160580542073956e-05,-0.016005380744635832,-0.009354108118890564,-0.014238670746712371,-0.01872663833068975,-0.016746378591754475
2022-07-15,0.0011936356868560828,-0.0007020012314786962,0.022276791980552633,0.018338882557217346,0.020180704163301755,0.027188438530702068,0.023449451149411982
2022-07-18,0.002877739073446159,0.00702249344752808,0.005936584197334293,0.013569842019195222,0.009220146193546256,0.0073643374026903475,0.009918484060476223
2022-07-19,-0.00023554014430788147,0.004827628644534584,0.04031297776448577,0.012214041602973057,0.01778439443334308,0.026543180791123003,0.02129299763329806
2022-07-20,0.003997146317104244,0.008456116811406341,-0.01172304567588925,0.007139381485116449,-0.002674023640658978,-0.0019879133463264237,-0.0006134251804978768
2022-07-21,-0.0020201210352559502,-0.004756441789894104,0.01229120031421453,0.014581911976302696,0.0026562283454510567,-0.0026643557835130047,0.0031385188240576458
2022-07-22,0.0015506846011176846,0.0037542692053991913,-0.00598376527739918,0.0006100701596685596,0.0025302074845070725,0.0005313173127366728,-5.566392673411505e-06
2022-07-25,-0.001197987759310783,-0.002042072812136406,0.009103929415216597,0.0027903162543987036,0.003328952043407197,-0.0032768601722135506,0.0021303423662470313
2022-07-26,-0.0033905155883796685,0.0024203515481354024,-0.023786693248151726,-0.0010613684010012622,-0.004193051267502297,-0.008620538232262434,-0.008022809069424038
2022-07-27,-0.007706528802623126,-0.009373056494817926,0.029716449556186117,0.010241067863230872,0.007456653612218346,0.005288774212547557,0.009026732430117576
2022-07-28,-0.0029038017576854995,0.007840516682384753,0.008968519001184649,0.01232679964315136,0.012903100735009039,0.008751441488818757,0.012237079524281762
2022-07-29,-0.0022073195964000722,-0.0016628379501900366,0.017973853021156096,0.009725796826026816,0.017093396777385625,0.015089447540360745,0.015189930015888461
2022-08-01,0.0011937295792810905,0.0015606629240480755,-0.0013714141477765614,-0.0017288594883283093,-0.0018067232904032723,-0.0003278426361544902,0.0
2022-08-02,-0.0010503526669042274,0.005189064513554008,-0.018277744708183996,-0.003342657419023339,-0.004212783605065945,-0.002260009095360677,-0.006349560652046822
2022-08-03,-0.0012428795045032071,-0.010351198843136136,0.01800337439784929,0.01202527587193309,0.00966642074429021,0.01023499739014424,0.01291889577688059
2022-08-04,0.00038259449914719085,0.00019283970848837684,0.010105207867845006,-0.004024276616259899,0.006365619530319028,0.005513368654394415,0.005892803400877271
2022-08-05,0.007371759921975825,0.00883555172373451,-0.008733763069393073,-0.01215707091451551,-0.006320806509246973,-0.006516986963183269,-0.007810265415306045
2022-08-08,0.000723517465935593,-0.007534415937540125,0.002737719177974036,0.007072922868083499,0.008015844298040819,0.008345901822611853,0.008507798936945104
2022-08-09,0.0004386346774857977,0.0026274810000368686,-0.007959662556301384,-0.01514425750623151,-0.0052925860742441865,-0.011220233765465912,-0.011201013456411052
2022-08-10,0.0020481815159601453,0.001030518147346478,0.022074978250656192,0.010186081401141424,0.005139304466666651,0.012187004547419902,0.009104216688095131
2022-08-11,-0.0026054106024734724,0.009034052397915944,-0.0016185891173264263,0.0020964085007911908,0.0032491308027964814,-0.0004686854542709002,0.00205157031928307
2022-08-12,0.003172956447139321,0.0015463236906874298,0.009939387262017478,-4.129139468160199e-05,0.0014032022012977772,0.00737278850522654,0.005245665514149432
2022-08-15,-0.0006858456801779492,-0.005863386210464329,-0.009130048491785807,0.004289720989665233,0.002452083658880223,0.0015037230387191399,0.0033860276339796134
2022-08-16,-0.003198831269177958,-0.00924938057915025,0.005648907156787978,-0.0010570005396099856,0.003438534178376102,0.006745124187092483,0.004108019464124494
2022-08-17,-0.002495089302365358,0.0008539974026696639,-0.01187235258934517,-0.006918382685777836,-0.009795176881744097,-0.02058480681508428,-0.013003249343633788
2022-08-18,0.005220722307383561,0.0009361784420449659,-0.005171124755112927,0.0038234057036161924,0.004444558893747679,0.0051749408792347365,0.005660065335880862
2022-08-19,0.0005678815509278129,-0.008908664203253895,-0.019562539515461608,-0.00877278841566407,-0.009433723442874468,-0.011224772403785383,-0.01253657740903949
2022-08-22,0.00424889840762735,-0.005433672462005448,-0.03108462551700181,-0.01185569405815766,-0.01818982216045215,-0.023451918151710584,-0.019517356880068865
2022-08-23,-0.005207425371187064,-0.009587811226055044,0.0028661047601154627,-0.0002390909609981398,-0.0026246823751918708,-0.0027504363767785335,-0.0015593366292485505
2022-08-24,-0.0026791509931041297,0.0027571059008813115,0.0025723396904727904,0.004127251916085049,0.003881120792017616,0.0019556921466940863,0.004081968035648371
2022-08-25,0.0033064235273902866,0.00021927184316001224,0.011918753262761962,0.006200880795240013,-0.0008144700932111492,0.003918195588129629,0.0019286516806443583
2022-08-26,-0.002262413975165714,0.00021940310248669677,-0.0364825942004226,-0.018506402069483844,-0.01695707833440334,-0.022901226777076275,-0.01947243879132195
2022-08-29,0.007690142320897809,-0.0032752411283479355,0.003504617584551371,-0.009619500910422006,-0.008319147879940553,-0.006068538307308729,-0.009247081135233017
2022-08-30,0.004930144721024707,0.0075519840269269055,-0.004968538456336682,-0.01155102635650738,-0.001940007897818394,0.005271851902018426,-0.002408742077045206
2022-08-31,0.006698878471679455,0.0011022011823750134,-0.008533363230942746,-0.014592195471348181,-0.013801257872401614,-0.00978292809780381,-0.012620269114142624
2022-09-01,0.006665802983252302,0.0013944510247493138,-0.015185544494983588,-0.019848482544089673,-0.01493357410583825,-0.01607951087683679,-0.0173650716724592
2022-09-02,-0.004469872538033097,-0.008676090547837427,-0.008133694546981695,0.017287562994059924,0.021833628155107466,0.032715603371463335,0.025048854805474176
2022-09-05,0.0022142420741263756,-0.0043199709658943205,0.0,-0.006579524137027979,-0.012118439938979588,-0.022432361288070777,-0.015458613070291732
2022-09-06,-0.0037590415574432216,0.004310029151858244,0.0,0.0017045104528923365,0.0018674881802221745,0.00863451084095359,0.002898332666743124
2022-09-07,-0.0006395531385641037,-0.005468817444529171,0.023023971388259564,-0.005941170184010847,0.00021457850262465592,0.003453572178375991,0.0005570212256278197
2022-09-08,0.009077646856271803,0.009827376612398795,-0.005929605860952317,0.004651973255344157,0.0032668889054409626,-0.0009023457780928021,0.0029338787807943485
2022-09-09,0.0015087804973483215,0.00163069068126299,0.028146297974504474,0.01701040939370854,0.014010370968705816,0.014149658735170281,0.016282974141250527
2022-09-12,-0.0025236026644248504,0.005914473623920646,0.023711758556363295,0.01576502044556095,0.019331151883871002,0.023712238640070674,0.02119373731982351
2022-09-13,-0.0005193570325484595,0.005757313715473667,-0.038859321392996526,-0.01830478286226292,-0.013975574839506797,-0.016044688012082253,-0.01668299840726684
2022-09-14,0.0009576770439032106,-0.014670914986609497,0.007019690899845401,-0.004937406394749375,-0.003734299857547818,-0.012278485193386637,-0.005205644913065771
2022-09-15,-0.0028873687833019302,0.00019959706297365223,-0.010842629130520278,-0.009029266459754024,-0.010431275297080666,-0.0054909336942938775,-0.007249645057330557
2022-09-16,0.008683075090440221,0.00042938969546725455,-0.004429377319182545,-0.0147960224288585,-0.013165555068351627,-0.016764425762128696,-0.011752180711329266
2022-09-19,0.005066656318055202,0.003401793701857418,0.0034737084363002132,0.000902042641611926,-0.00258837013325525,0.004852754243192195,-0.0002628385814454534
2022-09-20,-0.0002395869377618739,0.0007219640016474552,-0.020964867856130272,-0.005757200896366774,-0.013640144924685968,-0.010395774771039564,-0.009301590043385608
2022-09-21,-0.00038803088488867637,-0.005880143867171973,-0.014942007238371116,0.012287961285865843,0.008635592016620227,0.007572988976071784,0.007121792136552068
2022-09-22,-0.00312128254645048,-0.014147680973100527,-0.00369339975352545,-0.018671499246140505,-0.018884524807279028,-0.018619657520526578,-0.018711380124101947
2022-09-23,0.00013738538570741266,0.0011016046308961233,-0.0393068746767229,-0.027950109473290644,-0.02308953727383677,-0.01994273417289695,-0.023183685567162597
2022-09-26,0.02677369705734393,-0.015526806604905349,-0.013562012139673226,0.001765965412181419,-0.0024271217468114785,-0.004591249456038354,-0.0018053792054074248
2022-09-27,-0.004345598391672403,-0.006856387846966306,-0.007505113961035727,0.0036005707220185955,-0.002702427887500827,-0.007242454857740845,-0.004170210948341452
2022-09-28,0.0014208239586903921,-0.0028637682551989094,0.025227731214952066,-0.002539230457056822,0.0019428961664890824,0.0035851419981988665,0.0019958579343017386
2022-09-29,0.0015304586675188177,0.011601697507510935,-0.01350518592348662,-0.01183099059402453,-0.015406802519487601,-0.017197487444994188,-0.017011936442163922
2022-09-30,-0.017828331401187912,0.012425726247878138,-0.0042174313304296825,0.011097545819006542,0.014943569944226307,0.011524499867734735,0.01187174396987159
2022-10-03,-0.0012166469030080373,-0.0037577051702841185,0.023455107405827725,0.008053389625734153,0.005505155913408895,0.007821182745900756,0.007197820735943322
2022-10-04,-0.01322779251231604,0.00401332309708905,0.05648783659839811,0.03617578545996244,0.0415039054165161,0.03706217781261862,0.04169854332253051
2022-10-05,0.005094214856151281,0.015366962792935441,-0.013901857151893243,-0.007705975732802694,-0.009019488080896781,-0.012172839658645743,-0.01060568206030955
2022-10-06,0.0007911749387264078,-0.0073711760409446,-0.022777158311027387,-0.004631080563106008,-0.008226943425143202,-0.003713745937088292,-0.004147562158660365
2022-10-07,0.005030140518073372,-0.012381194971008931,-0.02362671661524972,-0.02181229571688597,-0.01177305170611609,-0.01598660216693997,-0.01703397259058062
2022-10-10,0.11011586345117694,-0.005535011240227645,-0.004472969273160044,-0.009159222229930191,-0.004508256165580968,-4.8537812328272925e-06,-0.005519663513424038
2022-10-11,-0.11050364206653793,-0.0025667468761050396,-0.010622946982266382,-0.007671188503492284,-0.0012591687068972263,-0.004302462034817436,-0.004936315094399806
2022-10-12,0.008836264747867565,-0.0010190096651593531,-0.00032386434019949156,-0.008094790388155096,-0.0025283908310713464,-0.00393483874806835,-0.0026439544265180956
2022-10-13,-0.011669417662593374,0.0008054917847734313,0.029976959210588936,0.0028951634874062747,0.01038160984398329,0.014948216167373131,0.009223308938700471
2022-10-14,-0.01130963188703814,0.004456053379512562,-0.016791195704667042,-0.0038461773513953253,0.00892893748471262,0.006633203031709579,0.0057324314312724185
2022-10-17,0.002346066291830547,-0.0012278291632679555,0.03361373490763222,0.016311411919768867,0.018165378528777573,0.0168395617585175,0.017560663656113456
2022-10-18,0.0008077043768075273,0.010928647456162878,0.013806061333347441,0.002384187677067666,0.004350945593577991,0.009174309999999845,0.006426865085413269
2022-10-19,0.0027758377366758668,0.0017739018816072146,-0.010721304526309077,0.004519150447307271,-0.004341003253893953,-0.0018975326864552513,0.002136940176847099
2022-10-20,0.001930499356707906,-0.009923054996403982,0.0012310246879927804,0.010251068112028259,0.007615659172813701,0.002038511282382018,0.006206173817801952
2022-10-21,5.7407227558436525e-05,0.0012705652009295035,0.020098171238163348,0.0006439922726400818,-0.008498406732408323,-0.002863702715411822,-0.004654649751337053
2022-10-24,-0.0024250566975685403,0.00826791765473566,0.007807911190804679,0.0016538381329918388,0.015776064602309833,0.01563020401531917,0.014608223554939062
2022-10-25,0.005805717654810933,0.002675640869900312,0.02540007771019954,0.019201262690459332,0.019252865880304632,0.009352581075021175,0.016248644334404806
2022-10-26,-0.005610125071069132,0.0077811010421081125,0.00957756579778161,-0.0008710011935623488,0.004112808876132615,0.01088439741803436,0.005487506999524625
2022-10-27,-0.0024420244457567858,0.012785248640600487,-0.009577565797781459,0.005647857306494158,-0.0051564646592148315,0.001167938562416155,-0.00022193309231663598
2022-10-28,-0.006142830029142202,-0.012376571094321193,0.014763455179360134,-0.002812443617010464,0.004636875769404059,0.0024267743984353525,0.0023581512441720625
2022-10-31,-0.0038832117925158157,-0.0012850891507328465,-0.015346796690468978,0.004633268712757515,-0.0010015751054233022,0.000785759079237375,0.001250254498518951
2022-11-01,0.004266107168734156,-0.006924464393830943,0.008715862165418455,0.004018060084116,0.009762663128012125,0.006392806386088777,0.009212338338765816
2022-11-02,-0.0028227038367392527,-0.0008498484807727607,-0.024005904426689557,-0.009070923778644923,-0.008150713568025134,-0.0061664808001497835,-0.007977462900097787
2022-11-03,0.0024282577759264542,-0.0064492786516353135,-0.0089285741009843,-0.009123680271989554,-0.005367372176047104,-0.009591928410773543,-0.007991537795751619
2022-11-04,0.012592113033749157,-0.006622268577274553,0.052413654422549694,0.016053654038175685,0.02735778674048637,0.02479695938923305,0.026136217002177643
2022-11-07,0.003956947571008144,0.01821134690851107,0.009598945820516678,0.00620206547329201,2.648191623902242e-05,0.005458385309449212,0.005534585063170642
2022-11-08,-0.007274070291494952,0.00900614640617105,0.00922974422566106,0.01161764261655481,0.003871512698591652,0.011404791296152676,0.008184700030503119
2022-11-09,0.0031451951106717113,0.006190521830417323,-0.0117616848105737,-0.009844207634367228,-0.001698278296736115,-0.0016398928805775536,-0.003013135499469651
2022-11-10,0.010001040387892724,-0.006100333328057607,0.0603928545012475,0.033953249589432695,0.01944411241696211,0.034503815043386364,0.031299305764281055
2022-11-11,-0.01140023765698897,0.01708814571666528,0.024362566588471624,0.0032203121882202496,0.005746916501071923,0.0055529130802089086,0.005687577383283923
2022-11-14,0.0045688522326255854,0.01328688092947431,-0.008577018783403643,0.0053349491350058375,0.002203883965681905,0.0061979984525114265,0.004902017353990331
2022-11-15,0.0031026858471279203,-0.000898233989768149,0.006504578819657567,0.013716763349136173,0.004903888932872604,0.0045455531871306295,0.007069487772115961
2022-11-16,-0.007109313323656131,0.0037322089642766866,0.0031070515399631597,-0.010269893197145321,-0.005198932742146469,-0.010099118775888958,-0.008286940667490422
2022-11-17,0.0004702041291319168,0.003579922982457949,0.0012919228768429709,-0.0010299621701892045,-0.004718099444424528,0.002270116330976313,-0.0011235654043159858
2022-11-18,0.0012832377537684242,-0.003206868811748218,0.004893797562936984,0.0058693882216177195,0.010338495293068585,0.011532574922613939,0.011897774404030288
2022-11-21,-0.004878298913216222,-0.0029797984214465644,-0.009292771979743158,-0.00305002298572622,-0.0015076188336485817,-0.003604824290862554,-0.003972387153192158
2022-11-22,-0.003354007435941779,-0.008282004908750605,0.012371449501430806,0.008340933491924416,0.003472712578883279,0.0029455969167769503,0.005260734102750754
2022-11-23,0.0007386521482494898,0.006362364906543442,0.009432641489557867,0.0071221141694534805,0.0032332147088969163,0.00036327524646244543,0.004199936443509216
2022-11-24,-0.004845568613927254,0.010145862095391638,0.0,0.001786438582497665,0.0042177137885058,0.007730845905921982,0.003932529971786548
2022-11-25,-0.004007435320074344,-0.0007809388137341562,0.003293015557129651,0.00026285728381489,0.0007690362865941845,0.00012518938773022797,0.00010598200004238541
2022-11-28,0.0009306443901433848,-0.00390593444818525,-0.015547388941777625,-0.0033530803821633383,-0.007068487419370823,-0.010926362834623981,-0.006811921778853982
2022-11-29,0.005589254584404442,-0.002123004481568896,0.005635096990938264,-0.00385193527723423,0.000565467444279079,-0.001942332650065319,-0.00027193778171610627
2022-11-30,-0.0007866613699717217,-0.0020359552381959117,0.022728216291640117,0.008822097808036099,0.01037928183423737,0.0028929579606595686,0.007666683027143914
2022-12-01,-0.0012621983132167507,0.009721073718734909,0.004981507434271258,0.01049577558501665,0.0022857726870767767,0.006456813962978359,0.004976606558493049
2022-12-02,-0.004960042200459935,0.009837653378816175,0.0009933512917393596,-0.0009570985051150157,-0.0017368148419886482,0.0026940238251144037,-0.0016578165499889065
2022-12-05,-0.0016082407168855031,0.0014961831121075887,-0.01349343438062531,-0.005417844527670113,-0.006740010855704252,-0.005644443109854937,-0.005386631403379055
2022-12-06,0.004073923940522962,-0.004492329102575546,-0.003780909632193029,-0.004701007621846774,-0.0013702046447905988,-0.0072537322264857144,-0.004392282358605949
2022-12-07,0.002007607168489396,-0.002662687988950827,0.002270092292469179,-0.007406263654147689,-0.00407543585049624,-0.005733403217342297,-0.0046539091633489345
2022-12-08,-0.002181893604636826,0.004217558881531055,0.0037724574113072685,0.0020720648072847262,-0.0019957753907999805,0.00023621749757094592,9.439152465761817e-05
2022-12-09,0.0023789440257926332,0.004404086803714652,-0.003772457411307307,0.006011051091700385,0.004552381819205899,0.007414674850307062,0.005429920749730189
2022-12-12,-0.004379214066404841,-0.0035522143897896534,0.004525097362538672,-0.00481705803076385,-0.004065123539880131,-0.004469726200243823,-0.005289657454813917
2022-12-13,-1.1657320571938314e-05,0.001853566131702255,0.017897435806537455,0.016868413567888638,0.014098992953482088,0.01328003935503363,0.016440599310650124
2022-12-14,0.001175109576609444,0.00802275589918932,-0.0024665821719684748,-0.002841904714187377,-0.0021059941851633277,-0.00260303594675592,-0.0029062912817026305
2022-12-15,-0.0005350601432496605,0.004665415530993445,-0.03442126134530936,-0.03235667089351259,-0.031393392078238554,-0.03332675372250476,-0.035738222460937864
2022-12-16,0.014965311071015503,-0.003357472785711803,-0.009245258590548904,-0.01079859273959284,-0.010811353860636246,-0.006683130522147943,-0.00829352734067866
2022-12-19,-0.0024212720888506633,-0.005232043416178128,-0.0019190748051193017,0.0010138030317930831,0.003196704601076851,0.0035780977434280623,0.0018961855162297862
2022-12-20,0.002845280332218711,0.002787749794717641,0.0025926835803247524,-0.004950111567599427,-0.0035376635739982343,-0.004183630043227707,-0.00229848021262678
2022-12-21,-0.0016281660960707652,0.0011683215286929897,0.016436019496504885,0.017529243282121666,0.019924431950880433,0.0152355528121833,0.018153770382377633
2022-12-22,0.007818333512440784,-0.0015928200295245159,-0.011270731635936086,-0.013021634520710276,-0.009508243726505682,-0.013119616816044727,-0.012698564401861775
2022-12-23,0.002285909422671096,-0.0006363550446384674,0.0010300135783156467,0.000941836631755404,-0.0020072866842655314,0.0019285143295310382,-0.0016439225347291214
2022-12-26,-0.0013982296747048239,0.00606216291441548,0.0,0.0,0.0,0.0,0.0
2022-12-27,0.00127329790032591,-0.0025889456317026356,0.0023132047501700412,0.0,0.007010107738787762,0.0038781452576770147,0.004151663635976407
2022-12-28,0.004726426844834976,-0.0002871907082003092,-0.012140083406064855,-0.008911830017183445,-0.006151073577490232,-0.004978395633902036,-0.006299611982887098
2022-12-29,-0.0008484366582747735,-0.0007444128462590291,0.02006759671351524,0.008840524315287276,0.009627125844038648,0.010438245330955115,0.01077189987821951
2022-12-30,0.0005204211813082419,0.0029593483845724387,-0.014366615600608488,-0.017266367329020517,-0.015284836798084352,-0.010582577404380268,-0.014770608465045182
2023-01-02,7.921622193264825e-05,0.004583966492703552,0.0,0.01748026918301234,0.018489509227697855,0.010407746180438885,0.0
2023-01-03,0.0010965166787275755,-0.002994245842760573,0.014621305275654377,0.009185297068652424,0.004436274826757168,0.007958021257238117,0.023104456536394362
2023-01-04,-0.0047791809794978475,-0.012331112219669753,0.027130435436891212,0.013865533307807208,0.02276760923927018,0.02156232381153874,0.023340391880693746
2023-01-05,-0.0016133306404425847,0.0056266257915620664,-0.011215094472139987,-0.004455846966945522,-0.0022056816131228664,-0.003766073103131592,-0.0036528890800188417
2023-01-06,0.004277504051491656,-0.007965313943903736,0.0296318257753737,0.013819405962305699,0.014601185650779204,0.011961031724754226,0.014629276755501672
2023-01-09,-0.0043115946375017426,0.01266446764454612,0.010889322303588968,0.01632418667143803,0.006741545409955759,0.0124350466005668,0.012561929086740302
2023-01-10,0.0013749006971588945,0.007186750031592487,0.008388533435718463,-0.004287975385760985,-0.005548553640849728,-0.0012331454747913722,-0.00274675197864744
2023-01-11,0.00320841544279305,0.0005367494741383354,0.011390479503275111,0.007881208310003465,0.007982132909800745,0.011662037457026157,0.010371225800016285
2023-01-12,0.0020466367472370796,0.0025161245552818563,0.013825601823762466,0.004146619082602432,0.007408769933106091,0.007357820037865542,0.006544873953597036
2023-01-13,0.0039906929525235215,0.00871525666027755,0.006495097082092484,0.008241927003916827,0.00683183009475828,0.0018722775871715626,0.00582778749762457
2023-01-16,-0.004013315354870202,-0.0032852201698865342,0.0,0.0004143272444190338,0.0028165691592383158,0.003144915094552991,0.001492620575697616
2023-01-17,0.0020537909232964248,0.000508881770290038,-0.0020831746523262023,0.0006145261633826115,0.004794480917987845,0.0034979146141551247,0.004160224827841061
2023-01-18,-0.010072121650173425,-0.00340569357753422,-0.006275300789578085,0.0004139012697990641,0.0008799066055786597,-0.00034709937149967826,2.33944450831217e-06
2023-01-19,-0.004302105529033225,0.00042104731419264534,-0.007254030540836028,-0.01810394616537742,-0.018741920981182637,-0.017370582414515032,-0.019365339716961593
2023-01-20,-0.00035458381071602134,0.0033312026121230954,0.00981545095499463,0.0040154456769014675,0.0063264562779963415,0.00755826001684081,0.006237982692771691
2023-01-23,0.0017944654359844032,0.002875225962125885,0.006721615423716467,0.01241848225365658,0.0051368460289284296,0.004605095159965551,0.007476995218427428
2023-01-24,0.0027825397299771205,0.0008477594599432104,0.00046191179632482326,-0.0019674773074415232,0.002621689545298839,-0.000651730319789013,0.0005299223986464127
2023-01-25,0.005371975425461764,0.0012731397801450267,0.00575558458647355,-0.006802286548961181,-0.0009365587657344019,-0.0007602849188502119,-0.0011830092751151813
2023-01-26,-0.0034038575570014213,0.0031079443693967086,0.0029799661972445975,0.007886903835728454,0.0073707307139191155,0.00338976505849431,0.006217236536781613
2023-01-27,-0.0028111634497426856,-0.0025307945071393893,-0.005508320157061324,0.0046198187838394555,0.00017187477788210492,0.0011346784699686376,0.0009649881265351999
2023-01-30,-0.0008324024110318115,-0.002111230865447573,-0.009481018040586684,-0.007810090946932272,-0.0021440109439437383,-0.0015821187087907594,-0.004649335593213016
2023-01-31,0.002108068919408168,-0.0019115507750811752,0.011779768239778892,0.00048319533140206785,5.7913556586925826e-05,0.00014473642019029485,0.0011584394751822976
2023-02-01,0.004327498369197307,0.0009444879359142555,0.014136295386236277,0.003335846458891922,-0.0007500332176634094,0.0034623866599074087,0.0019171814888838514
2023-02-02,0.007542446844529624,0.013889426300072026,0.0045176342246323765,0.014512722879844932,0.012519685858216363,0.021405244587293086,0.01656612704201821
2023-02-03,0.003436140610591385,-0.009830096693875624,-0.012244868187539082,0.006896715088713302,0.009398532407297667,-0.002114577941051755,0.0039674518956100335
2023-02-06,0.004206149565474378,-0.01053322466006526,-0.012396954045503497,-0.01511637724962347,-0.013477286166139054,-0.008469202017936116,-0.012413515232752543
2023-02-07,-0.004250984682002111,-0.005584813467052059,0.007364915939280348,0.0009166483553161533,-0.0006657579809216604,-0.0016324029325455972,0.0009174030953936355
2023-02-08,-0.0022333396733841644,-9.654286024440955e-05,-0.007364915939280408,-0.0062471512088295425,-0.0017569273749549214,0.005933062044065664,-3.804882383773476e-05
2023-02-09,-0.0027790638095686855,-0.0012975112698280708,0.003689142422981671,0.011491658308299086,0.009579172412949548,0.007200187960002645,0.009691251867084808
2023-02-10,-0.001082193812915282,0.0024677288529569175,-0.00901632712200704,-0.006400489921137558,-0.008189669313082619,-0.013975554593732505,-0.012358040919989311
2023-02-13,-0.0008011447812956809,-0.006029713504830647,0.014982331104106548,0.013757321984089686,0.01099998596972332,0.0058204654024422995,0.01029002547708593
2023-02-14,-0.003335555612179689,0.004923821832561969,0.004109565669713672,0.0004325562404550768,0.0007239038033977073,-0.0010904106790648974,-0.0006132219476870309
2023-02-15,-0.0013259739421053799,0.000493805176462593,0.0036388964469635868,0.008821104997747534,0.011994878128083867,0.008144616074990894,0.009691646123378878
2023-02-16,0.007175596268966844,-0.004103335609945398,-0.005234843623541828,0.0025431395087216445,0.008904429713295789,0.0017590096496958511,0.004010646223510802
2023-02-17,0.002777313959605447,-0.0024348106615187685,0.0025072213206973628,-0.008654826819423424,-0.002506470162199739,-0.0033299133430264504,-0.00520764020646771
2023-02-20,-0.0027885890539890434,0.0017506575018656283,0.0,-0.0031550991649956276,-0.0016495378424460417,-0.0002874844996922882,-0.0008751936648822151
2023-02-21,-0.001047728970766414,-0.00017083247061335562,-0.015831603789090112,-0.006538291399048493,-0.0036819875947388878,-0.005177614650416546,-0.004877103644436731
2023-02-22,-0.008580614409590563,-0.0028695678084155025,-0.004171567128849163,-0.0013603318195242588,-0.0012856237785611898,0.00014738407562037704,-0.0017708168544015653
2023-02-23,0.000761437886956434,-0.004347163411922486,0.010396326031650494,-0.0012034704985155547,0.0024862564081302744,0.004910089679164108,0.003594922462065822
2023-02-24,0.0017365848247724897,-0.0007315422531570732,-0.02513544425348182,-0.012395887332390965,-0.01794778912283428,-0.017334405869660657,-0.018808310818540563
2023-02-27,0.0013486102191096415,-0.0040930476331470945,0.017058567872559896,0.0140750193040783,0.014953138137914986,0.01122488981444615,0.01642171484499598
2023-02-28,-0.003914805187928069,0.005333744882631658,-0.0072083907769753715,-0.0053777781462651,-0.003793003053751254,-0.0010596330542604112,-0.0022694896993247365
2023-03-01,-0.0008075780981875355,-0.003199469102332789,0.005817385979336094,-0.004726047761522232,-0.00464485145352521,-0.0039204357459107645,-0.00535358154545518
2023-03-02,0.009242225189056649,0.008625932198623705,0.004398739845936308,0.007696662333340265,0.006883702129149643,0.0014768630543143778,0.0058748620922224794
2023-03-03,-0.00015786238901566404,-0.006508235473883866,0.01581327363861673,0.0071252949653115025,0.008734120053177438,0.016226963337134578,0.012702569440956242
2023-03-06,-0.003954343321687659,0.00249404754925224,0.0004546665554242806,-0.0009734152603566967,0.0034086414623874916,0.004814974887177785,0.004409557006438727
2023-03-07,0.005576738106494823,0.005829571489454962,-0.01973899992925278,-0.010996898272793218,-0.004613770303519632,-0.006026319598284786,-0.008104519824257637
2023-03-08,0.003853925722468725,-0.01295549318169404,0.0055477927872453784,0.0024320465722861696,-0.0019790274371622217,0.004638456276087954,0.0022154275524388072
2023-03-09,-0.0017284983447932458,-0.00011604393253258556,-0.011359768889908563,-0.00019908185007682064,-0.001213045893432506,8.57086402768453e-05,-0.0005434857018917107
2023-03-10,-0.0027560347573616167,0.0033286223856131797,-0.006549597301500417,-0.013594352807722383,-0.013099576406587798,-0.013215417024382795,-0.01329109715641517
2023-03-13,-0.0037468626058872983,0.00930472022571737,-0.012516593211159138,-0.02146616280685604,-0.029396077379018837,-0.030837552271425768,-0.031948100457049565
2023-03-14,-0.0037156307629834144,0.0038642763226350934,0.020464098145541686,0.0140229355973603,0.018380957336482835,0.01810844640668792,0.020041771123163903
2023-03-15,0.0018368541367241211,0.00024672420948644856,-0.036997108778605924,-0.028956897673981196,-0.03648437159962336,-0.03320972704836144,-0.03519803999858466
2023-03-16,-0.006979832154032983,-0.013542768888188937,0.018906808766514554,0.014672666420527915,0.02012948772933565,0.015611187600414352,0.020133424480475174
2023-03-17,-0.00037648833538307235,0.002904104462518152,-0.014807989400267502,-0.0063884823778225085,-0.014381933613825231,-0.013378199102217025,-0.012708599555879375
2023-03-20,-0.00017122122303376118,0.006079118908904215,0.01969565537726465,0.009121780677148257,0.012589753739228625,0.011122734211361044,0.01330107721761357
2023-03-21,-0.003326905453711523,0.003766032493777598,0.020614384079076713,0.00973234407757514,0.014125912973185255,0.017389823716577376,0.014981613982987004
2023-03-22,0.008881412985001618,0.0051261462943097014,-0.0016243426008154625,0.00760500450341131,0.0025568565228502598,0.001371229202679795,0.003366266094812719
2023-03-23,0.004597795213799073,0.008884978951823826,0.0025514649350789126,0.0024101951829233327,0.0011394075451846748,-0.0003812969650474218,0.002722876556554681
2023-03-24,-0.003565440888897407,-0.003255851136334388,-0.009542932354792484,-0.01596892969105708,-0.01754274627620525,-0.016783897541230275,-0.018355569280027142
2023-03-27,-0.002747794133428623,-0.0052627456329634136,0.008152118768250716,0.005586878058784635,0.008964547782891661,0.01133133133217044,0.008197517959012236
2023-03-28,-0.0008644545396598333,0.0026765316917468037,0.002316885158853905,-0.0028576559574143364,0.0014216281823076426,0.0009474719070787628,0.000861614586743852
2023-03-29,0.0003072212062949792,0.0029980508706156195,0.017435670540195475,0.015858622365420467,0.013821321188824596,0.01225849548428203,0.015015511331334754
2023-03-30,0.0018525832860197648,0.0003794570093860563,0.017360345920490784,0.009239109706921125,0.010571444901752523,0.012552042103065503,0.012716356333286967
2023-03-31,-0.00045425829677269244,0.00561102204353346,0.00356966642461128,0.004931565126532976,0.008092871489413036,0.006833748290709876,0.006890321338587387
2023-04-03,-0.0012277325142531984,-0.009334291021729486,0.005331042176301339,0.002944667706023397,0.003213700838518273,-0.003070831681625113,-0.0009274180609633117
2023-04-04,-0.0012633183653227627,0.010032490718915267,0.002875714543766929,-6.591347976910584e-05,-0.0001361385137026307,0.0014462241443289035,0.0009899923290302439
2023-04-05,-0.0016413989406526862,0.004374464508325442,-0.006871260235136009,-0.003434309235421543,-0.003909649404605507,-0.005352844624026383,-0.003937918164962083
2023-04-06,-0.002032583624120117,-0.005192595096162501,0.005323854471567236,0.00538404176192069,0.0011543156212855262,0.00499516288859765,0.0025768082920864833
2023-04-07,0.00346895497528426,0.001538549661100185,0.0,0.0,0.0,0.0,0.0
2023-04-10,-6.837450614045246e-05,-0.0006003677951654333,0.00022106043486792664,0.0,0.0,0.0,0.0
2023-04-11,-0.0008889544637933485,-0.004062541073859795,0.0022097518123226846,0.004569429929532122,0.008906569582589114,0.0036655827213205247,0.005516746672067803
2023-04-12,0.0012534513574023601,0.004422717649457876,0.008789137282029298,-0.004964392126035081,0.0009007990445148178,0.003088751677893238,0.0001706977729099648
2023-04-13,0.002411264269289552,0.007517639083118104,0.013904429491364024,0.001355203852938066,0.011277365585729485,0.001645424133099298,0.0067171788355555075
2023-04-14,0.002246842598691973,0.004962212603613521,-0.00172762953845068,0.0010907142122662354,0.005170497892427917,0.00494912626016291,0.006285100953302658
2023-04-17,0.003981964268554982,-0.0061715209978287396,-0.008028584891100601,-0.003816077224509445,-0.00285390886266135,-0.0011374314829180616,-0.005284137880471894
2023-04-18,-0.0034040088832248652,-0.005587493587279635,0.008244533818270686,0.006111837563714985,0.004716633939993971,0.005881493319267852,0.006012721755371082
2023-04-19,0.0004869873422158132,0.004566272411435851,-0.0012972911184481583,-0.003846809814502843,0.0020963987528122645,0.0007886163572757404,-8.657074877603485e-05
2023-04-20,-0.0023125653168510132,-0.002115996750198505,-0.002165748900895429,0.001156896658207395,-0.0014223058952957622,-0.006262362247234691,-0.0019844013350386385
2023-04-21,0.0003517633535316912,0.0017100195037912675,0.008420426968988714,0.0014311484448003334,0.0050662682812591545,0.005410167302099126,0.005397207890774616
2023-04-24,0.001734281766144853,0.0019436539865794662,0.0030057177175200236,0.0003935091931171578,-0.0004145159802213718,-0.0011157424650908335,-0.0015413711941861298
2023-04-25,0.0018443498366542172,0.006097313856667734,-0.01795222042034459,-0.009275766489451878,-0.00559401474329363,0.0005154819159133301,-0.005455745206967837
2023-04-26,-0.0005087835704120612,-0.007360557750447326,0.0023978695255099354,-0.007773915989714007,-0.008661013964020522,-0.0048250536308058764,-0.0069084978825375894
2023-04-27,0.0016725057820678913,0.006255217206481515,0.012333752258114186,0.003994147364952166,0.0022982101015478966,0.00029875298206348457,0.002375404075068885
2023-04-28,-0.00333653647065036,-0.0013799111710282468,-0.00387854947072839,0.007795756191257596,0.0010230361378131653,0.007687226368913168,0.00028913660438355715
2023-05-01,-0.006706657241685006,-0.0019178010282847264,-0.0019447959457860365,0.0,0.0,0.0,0.0
2023-05-02,0.001982611495885005,-0.003791571102515303,-0.011093043021831672,-0.018871990472753182,-0.01456186907819431,-0.012350466642115141,-0.014897148163606684
2023-05-03,0.004486120172024432,0.0037915711025152355,0.0024031077412986234,-9.406109951896999e-05,0.0027902690148982985,0.005587430719483529,0.0035630541337470937
2023-05-04,-0.0021213415688932555,0.005254977698491383,-0.0037163897395817973,-0.004066112546369861,-0.008553700020641125,-0.005123379169960088,-0.005385571990308053
2023-05-05,-0.005123221679659333,-0.004164264686123018,0.01607688744281471,0.012415538000358573,0.012476407468005372,0.014310226108008792,0.01237932666681121
2023-05-08,-0.004312439840526682,-0.0003857253962110418,-0.0006469364690614983,0.002927185152905816,0.0010730223071212042,-0.0005132225290897682,0.0018919676054309246
2023-05-09,-0.0006421485533110615,-0.002047395993579254,-0.009534032795238066,-0.005729284055407964,-0.005895690121963351,0.00016612541282627895,-0.005895041447966539
2023-05-10,-0.0038271886381286233,-0.002865913186300644,-0.0013072735469745317,-0.00012030288120339972,-0.004874494608687365,-0.0037203695874876747,-0.0037845613435568215
2023-05-11,0.0015648006042630618,0.0017668981432014084,-0.004369720183763877,0.0037748454406041163,0.002791783375891347,-0.0038649974521424856,0.0006940709350719233
2023-05-12,0.0026523057937761873,-0.006568885442957101,-0.0032898211164172917,0.0024865150805144435,0.004469986453146662,0.004970927503231007,0.0018846161296257288
2023-05-15,-0.0006079113987513417,-0.0054628127053399055,0.004602634403471368,0.004227498861543987,0.00045302362768581347,0.00021487954403036656,-0.00034043947331992026
2023-05-16,-0.0041159807350612965,0.0019335633003226245,-0.006361610661521922,5.286700386276343e-05,-0.001645981817861735,-0.0012139208618881672,-0.000208618855692482
2023-05-17,0.002577323577234201,-0.0007390751916854932,0.007454442639996074,0.0027204488138182653,-0.0008874873482361187,0.0033514259524086436,0.0017873479525757575
2023-05-18,-0.002335363479558041,-0.0025176532621469594,0.001527906865596353,0.009189069005220171,0.006392200177618599,0.013206655655658733,0.0
2023-05-19,-0.00016127733884093446,-0.005824982238710198,0.007821077652285001,0.002375320924266889,0.00603392639552499,0.006906555293001099,0.01653294021042796
2023-05-22,0.00047222406635665355,0.004384526476817772,0.00021631905655080164,0.0006646334452505643,-0.0018436470099515284,-0.003162503832106413,-0.0022024833652357495
2023-05-23,0.001001236537951469,-0.0010816775529980448,-0.019664071253458103,-0.002125738343288053,-0.013387972023683865,-0.004393879945849793,-0.00991070247842851
2023-05-24,-0.0023954857973202555,-0.003830587378759216,-0.016687551144931194,-0.015591260826500263,-0.017120230274649727,-0.01942430589231978,-0.018275793548859873
2023-05-25,0.0024874921838076137,-0.0011517220146606885,0.002465129912333144,0.0014311119495373065,-0.0033405254304567675,-0.0030553940535913214,0.0013827822099268393
2023-05-26,0.0012413953412619173,-0.003061122858548678,0.01510457911261645,0.016611520423086626,0.012360258270273696,0.011968882328363751,0.015768598699006882
2023-05-29,-0.002392221324904245,-0.00012872774100586773,0.0,-0.00490876708477262,-0.0021021860237111587,-0.001956324077609966,0.0
2023-05-30,-0.001636497212375401,-0.0014359146269737272,-0.011976038995951335,-0.009771434203741738,-0.012961861201292543,-0.0027506643895094376,-0.0106431635656988
2023-05-31,-0.00280669603773742,0.0023693153366323217,-0.017556160553293874,-0.010375173900947237,-0.01552258042693111,-0.015513006778311815,-0.017284407267465152
2023-06-01,-0.006591298568784189,-0.003535739673558048,0.014203658911019703,0.00995216913198383,0.005441096001639629,0.012034065673685878,0.009337363428171151
2023-06-02,0.0001396853750539676,0.006114947257608808,0.01046673794061197,0.011267031123353689,0.018498397367669835,0.012385113008230194,0.015361951938914275
2023-06-05,0.0017911415852085368,-0.005793991984985513,-0.01001905068065319,-0.00206765420475098,-0.009643760951134417,-0.005456236720305126,-0.007028142573898672
2023-06-06,0.0010801212006872642,0.001231044453519269,0.0026816450858188692,-0.0014683871567004402,0.0011228167992995502,0.001786862807888011,0.00046107926223443857
2023-06-07,-0.0009058023673606663,-0.0012845298458357445,-0.0035771272143567626,-0.0008005950817802991,-0.0008617890359216883,-0.0019954852410745912,-0.0007709347860454878
2023-06-08,-0.00040672194452894293,0.0008775787233301165,0.012685372272001809,-0.0008800800745747826,0.0026842226011276203,0.0018403706327475775,0.0013434914067148003
2023-06-09,-0.0023040221530674547,0.007005755705541979,-0.007547197295934089,-0.00213120876686377,-0.0012482973006530766,-0.002512234800077262,-0.0018375933171477384
2023-06-12,-0.004542135971198901,-0.002950108908663662,0.011079130637357826,0.0013424314142524056,0.005145375345593239,0.009238184345050415,0.0062048364978238004
2023-06-13,0.006032217630329342,0.001118733030584114,0.008120301440534165,0.009646349309282857,0.005563495547155046,0.008216286734134775,0.0071697968214225315
2023-06-14,-0.004769061592914887,0.0024462092295930112,0.007187098281256928,0.004807888028073099,0.005161668188169468,0.004923595281371546,0.006518067144035117
2023-06-15,-0.00018707228823863753,0.004964585042939019,0.012079703382229993,0.001593266764464477,-0.005146532574747274,-0.0012680581336934154,-0.002484783093078691
2023-06-16,0.0007479400132761124,0.0094453390353827,0.0014996655803674803,0.00010347887290563585,0.013316637565641382,0.004135651727713479,0.006780827500704601
2023-06-19,-0.004038323532324218,-0.00035019805065028125,0.0,-0.004851783990890812,-0.010147896554186044,-0.009609122366319119,-0.007408781545974216
2023-06-20,0.0013596495314336559,-0.0016290790607261115,-0.010676239562546421,-0.007688921005816634,-0.002721740972810784,-0.005563175710652921,-0.004420132829608106
2023-06-21,0.0018138744322842694,-0.00036038907566404775,-0.00044163158041473136,-0.005163491466896197,-0.004561929915691307,-0.005488853897582908,-0.004705846491319578
2023-06-22,0.006282021714450373,0.006595838504738627,-0.004872487977921873,1.3185231029925701e-05,-0.007977010298304714,-0.0021848379387735626,-0.0042377062499745904
2023-06-23,-0.0015115832400626511,-0.0030732684689764585,-0.01498769058194335,-0.0033910287937017327,-0.005548938360260556,-0.00994534731941198,-0.007663294203480511
2023-06-26,-0.003088267377741879,-0.004777632503592157,0.004048656996086937,0.0011888574527196382,0.0029175531249008963,-0.0010669570506227565,0.0020953638822296394
2023-06-27,0.0014229589291111769,0.00034915070130469645,0.014927403216533117,0.004031463457239412,0.004337525120085181,0.0021352419194751054,0.005751339274900949
2023-06-28,0.0019678634107266114,0.004275092385421326,0.0008841183472451335,0.00943523372633414,0.009756005440832398,0.006424735713688167,0.009130743156269147
2023-06-29,0.004167359703459549,-0.0037840835446616475,0.000441631580414794,0.0015227116625678556,0.00361806904056516,-0.00014298303728105182,0.002285192104046859
2023-06-30,-0.0020525185245920804,-0.004389391468143035,0.015341246103982851,0.006481408129950021,0.01187145381943504,0.0125368861412709,0.010144254067104614
2023-07-03,-0.0025802575638013757,0.0036256293054998654,0.0,0.003225018587633864,-0.0018070039260979103,-0.004149093739210347,-0.00021369007483152959
2023-07-04,0.0005468125214635518,0.0005127715237786305,0.0,0.0029321355160590585,-0.002272880234714159,-0.0026070901126777485,-0.001629208191256211
2023-07-05,-0.005072579482201509,-0.002583028033271871,-0.019767805809899164,-0.011403841936827416,-0.008054149291311371,-0.006354003176892583,-0.00921572637346465
2023-07-06,-0.0011463693451180276,-0.002609042610231512,-0.024021888920257355,-0.021730977761358454,-0.031756775499904716,-0.026000223749537515,-0.029771990604964674
2023-07-07,0.00023409384410104259,0.0031316333957207934,0.00972314585529935,0.00023889766945366756,0.004169301449311886,0.004809240594387629,0.003194033229496491
2023-07-10,-0.000234093844100988,0.007235687276283276,0.007845016614080122,0.0029682919478976055,0.004462832672757155,0.004460840967480253,0.004688436805716503
2023-07-11,0.001286629505299737,0.0032964262291078506,0.00999655835046706,7.938390021961884e-05,0.010626864110047556,0.007448645527859914,0.007035039517138135
2023-07-12,-0.0050389728295350145,0.0007375598559580265,0.02574887888169226,0.016168764988548003,0.015529735363985615,0.014626839269726633,0.017092987282845713
2023-07-13,0.007024194091103308,0.011777095963888725,0.017298913371907455,0.008632888506524961,0.005004501441783846,0.007339304325099197,0.0071524571138781
2023-07-14,-0.0027686446217797885,0.007056971456513566,-0.003818482111481545,0.005316257859190399,0.0006429904069695439,-0.002230345697049001,0.0018995050016382127
2023-07-17,0.0033167708658109938,0.00038176749039734993,-0.0027667349471211687,-0.007060131171710307,-0.011302281978172148,-0.0022639555907691474,-0.009893952902017871
2023-07-18,0.0022942788029332853,0.0008760804247072025,0.002766734947121225,0.0013307687280349866,0.0037670731388748384,0.0035310712884596153,0.002965661194002529
2023-07-19,0.002022032748042256,-0.0007750081239522248,-0.007680725853413732,0.0007099648892394573,0.0010596343999616086,-0.001027507141257687,-0.0017064106248808892
2023-07-20,0.005395354594224233,-0.0021089211406578354,-0.00579970540701215,-0.007004895887153075,0.007880791944961453,0.005897928058184373,0.0026213802814989058
2023-07-21,-0.0012709608207190292,-0.006099333142796828,0.007083828724449496,0.005351943803437525,0.006459854598687043,-0.0016676223610290603,0.004034208120797341
2023-07-24,0.0006587873061798109,-0.0010575594390251743,-0.007299328595007247,-0.002847361303031163,-0.0007348494967045541,0.0008483933201479061,-0.0019101785864149145
2023-07-25,-0.002440850605355921,-0.0056025324565005105,-0.003669566294917689,0.010648834440702125,-0.0015980674217418336,0.0012739526718618614,0.0018850493124216905
2023-07-26,-0.007451836515531541,-0.0011498495492449896,-0.0010820744413802068,-0.0055938671412096444,-0.013629108107790387,-0.004955008710854717,-0.010334893070345817
2023-07-27,-5.8355123493785645e-05,0.002522653382695378,0.0012981907133024818,0.021180713443105924,0.020321032129073772,0.01687750713192438,0.023038263301897104
2023-07-28,0.001329498440747012,-0.009032288158556577,0.017361949984302988,0.002786334972759863,0.0015031722936209736,0.0038764576403446053,0.00427646759274483
2023-07-31,-0.0005596099746608292,0.004136542263487282,-0.0006377556746351087,-0.0028620865967071726,0.00284616387433228,-0.0013926067364686248,0.001076339511936557
2023-08-01,-0.0008515496238001519,-0.0024224200404568785,-0.015211809313505962,-0.0074264795644614886,-0.012305653037068192,-0.012630769199588878,0.0
2023-08-02,0.003925189860353894,0.0009352352486126049,-0.02248770889397221,-0.014233136167442834,-0.012669609197184763,-0.013662828206126841,-0.0306138725293198
2023-08-03,9.298069867341732e-05,-0.00580624720349853,-0.0042039522999521425,-0.0064203467647561295,-0.007178886500738742,-0.007936497865689316,-0.007376410753643586
2023-08-04,0.0009062820741821379,0.000678808663551108,0.003762328495930186,0.0034224156071020963,0.0074837804379644345,0.0036727959380174415,0.006548247386015341
2023-08-07,0.002273548116995417,0.004654296286017525,0.011202881923112765,-0.0007509089705277119,0.0006409287567042252,-6.899658610449472e-05,0.0010587374982324721
2023-08-08,-0.002645255016438037,4.3987404008198875e-05,-0.01208671505691459,-0.006666134587083712,-0.00689409242718144,-0.011084511098277745,-0.01127949076723534
2023-08-09,-0.0008600454508020973,-0.0040300518423631165,0.0035310133864565212,0.004189348920611307,0.0072055669024990625,0.004910316823599382,0.006618519215326829
2023-08-10,0.0033778729689112165,0.0017110349162028462,0.009647195549848902,0.009780386325495044,0.015123986835002655,0.009038901249810709,0.015333508880772744
2023-08-11,0.004324551761679947,0.0003623075742100826,-0.010969909731020808,-0.016371609426757656,-0.012648249973911084,-0.01032722822559821,-0.014407439278885591
2023-08-14,-0.005344833295556384,-0.0033984892951348677,-0.001545351131877116,0.0013713850944471432,0.001177736510864886,0.004542428052187615,0.002057410553210885
2023-08-15,-0.002752982472836307,-0.003157967124503774,-0.014241379030473077,-0.009085657873742095,-0.011102556652135238,-0.00864944505706523,-0.009667350825793251
2023-08-16,-0.0016298647442790299,-0.0005235270892915599,-0.006746412925637402,-0.0032056034562015045,-0.0010256362205858362,0.0014050838089445768,-0.0010031226819647928
2023-08-17,-0.004612742764864699,-0.0026897159765402793,-0.011345418297398796,-0.025722700465037298,-0.009481085679415788,-0.0071536916466102525,-0.013261302826274858
2023-08-18,-0.0016985713143639414,-2.170477883410121e-05,0.001368262388885242,-0.0035174608784817978,-0.003849358278844186,-0.0065687797544438185,-0.003525716283182703
2023-08-21,0.0006797468473789928,8.703551240746353e-05,0.007492252569937496,-0.0019745635567238245,0.0047277338638304035,0.00186162963193506,0.0028253575835731413
2023-08-22,0.0006090741340170039,0.0020903019933335067,-0.00181116403678081,0.006278040682429652,0.005931176377462613,0.006537451456842292,0.008367519633631085
2023-08-23,-0.002579375141040684,-0.004751376251991785,0.005649179163385988,0.00340779332580747,0.0007924396445745552,0.001450023611823726,0.0014776067204677684
2023-08-24,0.0027316555119693917,0.001758781883683745,-0.01773181911550265,-0.00914076882044367,-0.004447829497580947,-0.006821095767501448,-0.008106916350824585
2023-08-25,0.0039260790154152965,-0.006152814519424532,0.00867780581801481,-0.0008450484683677651,0.002096383177885336,0.0006610549935623476,0.0009517150933247031
2023-08-28,0.00012823883440476897,-0.00016206242353233513,0.011754117155493416,0.011375411106518681,0.013069835229302365,0.01023353097525468,0.013468045506158266
2023-08-29,0.0008858235509067837,0.0026055993913908,0.01450116493150495,0.005552402010436958,0.006629463704572533,0.008717225363247004,0.007605527241984533
2023-08-30,0.0020018293480489795,0.004024426701278006,-0.00022147219862700426,-0.0006169326301364272,-0.0012254551069899042,-0.002447943175912836,-0.0025828387441119683
2023-08-31,-0.0003837948246870755,0.005810180468786455,-0.012483482977873826,-0.0024310781570488793,-0.0064981335949114115,0.0034643317231712145,-0.004226506039100105
2023-09-01,-0.0047918976087433,-0.008122741160144649,-0.0072040032634495075,0.003262460624152713,-0.002727646184655362,-0.006715904331487367,-0.0033729981132653414
2023-09-04,0.00018695235604312635,-0.006312829592228983,0.0,0.0018480398714612297,-0.002368267106276192,-0.0009783763102735386,-0.0006470111090656886
2023-09-05,-0.0010872368866719014,0.0017254962677647017,-0.011361256167522496,-0.0004282352212906262,-0.0034111989218188255,-0.003363638273423204,-0.0025055395051361545
2023-09-06,-0.002049184048415218,-0.006348504572645787,-0.004810318962679798,-0.002251187117274579,-0.008392487231353055,-0.0019255403184360806,-0.007264370818862283
2023-09-07,0.005668881530317534,-0.00018239543948600666,-0.007375014441691263,-0.00770297605606339,0.00027939227036090185,-0.001443734458280984,-0.004075942727755682
2023-09-08,-0.000606254951686934,-0.0024634271506727887,0.002541350641600141,-0.0008385111347614699,0.006188330859366881,0.0013757385417320633,0.003823490229915055
2023-09-11,0.0007228216904100403,0.0018952427901443828,0.011470632199471495,-0.00027065616941446047,0.005165642258184185,0.0038483210111109785,0.004037006321048285
2023-09-12,0.0013043702550643791,0.003005598219411332,-0.007096334250158675,-0.002981897032633692,-0.003494584080175932,-0.0054231983109953455,-0.002838798237940858
2023-09-13,0.0017559546949057116,0.00026886842534049965,-0.005990850504469945,-0.002391936247947013,-0.004187794300609275,-0.003921003528322212,-0.004439079802255564
2023-09-14,-0.0016512068495805885,-0.0017727594378955903,0.010803653124920562,0.012883906245518346,0.011850483065873742,0.009616287303144747,0.01323516853201417
2023-09-15,-0.0020153023656102214,-0.00908269633529821,-0.0013727378032891942,-0.0039704920281742415,0.009552406432718489,0.005567428783243866,0.0035685546653854445
2023-09-18,0.003387595102825535,0.002918822702197699,-0.006448750469611038,-0.007662400401555846,-0.014013189804863152,-0.010525507256928553,-0.011514077950279271
2023-09-19,0.0033878252545162142,0.0022856390003425054,0.000461872992578243,-0.0012510138157883822,0.000821524097080256,-0.003990859364067893,-0.0007491683224881383
2023-09-20,-0.0017969049501954202,-0.0009939536517845262,-0.0004618729925783091,0.004602098261144868,0.0066612469823550185,0.00744830214040099,0.007813406250350053
2023-09-21,0.002410588243045388,-0.0027202094957808733,-0.01583644765388597,-0.008979457792707335,-0.016073584768696064,-0.013378599108415866,-0.014935687971499812
2023-09-22,0.0037087881051558495,0.0007992186092448136,-0.000704421805783746,-0.002230036086581185,-0.004039264353444301,-0.0009361202205127012,-0.0012897504682848786
2023-09-25,0.003028433077627921,-0.00122531937458651,-0.009440689480687414,-0.004736661645049068,-0.008517938193273547,-0.009805386957205736,-0.009502703360652344
2023-09-26,-0.003039981234542129,-0.005352496698744066,-0.014811525198155892,-0.007195846095308904,-0.007023583571180933,-0.009759599905361405,-0.009206286900447117
2023-09-27,0.003361818498462447,-0.0020949525340855537,-0.002409756097847522,0.000429606445578215,-0.0003152849469893521,-0.0025215461812357,0.0006052638514459499
2023-09-28,-0.005081644727229691,-0.006090472631852323,0.012467543779900128,0.0058712774704223515,0.006265893134876369,0.0069447892250670065,0.007205871591720677
2023-09-29,-0.0002657573588988684,0.005424924814573403,0.000952248321385765,0.003849367342808848,0.0026411393728085746,0.0041081082614586,0.0031429372310835127
2023-10-02,0.0011087028171360017,0.0002640607869730246,-0.01777160868640368,-0.006345624360689896,-0.009420454810040816,-0.009099173076763925,-0.008909823462295524
2023-10-03,0.0004500553359251471,-0.008028972380780982,-0.008028463409782903,-0.006247220292746287,-0.010111609801307937,-0.01068174189590285,-0.010212325296117085
2023-10-04,-2.303780404033562e-05,-0.0008067501641140518,0.0085129239595839,0.001652173489366254,-4.5709482886763676e-05,0.0009746495813716273,0.0010396049639443733
2023-10-05,-0.001281531158653985,0.003314779770723716,0.003143383469262547,0.0012338951905162127,0.00021722353863283948,-0.001968847691965825,-9.766029746886448e-06
2023-10-06,-0.00036976988083339314,0.003758088703719646,0.015570872648469791,0.006834935877441856,0.008806166106231252,0.010531441313921008,0.010824661001769173
2023-10-09,-0.0007283002567151899,0.0019741653150437614,-0.008593844126246215,-0.0009637395956902953,-0.00550366946111695,-0.006697408387907724,-0.007717211985847342
2023-10-10,-0.0013077782167461337,0.0010784244414369746,0.014991511753787535,0.017599065072075117,0.019886718966097644,0.019338960806318535,0.02228088959332742
2023-10-11,-0.0008109513675455699,0.0024468013261512104,0.006825845896297839,-0.0015033630094552673,-0.004368413391291734,0.0023630881694196065,-0.0010540472267274732
2023-10-12,-0.0003941122827420313,0.0018362293444184133,-0.013460934363797581,0.005056443019639156,-0.0037483414975671234,-0.0022651424184347555,-0.0006119336077325648
2023-10-13,0.002640017373988486,-0.008273875947999566,-0.014850843007573328,-0.010329347089840993,-0.014318301538662684,-0.015574111193234097,-0.014904824582051016
2023-10-16,0.0009824627991259225,-0.0014424022728840294,0.011039393128091076,0.0020281778348985894,0.002660849870590489,0.0033742459596189903,0.0033163871308154176
2023-10-17,-0.0017112701220507187,0.0031086493721078946,0.0014310449435820398,0.0018748033569528713,0.001068931588318485,0.0008986775811459815,0.0005926060630066426
2023-10-18,0.004572138243899228,0.0017746511949462836,-0.019250021259629265,-0.009820464476292319,-0.009104288398383589,-0.010332733505565326,-0.011251983578657289
2023-10-19,-0.00032255290221026563,-0.0032722255890128117,-0.0019454818940190738,-0.0026901593002337425,-0.006426026199707186,-0.003296582660916618,-0.0037895177763860163
2023-10-20,0.0049082608855767615,0.004541865427760706,-0.009784591226119453,-0.015749877541209857,-0.015308646323698443,-0.016537250021769485,-0.01618028287703506
2023-10-23,-0.0017788739860091461,0.000328189985652953,0.006859203758920268,0.004096371218980868,0.005012196900030857,0.00015203119044169267,0.004232378880227757
2023-10-24,0.0004133963332727326,0.007515330568956494,0.005113776381455635,0.0035394167610322165,0.006283389434383184,0.0053382162549131945,0.005827022094041737
2023-10-25,0.000264076198637663,-0.007006876982751212,-0.007313496411717292,0.0007063994365265198,0.0031023787113177207,0.0008221959641307257,0.0019609921008072293
2023-10-26,0.002155779767662766,-0.0026558561409556923,-0.004413910190428788,-0.00407898020526798,-0.0037829380007105107,-0.010878724208663225,-0.005897082815376276
2023-10-27,-0.00298259343735977,-0.000264123396465434,-0.008638896726817126,-0.00704545879171857,-0.013677172298518168,-0.0029668229067912645,-0.008690738668405851
2023-10-30,0.0017103698343068744,-0.00019015336292734387,0.015740752147834675,-0.00028007030742567546,0.004359619406035136,0.0019813591132355358,0.0034714733526201684
2023-10-31,0.0005732543390770126,0.00496607740248526,0.004139776620893753,0.006351869901479352,0.008836950002046602,0.006353540949674667,0.008109393932352143
2023-11-01,-0.0019505302332608414,-0.0033910961552048305,0.008469564908899368,0.005038779972375986,0.006799712006594166,0.00759613332444547,0.007504139545398624
2023-11-02,-0.001988912157095448,0.0007514310744385675,0.023810541833784647,0.018927297894341,0.018303538459890644,0.01465626641081838,0.018861966624124482
2023-11-03,0.0020692762791718854,0.003021869066246271,0.007267775908288818,0.00038030381567643207,-0.0018698281358533661,0.003009966137605249,0.0012103618834789628
2023-11-06,-0.0039583077736744,0.010590070261934715,-0.0056220973812121915,-0.001318208578794322,-0.004803290253482714,-0.0035139285876212905,-0.0038471639275386993
2023-11-07,0.0008873568519041735,-0.0009869601713547505,-0.004001314844183597,0.0005437683662547876,-0.003928587716800556,0.0011007387861062855,-0.0012680495034120072
2023-11-08,0.002278253773551036,-0.0023773226566195147,0.009389622420113541,-0.0014961789299102188,0.0068372366293553925,0.005066125961720225,0.006029912226353102
2023-11-09,0.0019060406709647594,0.0013379671703129812,0.0009343583904650565,0.01957193976933182,0.01123859859965855,0.00804005824086727,0.012062902714112924
2023-11-10,0.0014902017959629841,-0.0040084442563240764,0.007905069994763333,-0.003811482800721077,-0.009693072599991392,-0.007725586025069316,-0.007557172403784962
2023-11-13,0.001282018567881082,0.0021144041770807375,0.003236853384282276,0.009468472472804303,0.005946765600848936,0.007234338895524853,0.0082638520793144
2023-11-14,-0.003242609680195108,0.0010910067705588759,0.030240063161114154,0.0062717547628062,0.013819586864224919,0.01740577862138782,0.013968059315330884
2023-11-15,-0.0008381941049588245,0.016357010041172345,0.00201359160290432,0.006140814727398126,0.0033246582009810446,0.008528696390834213,0.005532459506337228
2023-11-16,0.00361164877422178,-0.002184097901422437,0.0004468040384876354,-0.011749140309730602,-0.005732375266986705,0.0024379715599134005,-0.0030354212741498274
2023-11-17,0.0004920649260785886,-7.600105306852202e-05,0.012874807851491298,0.0061885205252707595,0.0090972497385811,0.008361290376463645,0.008867082948506477
2023-11-20,0.0017601069395794238,0.004896069984269191,0.005279348455742185,0.001159300617397812,0.0017982413646242673,-0.0011206665805415935,0.00037777328238106534
2023-11-21,-0.0008454347574126549,0.0035620486609204824,-0.0066036415337754045,-0.0011988870741037416,-0.0024149667963986395,-5.0299239027282614e-05,-0.0024233072091353713
2023-11-22,-0.005477952503010282,-0.002536177693585343,0.0011037291227339486,0.0019491386291291097,0.004317383685253535,0.0035965515956458576,0.004633887316240414
2023-11-23,0.0017681500418530488,-0.0025080369331155557,0.0,0.0029953900832711115,0.0023661332134291583,0.0023103114940737947,0.0021346139105186492
2023-11-24,-0.001997978321408845,0.0014168049098633336,0.010533370994400493,0.00437174725127847,0.0020410280182484703,0.0021708431001558077,0.002468741686334216
2023-11-27,-0.002071109540687919,0.0031240227376338517,-0.003937078925705162,-0.0018825044049457752,-0.0037517596191118095,-0.003945522850599633,-0.004054304670000642
2023-11-28,-0.0010256542896240634,0.0016424521405813044,0.0002192028061052063,-0.0037362318383368947,-0.0021163900917605533,0.0016458448434062542,-0.0014685869896494917
2023-11-29,-0.0019966250307959675,0.004327051344560121,0.0056807063818104285,0.0008139837692755831,0.002412252346420893,0.010807631821599465,0.005163660504280135
2023-11-30,-0.001491468780998815,-0.002934399365846547,-0.0037108380749855526,0.003994671895356992,0.005916970119995322,0.00302511958645477,0.0027283073447294244
2023-12-01,-0.002421071955430489,-0.0074670270195374205,0.006973332411638023,0.008240057038192961,0.004827747128053414,0.011166836505028106,0.008189940735569367
2023-12-04,-0.006738023096228147,-0.00035937594202320786,-0.0023915663408481517,-0.0009857583584671511,-0.0018475785640497207,0.0004414470364728123,-0.0008059289385832685
2023-12-05,0.001598368258102919,-0.004638469420250361,0.0028257507581256067,0.004479928238699166,0.007391601937014254,0.007793476771123729,0.008529825616921389
2023-12-06,-0.0009680763273383534,-0.004077545141317364,0.00043399598298152653,0.002722124372806223,0.006611380024022249,0.007431896493775858,0.006824029271536142
2023-12-07,0.0002566923538864951,-0.0025009224510818134,0.005625311595396827,0.00020616053672876903,-0.0010051075138085756,-0.0016493237569797992,-0.0021189501145085494
2023-12-08,-0.0001983379122604573,0.002360648944021793,0.007951073442503401,0.007072271915178203,0.013110094486147287,0.007801024705102276,0.011012581705042667
2023-12-11,0.0005132888878434703,-0.0024467931186417952,0.003418815927677359,0.005866288144838596,0.0033134197460599926,0.002098668662753746,0.0037248088108867623
2023-12-12,6.999880685123585e-05,7.529351741870235e-05,0.003194661579565817,-0.0004069838420407025,-0.0010572956789845441,-0.00016015241612872444,-0.0007888415273407976
2023-12-13,0.0017244403454956408,0.0029760816224084843,0.013096999472674717,0.0011315065055242629,-0.0016357918000850153,-0.001531057758321442,-0.0014161386787393123
2023-12-14,0.0036488016039307077,0.00806654911765613,0.003979272381115566,0.003665295050635987,0.005908493404225247,-0.0008246433150979794,0.001978139044633524
2023-12-15,-0.00146256234859721,0.009823959841428205,-0.010083975378849214,0.00406816785922274,0.0027760370250448393,-4.721964053434075e-05,0.0022621282550575788
2023-12-18,-0.0013018382281413878,-0.008985279259387994,0.0006136981674679548,-0.005030700999592479,-0.0036991626430896455,-0.006040896244381847,-0.0062421989064748076
2023-12-19,0.004190101047693066,0.002618234905509399,0.009055465873194533,0.004210796412106127,0.0007673321822928283,0.005621184724288284,0.0031513243326562104
2023-12-20,-0.0010893349599989978,0.005224244187125721,-0.015422306986383723,0.0015257156804356128,0.001155851303938324,-0.0006786282542250116,-0.0003484485300007908
2023-12-21,0.0037960626498975466,-0.003223207515873198,0.01605102423414931,-0.00481191850380737,-0.0015876490732618786,-0.002730714844525454,-0.00197820525032551
2023-12-22,0.0022615071580679297,0.005509994507838045,-0.002517244188359714,-0.005624223883425333,-0.0003408243997211027,0.0011235546822104872,-0.0007493975052559615
2023-12-25,-0.0031513354223516843,0.0018507322966524104,0.0,0.0,0.0,0.0,0.0
2023-12-26,0.002436566199455464,-0.0005732601708578364,0.007324350375635829,0.0,0.0,0.0,0.0
2023-12-27,0.0006802142119162394,0.002062891339460544,0.004161646232717969,0.001768140706917341,0.00039628445150539324,0.002146039854072149,0.0015270240361670508
2023-12-28,-0.0001728616787963989,0.005925594861729413,-0.008340430209252488,0.00025408693462078977,-0.004853351229173034,-0.0024231557320244196,-0.0030964023259527737
2023-12-29,0.0019232912389548643,-0.003648070996618757,0.001046439924100836,-0.00027953020802945824,0.00106378024516666,0.0029946249716265123,0.00160911844532826
2024-01-01,-0.0030075183786378965,-0.0011173031398486696,0.0,0.0,0.0,0.0,0.0
2024-01-02,0.0006230019529006475,-0.0015466483428338857,-0.014537427441831254,-0.004726362189807803,-0.00163464011127026,0.0010571732138200186,0.0
2024-01-03,-0.00034604135536021316,-0.008825030908954975,-0.01389036020124343,-0.0042997972431859125,-0.015927825453723312,-0.013868991583284898,-0.016393193087449243
2024-01-04,-0.005506818536590385,-0.0012793338874625213,0.0045086634208322054,0.0007179180076693869,0.005217175336485381,0.004759280290394104,0.005801289021334965
2024-01-05,0.0011825979617225819,0.0017937674187858852,-0.0015006302679673267,-0.002065395236474709,-0.00402653997245035,-0.0013897673224351399,-0.002349646295936879
2024-01-08,-0.003145091404576265,-0.0004706370138586311,0.012790645560367374,0.0005007281428263159,0.003974241222843804,0.007340607192363031,0.004910109321252067
2024-01-09,-0.0012910014456979865,0.0008647516893451855,-0.011075674804484447,-0.0019400517728375892,-0.003175419608262887,-0.0016830700647317602,-0.004090427822641345
2024-01-10,0.0008725202021750945,-0.0017616554045898074,0.005553171145414281,-0.0032976939561544837,-7.27193110527726e-05,8.695335180512993e-05,0.000405109278220667
2024-01-11,0.0012202368798277144,0.0038995772423958907,-0.0012789126041452788,-0.0006195842949215596,-0.0051924970592877855,-0.00859179928062285,-0.005992480505480919
2024-01-12,-0.0018832772446422707,0.0005927674404056253,0.001278912604145269,0.009406401271478048,0.01043856119799126,0.009475181747553497,0.008459805270973134
2024-01-15,-6.984485739903327e-05,-0.003278136931587735,0.0,-0.0030358304985488548,-0.007187045340474388,-0.004941371965947412,-0.005672246664618736
2024-01-16,0.0014884356173543048,0.0,-0.018487194363020012,-0.0012195045591179225,-0.0018474645650531038,-0.0030452013223426833,-0.0018358022926535354
2024-01-17,0.0001277739545440592,-0.006132515484610603,-0.006312049529247777,-0.009174416738981683,-0.010778351207283996,-0.008483441393796812,-0.009815152323255154
2024-01-18,-0.0024427884299401863,0.0006419301064366271,0.014092572926193718,0.008699061491775913,0.01123108699518901,0.008222113392252062,0.011284897019746705
2024-01-19,-0.0031729004936471615,-0.0006093855084178445,0.0034385290647768515,0.0009248606871083697,-0.004022205460161384,-0.0007377919999552644,-0.0009480529807431615
2024-01-22,0.0020542106317519874,0.001208331125892878,-0.0006437428553422225,0.008577877931558299,0.005628715905891264,0.007715702540190797,0.007053275392585128
2024-01-23,-0.0019256639513730023,-0.0011103749904406092,-0.0019341535635161646,0.0027584679103602383,-0.003406457849133562,-0.003378494502023984,-0.003221397272694274
2024-01-24,-0.0008180784071389584,-0.002054265784688464,0.019806861311856317,0.024030720541320674,0.009108329498677131,0.01568370612352123,0.021750467478766782
2024-01-25,0.00024547986716290637,0.002195704525871863,0.005258112620000166,0.009791670908352916,0.0011474733432128281,0.0010060113023788086,0.003968771633690823
2024-01-26,-0.0023639305919830357,-0.0031940891678824117,0.008979990909225294,0.0035158404019376916,0.02251202643678093,0.003216620446146262,0.011545367544870408
2024-01-29,0.0004919402814180935,-0.00032535760494948154,0.0033209389241513885,0.002650119657665553,0.0008733150961061627,-0.0011609374247980493,0.0008387536230356246
2024-01-30,-0.0021335845025707376,-0.0008346524768681695,0.002069885307787028,0.0008899961080452529,0.004786467617350457,0.0018062669526002623,0.005018325159584585
2024-01-31,0.0022624292283129183,0.0008237687543271816,-0.010601892227821565,-0.002965487265197102,-0.002702482051793539,-0.004048882404080683,-0.003071668022584227
2024-02-01,-0.002262429228312852,-0.003647544052697876,0.012048258576004379,0.004730856555317878,-0.008920724272590639,-0.0026491126820415607,-0.0021104357327039183
2024-02-02,0.0011377235977539579,0.006525183225310071,-0.0064216271219924,0.0005350809754001401,0.00046238896380669986,0.003503656190535221,0.003432576222180415
2024-02-05,0.0011480857486727977,-0.008737607110913186,-0.003747567775315934,0.0021373913271153164,-0.0003029602714900165,-0.0008367499182988953,0.00015472154322751549
2024-02-06,0.003378153742417947,-0.0035510454839929734,0.008102304331781416,0.008215741470111343,0.006436489305784487,0.007612880719440723,0.00761817591241759
2024-02-07,-0.004221509700990646,0.0014296890422369148,0.00020677267576113987,-0.0011558036397197565,-0.00363410646938012,-0.006554500720230802,-0.0025657171931546038
2024-02-08,-0.0003633530702458303,0.0017226241286986182,0.0035106099816026824,0.016273921272737104,0.0071179864484188045,0.002471192831997178,0.0068010796960495485
2024-02-09,0.0010193735618909735,0.00014004449588293628,0.007189281842972205,0.009460318077241183,-0.0023652706124758674,-0.002202993782380714,0.0010799876050881833
2024-02-12,0.0006438710134414375,0.0019417861621718751,-0.00020482009192011484,0.0036445536571738904,0.005513335150926905,0.0065275287840147545,0.006442480771037912
2024-02-13,-0.0017336110241915528,-0.0024050255479935757,-0.019847496359475813,-0.01444503439766433,-0.008421764889225821,-0.009229306744622006,-0.012096915448680433
2024-02-14,-0.0029940739299479523,-0.00589655284375755,0.01348125709355199,0.0012453230966752665,0.006801463163254429,0.0038224960570379693,0.004243328107214779
2024-02-15,0.004048702084827233,0.002165564317311912,0.01187833524968762,0.004635657370951778,0.00856899213382591,0.005954858644379811,0.0071833372352941875
2024-02-16,0.0014511230751377596,0.00388170040799465,-0.0022421428745566484,0.012335219336892349,0.003192484950616386,0.0041417769692361165,0.0047282465679437235
2024-02-19,7.019035494692622e-05,0.0010241725388866125,0.0,-0.0026371807124366833,4.758130015572337e-05,-0.0014720791250492054,-0.0005415372184494186
2024-02-20,0.00098179986005243,-0.0008841038873163796,0.006508084167754826,-0.00888429410791274,0.0034272462557206973,-0.0013951757047039233,-0.0005859365153573021
2024-02-21,0.00019856958944136058,0.0034974498351770826,0.006466002730187836,-0.0017581004287669068,0.0021617607919016107,0.0029069613529125104,0.003152460651384006
2024-02-22,-4.671461378429382e-05,0.0006706143712430367,0.015786099295412394,0.012580148089134317,0.01265753558419667,0.014632940280449829,0.016624315634924388
2024-02-23,-0.0015313026398878383,0.0004870568217987158,0.0005946543705736857,-0.002966505832708149,0.006937816704133678,0.0028100719538077224,0.0035382613659971614
2024-02-26,-0.00122907840464375,-0.0005195577476647977,0.0011881689375701984,-0.002459219465887735,-0.004637551363517909,0.00022388656746642665,-0.0017007099348709204
2024-02-27,0.0018371980330669834,0.0028497835192923576,0.004738369515349975,0.0001289507908537533,0.002340323654087215,0.007619295273403105,0.004400033500976596
2024-02-28,-0.0006198339528666416,-0.0005640750300102595,-0.0021690358665788383,-0.006492411231980827,0.0007533564416806908,0.002544562298983276,-0.0004033395368354546
2024-02-29,0.0014144883005566384,-0.0005529550220347515,0.0009864869173569662,0.0011557056002343409,-0.0033950751618214495,0.004363387697094966,-0.0012293143769522145
2024-03-01,-0.00031540386702579704,-0.0031275423260024677,0.00393640364033314,0.006648882339013846,0.000849819243691855,0.0032124073675739344,0.0034974948147723146
2024-03-04,0.0007358804709135128,0.0034852552521659795,0.003137687572921378,0.0028644245575207426,0.0027991739492668364,-0.0010662753850509852,0.003682806792534105
2024-03-05,-0.0012735986470949067,0.0011500159935793875,-0.0066798325264652274,-0.006312585474688976,-0.0029693508613481395,-0.0010035153658182695,-0.004048571390279908
2024-03-06,-0.0009943346895000726,7.59911547539199e-05,0.012147600639745149,0.006861184887681268,0.0027594449978330044,0.0010340528559642545,0.004571608690867364
2024-03-07,0.001567087175104627,0.004002993860566666,0.016992041041799976,0.013582596442182585,0.007699009004259456,0.007094530922551384,0.011877126467884283
2024-03-08,-0.0015553677776601385,0.004632161004990791,-0.009232532490771462,-0.00783498341403502,0.0014696315021090647,-0.0015895652518285721,-0.0026391391265181315
2024-03-11,-0.0037755803211895005,-0.0006567834304138422,-0.0021279166373291015,-0.01124683960425128,-0.0010318943380125947,-0.003837954031859242,-0.0062053171858311214
2024-03-12,0.0016198317019781431,-0.0010609555545411638,0.011552015806254864,0.01009757482540087,0.008412431415971674,0.012256182194385463,0.010648132873820892
2024-03-13,0.001535268831396906,-0.00032786603029042014,0.004011748340654329,-0.0007435701473367254,0.006175663659192898,-0.00020756358965553793,0.003475573174349251
2024-03-14,0.0019070340391154027,0.0025165550941543685,-0.007847663482446083,-0.001838212903467312,0.002925315755657606,-0.001077434895516357,-0.0014868789797707691
2024-03-15,-0.001988984012960244,-0.006584324557311425,0.0015360081023617204,-0.008149531618282106,0.00035896325982886514,-0.00030038287337996457,-0.0014229881045971433
2024-03-18,0.0010651748482911779,-7.623792150198477e-05,-0.00522292763657283,0.0023218233672450536,-0.0019874300048872296,-0.00022139823256086475,-0.0006540928965735204
2024-03-19,-0.0006319770985418405,-0.000794052298820581,0.0025089787217365185,0.008084260688881965,0.006472473910933115,0.0030518001186501864,0.0050367362836225785
2024-03-20,-0.00024585350876645505,-0.0009782543487731165,0.013782727703758869,-0.00017432233477779221,-0.004845203726147007,0.001535478784097713,-0.0015207213988176274
2024-03-21,0.00046827686798734243,0.006780030280211767,-0.0045732193171552525,0.017143678032959405,0.0022409791539119333,0.009068825687253148,0.010345653809794922
2024-03-22,0.003959816380148968,-0.006866944757079783,-0.005169966373284258,0.0010504224605888453,-0.003404473719416875,0.0014670506496177506,-0.004197009239508946
2024-03-25,5.829661800324414e-05,-0.005059854735420729,0.003067003629796056,0.0009238690754141852,-3.92337628203184e-05,0.003036759629654587,0.002588507493706118
2024-03-26,-0.0003264770404730926,0.0028355898951227965,0.002102962743488134,0.0014240553404643007,0.004058427696042344,0.006715093919433111,0.0039551896503698366
2024-03-27,0.000268180422469785,-0.000541735721696503,0.008178805193789166,0.0007965305364240284,0.002447848612745528,0.005031839853687976,0.003461504805401406
2024-03-28,-0.0009563689162092468,-0.0017533000294245103,-0.004556645524708567,0.00304399592582547,0.00012187230629968253,0.000833138568696976,0.0003304793017460749
2024-03-29,-0.0025588188371153376,-0.0017503055199580492,0.0,0.0,0.0,0.0,0.0
2024-04-01,-0.0009129054948116168,-0.00016180108386803512,0.0022808415217863546,0.0,0.0,0.0,0.0
2024-04-02,0.0020237173954278822,-0.005156421839743476,-0.011456976197441685,-0.0004084010767133167,-0.009275338019439043,-0.011385892638780298,-0.00818141928598455
2024-04-03,0.0005140444547858053,0.002914025833319365,0.008414619799705288,0.002979384381431255,0.002847115783236587,0.004615990643743558,0.00539004890070817
2024-04-04,0.0005370897777178344,0.006460427276889821,-0.011684738492172487,0.0001357241964913098,-0.00020609610302457814,0.0019259911419677337,0.00029778386235384575
2024-04-05,0.0006535560608939043,-0.00011923458450640673,0.0015400973880994226,-0.004011766545340847,-0.011131987661303612,-0.012471632880227136,-0.011107091806120012
2024-04-08,0.0007229629240166637,-0.0006067326380173935,0.0065197941768366675,0.004791857882149064,0.007167837907982777,0.007888000679608055,0.006222150579769654
2024-04-09,0.00027977237257686814,0.003058958337697158,-0.00594276192955911,-0.004337713026528217,-0.008674948686975796,-0.013313940610920382,-0.010989485647470758
2024-04-10,-0.0018897580787367923,-0.0004019198697015849,-0.012381617481084873,0.006381142402085622,-0.0004709717486416215,0.0011395663139160289,0.001987679625062617
2024-04-11,0.00042027042793629874,-0.010886717095524747,-0.0003893919194752309,-0.0032534002312014474,-0.002693322516830925,-0.007923106969112904,-0.006852270044470401
2024-04-12,-0.0028752814396991976,-0.0013847416017447754,-0.021455546450312078,-0.0003847421135609686,-0.0016102906143538541,-0.001346540004377691,-0.0023525055927869996
2024-04-15,7.018302703806434e-05,-0.007225148247919505,0.0005966933541709765,0.0007015424275422622,0.00427005050685992,0.005354187626759635,0.005929942472825358
2024-04-16,-0.0009133223833517737,-0.0022446258334513653,-0.002987033586707568,-0.010689600482057937,-0.014082342298850326,-0.014547848971801617,-0.01363247878193255
2024-04-17,0.0009133223833516642,-0.000403625498250325,0.001394979050404548,-0.010712631667525242,0.006145493107315539,0.00021325055481990574,-0.0005818974052021003
2024-04-18,0.0026766702644851355,0.004503013980535367,-0.0005974835284917389,1.1567236395585738e-05,0.0052172066106578536,0.0037846572400376663,0.004556017519498913
2024-04-19,-0.0010160401693399906,-0.0023658880343129613,-0.0011964416525725705,-0.006201559952296726,-0.00010589889732632294,-0.0056242841833281975,-0.0037505104698714086
2024-04-22,0.006266662620418592,0.00132077743040315,0.010913757066050023,0.007529632597861468,0.0022349463362753464,0.00693529668303137,0.0038072837945740956
2024-04-23,0.0016243807937268435,-0.00039422626838334047,0.017993957675107926,0.009510171395336118,0.008103519639169323,0.015381498851941166,0.014343067536379612
2024-04-24,-0.003693372396965,0.004709463664304997,-0.004273490008174236,-0.0008805514000021711,-0.0017187597210338026,-0.0027025191440035318,-0.003658725416005181
2024-04-25,-0.000826492258544743,-0.0004173729458229782,-0.004878489062805474,-0.004299750263399488,-0.009337984524192416,-0.009521819658271263,-0.0102469790890893
2024-04-26,-0.0012934929905163747,0.002775201791036396,0.01070140180607882,0.014102561500597223,0.008890567147935787,0.01351140439224929,0.013642135540915394
2024-04-29,-0.0019842248821980843,-0.002122318925900117,-0.003101328247978707,-0.00040793852521385987,-0.002858885665819248,-0.0023533771288288654,-0.005158283124682036
2024-04-30,-0.003229878174995894,0.0008247938079739085,-0.019802755775429327,-0.003906656913261941,-0.00999626097425277,-0.010327296182142509,-0.012092200318544855
2024-05-01,0.0009723975020481325,-0.004597165828774006,-0.003173215013544242,0.0,0.0,0.0,0.0
2024-05-02,0.0009013026801532298,0.005143796890728481,0.007914714297320496,-0.00013654894307608997,-0.008840577024780671,-0.001991139148488078,-0.006239498773871557
2024-05-03,0.0009004213936136948,0.0010728188714235368,0.009415293631494135,0.009885968290456891,0.005408194597421364,0.005855458133382536,0.006292282180844343
2024-05-06,0.002673201944293,0.0023316917706926814,0.009714540644491032,0.004149409605047477,0.004897815773909887,0.009598008131742795,0.007183347420119726
2024-05-07,-0.0006180558407079022,0.0008717944924890549,0.007320324470309592,0.009971099269843232,0.009835627304114754,0.01392389776909481,0.01186011707587141
2024-05-08,0.0030864663414268503,-0.0015815538797213848,0.004978094794813612,-0.0005112321099986946,0.006877261615830058,0.00370068010317039,0.004390146598918635
2024-05-09,0.0002790199280327556,-0.0003331609149222311,0.009693186450005659,0.005111465653487499,0.006892550004873098,0.01012346141279731,0.0
2024-05-10,0.0007205452183006516,0.003552685995199825,0.0035872055600241503,0.007031111962652534,0.0038386284730769714,0.004604987751622837,0.009267871883524877
2024-05-13,-0.0008716886749689876,-0.0013687557229370368,0.0009419226125322885,0.0014485009820028596,-0.0012002829524165302,-0.001632885813641824,-0.0012042687560512148
2024-05-14,-0.0009655424170256006,0.0021457068323342014,0.0063814406504820636,-0.0014045985137085882,0.002010277617720404,-0.0013775612195016794,0.000261845733218333
2024-05-15,9.309323793948181e-05,0.0019447012704893634,0.008754765886985818,0.003026295591633281,0.0017236261566575335,0.008138200143103555,0.004048621340292174
2024-05-16,-0.0015023426162817657,0.006934418446712236,-0.010252626267051729,0.00018608381128213644,-0.0062696204673694635,-0.006942605969100953,-0.0055930015031367105
2024-05-17,-0.0004430394244137025,-0.0020233852741519107,0.002806659719337626,-0.00033938675832029014,-0.002566673811555409,-0.001836948053896265,-0.0016396165146736865
2024-05-20,-0.0022646769351443185,0.0007065954020106566,-0.0013087993392717893,0.0018597666400509832,0.0034796721923241888,0.0034446360569868537,0.0
2024-05-21,-0.0014385059420618984,-0.0013476122728719713,-0.0011232037919859516,-0.0037668566161836617,-0.0066730163728678914,-0.002250986987468292,-0.003392285167039019
2024-05-22,-0.000585307460120632,-0.0005211701182829347,-0.00922019628696693,-0.0010866893694170502,-0.006080024321990823,-0.0024894069009810398,-0.004332803747734709
2024-05-23,-0.003495802462276102,-0.0027643117547025264,-0.003787802402469935,0.004110067677572624,0.0012621882865431159,0.0005951641366349509,0.002470528905944386
2024-05-24,0.0008926624792036335,-0.00115750095218525,0.009442777580992715,0.0010276171401722206,-0.0009087766053176644,0.00010960787194030586,-0.0004348137022701413
2024-05-27,-2.3444078612966388e-05,0.003227302320858273,0.0,0.0009064367088205335,0.004624270878236574,0.004341931825481289,0.004713422762830161
2024-05-28,-0.0016568931573739648,0.0013134725606132052,0.0007517176540474086,-0.004167878005369493,-0.009226636382423553,-0.005171446800186583,-0.005718823029148815
2024-05-29,0.0002939528165922291,-0.0009228747019577188,-0.018196113933603267,-0.007040460516857568,-0.015353434553385129,-0.011013500301549614,-0.013438850257064728
2024-05-30,0.000129356714704816,-0.004622998667696261,0.007242425432254284,-0.0002760280630779896,0.005464540245993745,0.001271298539624551,0.0038168481853401194
2024-05-31,0.00027036175709536215,0.003104909521282527,0.005113995393377164,-0.0021778061057726923,0.0017982610817192032,6.219213771963487e-05,0.00029897020128708213
2024-06-03,0.000763610019577771,0.0016266164009212727,0.0030181755031333714,0.0016475726939109933,0.000644104546746982,0.005940857619672007,0.003979117988467965
2024-06-04,-0.0001526753630186944,0.004993990868639649,-0.00737297763020149,-0.0037857260482756843,-0.007545269141319194,-0.010943029245612653,-0.01007749305245639
2024-06-05,0.0006457534552749601,-0.0023423607924120534,0.016373681718638546,0.018667271492105893,0.008613688336597942,0.009209992193333072,0.01647645435686486
2024-06-06,-0.002420905789261718,-0.0006743892561967788,0.0046559675415496675,0.005092221795309592,0.004181590344023212,0.004122129657173716,0.0066166524580626674
2024-06-07,0.0017633909539063076,0.0018284745320394033,-0.014221810041779866,0.0003790182547452775,-0.004777531065407848,-0.005127694431069029,-0.003513656302107009
2024-06-10,-0.005488448450272831,-0.010662943021032207,-0.006428343801886104,0.0010711804315389267,-0.013566050769110792,-0.0033670892558444712,-0.006919138548923709
2024-06-11,-0.0011698566588870531,-0.001357260455041113,-0.012598082844010369,-0.0037379302811184944,-0.013361003535047357,-0.006778908249741008,-0.010297095887407626
2024-06-12,-0.003363706645226631,-0.002225800503826749,0.018083615978611696,0.011376000323717144,0.009644979283910615,0.014103708848986022,0.013868954379375496
2024-06-13,0.002488360121525611,0.0067570780683288145,-0.02270430373358289,-0.007735432686675382,-0.02012306915287516,-0.019795439985809713,-0.019846362254911185
2024-06-14,-0.0037704446454720733,-0.006896604999001071,-0.026595310719345417,-0.006390646096685943,-0.02692241966452389,-0.014539924336691075,-0.019716937633001842
2024-06-17,0.0023492929531365174,-0.0034198826115551654,0.015144439829513962,0.004777866553043239,0.009061492226763753,0.003670144586792632,0.008494218484749804
2024-06-18,0.0011843980102955592,0.0035917077512611435,0.0031181735644094924,0.0054772242421967715,0.007530113055110319,0.003522624952010773,0.007156152643216412
2024-06-19,0.00023675368204010064,0.0001503782682153156,0.0,-0.0036805527726274604,-0.007711020426998642,-0.0035392720763231175,-0.006125978409480486
2024-06-20,-0.00011836983448186747,0.0008597736998856827,0.002332422666804686,0.009749243035997605,0.013271773421208714,0.010256632533436992,0.012667441630553422
2024-06-21,0.0008399956886347413,-0.0042057311718622144,-0.008578760270661182,-0.009262811959006623,-0.005590899798588867,-0.004978916597184417,-0.008205029002267376
2024-06-24,7.090756398491773e-05,-0.001743605181274369,0.009238017457851588,0.0012637990289191684,0.010214365092329213,0.008882741103415963,0.00886168024866337
2024-06-25,0.0006146973739162541,0.004198394017140161,0.0007923658764105729,0.0002590232597868274,-0.0058025774050372335,-0.008106782473733726,-0.003036280523263092
2024-06-26,-0.0022478331169932296,-0.0021549847749991156,-0.008151963888838097,-0.003795081487263376,-0.0069607166265055155,-0.001231882624435677,-0.004066277649555844
2024-06-27,0.0021769691278522136,-0.002759294299526374,0.00019951531251573767,0.002142558581835903,-0.010360774363600295,0.003041902182248652,-0.0027172781095627456
2024-06-28,0.0007678951358691411,0.0026522078836921812,-0.0013980755424635553,-0.0013629391520581875,-0.0068381214909567865,0.001366319561731131,-0.0017516409161895384
2024-07-01,0.002276627085307792,0.002498179976998341,0.0111310355945002,-0.0008663033828172332,0.01086807261393551,0.0030230966556780785,0.0073229515559713855
2024-07-02,0.00036519795261670405,0.00017177131184862907,-0.004556660887175257,0.0016886201486793159,-0.0030252633926038767,-0.006945609011884645,-0.004810783124203133
2024-07-03,-0.0025001404800902884,0.001052856180220774,0.016932874474504332,0.006983960554300411,0.012365055477766902,0.011520481699241632,0.012048149009733508
2024-07-04,-0.00047243036094806785,0.0041682348697401434,0.0,0.00399803352663466,0.008311672251399472,0.004124983539930859,0.004356395185653905
2024-07-05,0.0011806928486879176,0.0016094691090687886,0.0068100435784938605,-0.001134548868768432,-0.0026230115220934255,0.0013523696771758722,-0.0016233472356817203
2024-07-08,-0.002587478436641273,0.0014172852076074353,-0.005834314198933524,-0.0009750663062242614,-0.006295479271110165,-0.0001839603496628735,-0.0019217710191512104
2024-07-09,-0.0002602943117540323,0.0004547759228130968,-0.01275903888315481,-0.0023073857388978855,-0.015696566062541772,-0.01285076988164158,-0.013411918247340945
2024-07-10,0.0006388025363486883,-0.0014935765778125393,0.014318212945494268,0.009538528707476207,0.00860484623837891,0.00933496589228261,0.0112021162749441
2024-07-11,-0.0033521929371940233,0.0017101581900879357,0.002528417212276179,-0.0037959586360685913,0.007049724240094583,0.006894109801932471,0.0034766089080242655
2024-07-12,-0.0017338417429653419,0.003635807059775768,0.01618537775053448,0.009410082062836509,0.012662157880611811,0.011459537415983594,0.013352655905351268
2024-07-15,-0.0022489477802491867,0.0011749830043508219,-0.012888543963957073,-0.007904930360322191,-0.011930816211125085,-0.008424954962485623,-0.011950946178594815
2024-07-16,0.000988247810041467,0.0014706445837825762,-0.000581000460242084,-0.004275932119470922,-0.006925824964653952,-0.003926895307556991,-0.007105054260695843
2024-07-17,-0.0003809186144168212,8.714869009926246e-05,-0.013457034385408623,-0.01830310730922852,-0.0012170583011407838,-0.004368985143234455,-0.011458292968303977
2024-07-18,0.0012730863833984702,0.0034511861306799033,-0.0076870279629144824,-0.0005456787964475431,0.0020768460857601896,-0.004486900319050667,-0.004372217934819051
2024-07-19,0.0007250310071043906,-0.0035383348207792247,-0.00954288113072608,-0.009575832719606872,-0.006881786950365127,-0.01001085002510522,-0.008843677192443505
2024-07-22,0.0012705467607415062,-0.00021806902047437983,0.019583232080496716,0.0105687833186899,0.01154629907295653,0.012856768308834884,0.014437683330697176
2024-07-23,-0.0007953890358679488,-0.0008607103043199634,-0.0066823798425893295,-0.0021617126222097977,-0.003073476531062515,0.008149908245219188,0.003945265021774662
2024-07-24,-0.001342862250381249,-0.003598023824621103,-0.01530085010310285,-0.012659384734968667,-0.011235941481286945,-0.009215793646682898,-0.011234710998652352
2024-07-25,-0.0008209276077375978,-0.0010302791156022808,-0.004213906334901523,-0.005427242134550436,-0.01160730679093088,-0.004837811049421177,-0.010460045343915961
2024-07-26,0.004382096816456618,0.0010845501051680547,0.014374354421954146,0.008940855617771215,0.012132898916004234,0.006472906328498461,0.010589592616549555
2024-07-29,-0.0006044856750133714,0.0002279279649853626,-0.013168568153801926,-0.002783385036769574,-0.009870779368661384,-0.005274130433874562,-0.009735641697770601
2024-07-30,-0.002516821168736634,-0.0031643268838695902,0.002807886375721558,0.0042712650248128824,0.004169260912019142,0.004928145452450372,0.005304243710763195
2024-07-31,0.0013304559614327105,-0.0003137327528508791,0.007581934129987255,0.013813996235731962,0.0075368438724452,0.0052801396634034005,0.006576128060007685
2024-08-01,-0.00047495461098976153,0.000724951551994476,-0.02781327859920253,-0.014750541437208844,-0.021614139341136075,-0.02326313285080173,0.0
2024-08-02,0.006440022116512884,-0.003360575274129946,-0.009858271829088596,-0.03161433655896582,-0.01622910220096788,-0.023603763356163408,-0.049263242343810375
2024-08-05,0.006715348402364592,0.011358892636365093,-0.01518177384499776,-0.021238583654143512,-0.014278566209279482,-0.01841301571168847,-0.014570922270945388
2024-08-06,0.003662065294037711,0.0036727188635254445,0.0004189679132034755,0.00724902106980341,-0.0026542707838272577,0.000883185198640146,0.0007915575583291345
2024-08-07,0.005497046972904097,-0.002264177736969769,0.005014629602162237,0.022114349044824497,0.018890427827534462,0.014917864641052032,0.020088748403058798
2024-08-08,0.0010215488589001543,0.00017476919764657832,0.016126025249755444,-0.0017960625971551523,-0.002557568006416437,0.003697354079403876,0.0001456978324716162
2024-08-09,-0.006612084850758563,-0.001135781683557143,0.0018440713879347343,-0.0012670633153179527,0.00306668560940143,0.002399805195305927,0.0013997298454615982
2024-08-12,-0.0003270366791694186,-0.0001747493716200307,-0.003691549658655508,0.002577732907725524,-0.0026225278028159803,0.0002025336771501192,-0.0007274728611604624
2024-08-13,0.00043215030396188557,0.0020538861067455733,0.01610146988828342,0.003674096567171205,0.0034695420277839123,0.004816196058523744,0.004919521290136628
2024-08-14,-0.0019521815924118684,0.0055381610934357155,0.0070515217007936,0.0014951154933275615,0.007870372761119859,0.004120659561104713,0.006936638341464222
2024-08-15,0.004529782651268457,0.0014746939005724669,0.015735761308135043,0.017393674220266973,0.012199365351761197,0.016504405608105874,0.01681566840011104
2024-08-16,-0.00628643326990035,-0.003682672252913738,0.007874097457377431,-0.00020977013401035706,0.0035406415862006776,0.007624072770183436,0.006788793796285628
2024-08-19,-0.0019124710871616542,0.0047515321311987135,0.013051666009835648,0.003505054784894333,0.004616323498966065,0.005404368679973559,0.006361297976109502
2024-08-20,0.0017952279633573983,0.005561019879638232,-0.00019345240886407326,-0.0064132123040007314,0.00020842605622938213,-0.003489470750472152,-0.0028430673908748506
2024-08-21,0.0007734250355204028,0.0037320558476400963,0.00982381516300236,0.005092043742022601,0.0051950902950669165,0.004968141669871005,0.0056861706015265915
2024-08-22,-0.00200509857851624,0.0024622620655040902,-0.009243340892433413,0.0007818910356792333,-8.111614785546534e-05,0.0024059887855742354,-5.7272700982724e-05
2024-08-23,-0.0038691107654733555,-0.0034299728738610585,0.01631047292021565,0.000220166226053344,0.007010114180699568,0.00752614335218902,0.004941750031464696
2024-08-26,-0.0023121859295336033,0.006345743377981329,-0.004769604163803518,-0.0011783898628660472,0.0017577267865418746,-0.0008633571915900316,-0.002551580839521194
2024-08-27,-0.000555216740136778,-0.0020788509279929717,0.0028643559227726585,0.0004957637783487384,-0.003244934071895724,0.0034741615571937893,0.0004266959809066241
2024-08-28,-0.003693673059101316,0.0011842694816812614,-0.0036297381911688607,0.003079145332328967,0.0015703342887061122,0.005364002209628966,0.0029046650196199453
2024-08-29,3.5558696224081975e-05,-0.004750552482151741,0.002675864208221839,0.01421653462445662,0.008316212330931558,0.006912442222435739,0.010778243567615373
2024-08-30,-0.0019469130385898707,-0.004008112199441408,0.0026687230634449043,-0.0055579224567904205,-0.0013095948995761237,-0.00029880839916274134,-0.001670663473956263
2024-09-02,-0.00039226120238842945,-0.0032191761828712752,0.0,0.0022073342735931365,0.002025182571487814,0.001264857362725436,0.0030389245164890314
2024-09-03,0.0010693767247406788,0.0020453785580929677,-0.018056606094228236,-0.012943354388825568,-0.009370988710924438,-0.009753271985521455,-0.012250267887642096
2024-09-04,0.0004749038596484779,-0.0016808504021881394,-0.004468061735182761,-0.013146493704785706,-0.009834191365280017,-0.008316282224677956,-0.013183639361929343
2024-09-05,1.1814878122517423e-05,0.0028546480269664664,-0.004879530982193605,-0.005724390327009481,-0.00924276004517837,-0.0008259505955435899,-0.006836235916002771
2024-09-06,0.0007119601215528526,0.002762948065971709,-0.018762275869964488,-0.014194414516343151,-0.010776451230586554,-0.014892440106686576,-0.016139395537639593
2024-09-09,0.0012801392852951022,-0.002153233494915558,0.008140633313322017,0.010206039773602954,0.009874506467026131,0.0077103867766981325,0.008532423577505796
2024-09-10,0.0001421209051687815,-0.004491381464581687,-0.006945177602260279,-0.0073101143130232795,-0.002387945354404898,-0.009678263453723406,-0.006605193474563248
2024-09-11,-0.002217281156538444,-0.001499998659979876,0.01069519622685044,0.0030118494908785752,-0.0014481833782753867,0.003516741860656539,0.0034444911009450232
2024-09-12,0.002371310912681144,-0.0009143102407975252,0.0070673124630026745,0.009843983303679141,0.005156430541534658,0.010210560022440304,0.010545470850125138
2024-09-13,-0.0011019548682256828,0.006063349541865521,0.004683842451243353,0.007083696042843212,0.004050948893599528,0.009727132529983926,0.0061938360156710195
2024-09-16,0.0006755266183764584,0.0009531874092983568,0.005630476988013983,-0.00428883676129926,-0.002120066133137756,-0.0035513864840554417,-0.003383169927911434
2024-09-17,-0.0019329961905287093,0.003699262354885196,-0.000581000460242084,0.0050889076350339015,0.005085414560726845,0.004977136624617268,0.006843234926443334
2024-09-18,0.0025607144616530872,-0.000578565328448507,-0.0025215511156213826,-0.00857809703999092,-0.0056950473810784595,-0.0007794226156679176,-0.005255740505223812
2024-09-19,-0.0033325670852595722,-0.0007449134913267066,0.023607317655835076,0.01753464112893734,0.022644625423321085,0.015426493505265697,0.02210614989775073
2024-09-20,-0.0019382368075957375,0.004232548367000081,-0.012982394422413588,-0.012037992392355815,-0.015236191159299898,-0.014971286986846029,-0.014639167163534342
2024-09-23,-0.0023117682857072973,-0.00010050347335537372,-0.00028873659113856594,0.006574057331398017,0.0010421290148245957,0.006749565155008249,0.002875809542380012
2024-09-24,-0.007075603461105375,-0.004409974978157959,0.014715998851293119,0.004075937838680735,0.01269592452611802,0.00791908237971494,0.011225186617893556
2024-09-25,0.0013567282135602441,0.00712578174023549,-0.009339595399287515,-0.0012463602737797512,-0.0050613931504689645,-0.004121360955154496,-0.004834868430786214
2024-09-26,0.00287547048571999,-0.0053908146634261515,0.029993831406391693,0.006194633676219775,0.023057341059511627,0.016765890735206165,0.023258486459007483
2024-09-27,-0.0028034560447553116,0.004138093124158529,0.0,0.006309190667624204,0.0063989634625360794,0.012155116782273693,0.006903039959823274
2024-09-30,0.0012708769920864974,-0.0006591266714528767,-0.010649458434226447,-0.00799982117292542,-0.020229454598382834,-0.0076653307692274575,-0.013309823596349748
2024-10-01,-0.0024233728718508728,-0.0029778807029176247,-0.015712529841894102,1.099823169910371e-05,-0.008110617300500757,-0.005801503559355401,-0.00930235798377771
2024-10-02,0.0012004787901344176,-0.006549189271602771,-0.0022922843880143614,0.0073673210528720995,0.0004646381547254972,-0.0025217983509159543,0.0018432457086897513
2024-10-03,-0.000984289086980622,-0.0013930498135304333,-0.010573948904717708,-0.007125658736828536,-0.013259258767217882,-0.007822942845277677,-0.008490000117271444
2024-10-04,0.009263849016459923,-0.0011704967526170221,0.007317486956271321,0.00160251822740813,0.008466591218217911,0.005533818974793203,0.006806211851521695
2024-10-07,-0.005440299796712217,-0.005546439110082104,-0.004229846987405767,0.0010523211393927184,0.004585479395348063,-0.0008805790092046474,0.002976433542894137
2024-10-08,0.003332091367931112,0.00010970371752365722,0.00019262333243294844,-0.0028305818903091116,-0.007246367272196972,-0.001971619398476371,-0.0041759444756347625
2024-10-09,-0.0006679058897004458,0.0,0.004037223654973024,0.006013579053985859,0.005141443113087772,0.009835783754586441,0.006760250929243444
2024-10-10,-0.001074419209061763,-0.0029590431965937944,-0.002497267828968724,-0.004772844694342344,-0.00245005981283232,-0.0022892689961173697,-0.0024575701040490693
2024-10-11,-0.0002746957982051868,-0.0008642155597103411,0.006327331369728297,0.005078613619259195,0.004801800427590537,0.008445343736598849,0.0067333728589331465
2024-10-14,8.359867372086802e-05,-0.000775923506742071,0.0059075304266061526,0.0072555731006406585,0.0031844560738513474,0.006916265025179445,0.007384822684376072
2024-10-15,-0.002643646435662532,-0.001484810288522294,-0.026375540463301865,-0.025478200552355938,-0.010591170601978787,-0.0011334738959110566,-0.018879664062902368
2024-10-16,-0.002362428953501705,-0.002299151620178001,-0.0052812701742237875,-0.007454718006601439,-0.0039923157195303136,-0.0027430786875669386,-0.007715578070293058
2024-10-17,0.0035116389143794733,-0.0019897641570457317,0.00137200454039726,0.006576012649645982,0.012169375895901072,0.007718887090328688,0.007830763537034923
2024-10-18,-0.004544680214984488,-0.0030369451370040068,0.013422944119015397,0.00530507594786837,0.003858693882926159,0.003770498008232001,0.007846205434682998
2024-10-21,0.0007208356907075639,0.0036018577389630843,-0.012835683351530479,-0.0056389596092602,-0.010141799974134145,-0.010030090025481522,-0.009075831424772472
2024-10-22,0.0005043332364697819,-0.004684178358743221,-0.003725775975941361,-0.0011472624171483972,-0.00014993803582822072,-0.002020379580377816,-0.0003866505584082857
2024-10-23,-0.001730120591848973,-0.0019021563077478245,-0.006306658753325697,-0.008202519325884507,-0.005005154874131647,-0.0022830707313322984,-0.003399007950810881
2024-10-24,0.0037806871386696756,-0.0015536373352375663,0.007877147641762693,0.0066411054804644135,0.0007732681633614711,0.0033683605588541166,0.002617244469250945
2024-10-25,-0.0006471157470870595,0.004040108121261029,-0.003931011831448573,0.003253973249308437,-0.0007652576913952245,0.001058424588474972,0.0015467164035047152
2024-10-28,-0.0012954175857828527,-0.0025512817216714694,0.010188264863700048,-0.002238780372010106,0.007891366646292992,0.0034891140559086316,0.0053950398964513705
2024-10-29,0.0006719048317788277,0.0018695482944515605,-0.003906211786951583,-0.002422600638221729,-0.006083099013343707,-0.002745413383707325,-0.0039940290898221615
2024-10-30,-0.0027024473011181584,0.0003570095333019306,-0.009635356713267967,-0.015057348026459758,-0.01107815040384659,-0.011396954728938589,-0.01306881599411894
2024-10-31,0.007715550704042468,0.00355552811789075,-0.007138622049478312,-0.008077775337848984,-0.010554421140791657,-0.009380600896745415,-0.011967165192126294
2024-11-01,0.007087827937754551,0.0024788833789448966,0.0035757983138043122,0.010740804711027516,0.007959637642600995,0.009257567996649415,0.010328408231948121
2024-11-04,-0.005227722988114506,-0.0010661677399958194,-0.0017863008660560188,-0.004662155127103509,-0.005060609980422591,-0.005578828362529464,-0.005272426914149008
2024-11-05,-0.00015487074377401917,-4.3521069384201406e-05,0.009096365278259112,0.0036884287294605294,0.004796041056829568,0.005646280260603333,0.003750091593037791
2024-11-06,-0.0012756665455910185,0.005539332429711126,-0.02835087887461819,-0.008361056679278882,-0.005080967738497189,-0.011330879709182635,-0.01441457775630109
2024-11-07,-0.006306682764512963,-0.01858962293453205,0.018061897326915727,0.0035690963739733817,0.007568733638705318,0.016833396523556934,0.01063560408340948
2024-11-08,-0.0018023778269330739,0.005769485943921089,-0.018466925238635815,-0.004975118008078867,-0.01177588600389382,-0.007622985874587187,-0.010192035109246536
2024-11-11,-0.0024081870148577856,-0.0074639193703969955,-0.003653454296838392,0.00469051448020089,0.011948218861584873,0.012058839371179441,0.010618539629500863
2024-11-12,-0.001544320443085991,-0.004724823568674232,-0.020958173542487222,-0.015027671396722566,-0.02728459331931902,-0.021567095169652863,-0.022783157844132054
2024-11-13,0.006366994515230959,-0.004479643966715406,-0.005204636136425583,-0.00255764560113718,-0.0014054330503219027,-0.0016053556919037547,-0.00091725551944117
2024-11-14,-0.002594860621750676,-0.004966864548694718,0.008521253989351009,0.013237908439357576,0.013073645624097206,0.013619838267079996,0.019468175006616968
2024-11-15,-0.00015638354095461686,-0.003227449035962479,-0.002901418097276016,-0.013794252745363158,-0.005784074723364264,-0.0027492854625434217,-0.008034559510198486
2024-11-18,0.004333608617762172,0.00034760225258057047,0.0033153249488468593,0.0033220065915504178,0.001182318050750497,-0.0011260987518128397,-0.0009431267401133765
2024-11-19,0.0009099843084557302,0.005789229842806905,-0.0060171689331832735,-0.003925109617276524,-0.006698436784872891,-0.006738879931804185,-0.00819579110374456
2024-11-20,-3.588127350652131e-05,0.0011979117760981743,-0.004798173403287511,-0.003963822770025721,-0.004323509109507456,-0.002917701737873559,-0.004539646200055441
2024-11-21,-0.0026244615713451676,-0.005806694288349814,-0.0020933001258452923,0.008766795297418344,0.002063540309425472,0.00741220206767716,0.00550736871088285
2024-11-22,-0.0018136144712308907,-0.0073132804671590685,-0.0004193682728644472,0.015659576632658028,0.005762939879043325,0.009172178140492234,0.0069670921890038675
2024-11-25,0.0002885054802200563,0.0010054927377039545,0.005227489826623381,-0.0004547105309485243,0.00033908046669285473,0.004266161445903865,0.0022505161455339344
2024-11-26,0.0014650991555309144,-0.0034002086829326983,-0.006695961459143986,-0.004855994211518213,-0.008713110262281134,-0.005644222777316544,-0.007923161306142222
2024-11-27,0.0012352332951627342,0.00448025683300722,0.004608177640514138,-0.0007544886464946821,-0.007181176591482327,-0.0017755442204014055,-0.006074775160113917
2024-11-28,-0.0014512699083428242,0.006768694192798784,0.0,0.0023985901463743856,0.005057894777006373,0.00847723598331626,0.005373071887992752
2024-11-29,-0.0015615721048424314,5.281773593705406e-05,0.014934986162267816,0.005857872744462235,0.007750624161750842,0.010279606367893936,0.009568150321566472
2024-12-02,-0.0020578214797236593,-0.0016992399754418089,0.002878316316815287,0.006691684115245683,0.00024603005064679476,0.015529603860705076,0.008772102350603755
2024-12-03,-0.0007351681598129958,-0.004167117568172117,0.006751961624798151,0.002554003184841544,0.0025571900102689215,0.004161712702421514,0.006535550609443511
2024-12-04,-0.00032548538231671716,0.0009139811661724639,0.007111703979282267,0.00191970195563272,0.006574767891323264,0.010703036919732118,0.00826953031071475
2024-12-05,-0.0019434731320409292,0.0003153593821823031,0.012674940743468883,0.003101875899980952,0.003725655470119877,0.006240829256862111,0.006597405704139395
2024-12-06,0.0023774540528186294,0.006773005972460674,0.003392710873260298,-0.003057039890757543,0.01305664715002355,0.0012668844901748309,0.005277232005955579
2024-12-09,-0.0010974970845324106,-0.001903646640996115,-0.00039849005025301544,0.0034146976144946834,0.0071456911525789,-0.001897761254155277,0.0015417027991278453
2024-12-10,-0.0010624848389667843,-0.0009714799294297815,-0.008808784010415644,-0.0014540114931972281,-0.011477209830511363,-0.0008260962354226608,-0.006786590854779882
2024-12-11,-0.0045767314335965125,-0.0021088709645177175,0.003212236743044568,0.003039891187363269,0.0038628432613347,0.0034374149676941164,0.001535626156506263
2024-12-12,-0.0013114630676671238,-0.0024826807922637144,-0.006233069121964955,-0.0019212227121050036,-0.0003314342013066207,0.0013280633757944524,0.0012452923101465435
2024-12-13,0.003432911080492036,-0.0031261282522741423,0.0062330691219649095,-0.0009731653216816811,-0.0015333416847989076,-0.0009967435659131664,0.00048732371916185383
2024-12-16,0.00784053556357107,0.0034308317144111627,-0.0052250577400166625,-0.002319298038609433,-0.0071092587034744525,-0.004524073761869271,-0.004219966403067453
2024-12-17,-0.004395199759430679,0.0006939144774902469,0.0002014327317041564,-0.002043643964037797,0.0011709905347237427,-0.0033255014609031987,-0.0008998752009506879
2024-12-18,-0.0036269567076751413,-0.0021222625439105583,-0.025710515589772952,0.003366402131571905,0.0025653588329292813,-0.00018764769773953562,0.002969682003043884
2024-12-19,-0.0025346544158201915,-0.013892921674058333,-0.002483384747309253,-0.015614242376367373,-0.012296641085202788,-0.013563722490595561,-0.015916879048123632
2024-12-20,0.006933714044957001,0.0014189884036627928,0.0004142578964134426,-0.003864876935125845,-0.0027305036352558306,-0.00427099930026046,-0.0034328613144289344
2024-12-23,0.0008437561614338887,0.006551310157174737,0.005739590631115797,-0.0036849678215352608,-0.0002969940185994358,-0.0018110894282343467,-0.0019247370461333642
2024-12-24,0.00014455399319676906,-0.002615307224549931,0.0035063438087273454,0.004621209619106158,0.001424955270960957,0.0,0.0
2024-12-25,-0.0013139616383925172,-0.000312110508902009,0.0,0.0,0.0,0.0,0.0
2024-12-26,0.0,-0.0002911159457427181,0.004314114370723653,0.0,0.0,0.0,0.0
2024-12-27,0.0033718575135655497,0.0022696037204858978,-0.004108307866875993,0.003918092438451077,0.009930383227544033,0.006805964840809604,0.009423901167157068
2024-12-30,-0.003275373104817576,0.0005943154668251187,-0.008267926051384697,-0.009020928332794139,-0.005700507305379762,-0.0037690275413947076,-0.006060545540578606
2024-12-31,0.00013270477584850543,-0.002229418304886993,-0.0006228385059376615,0.007803855944904071,0.009143769013933527,0.0,0.0
2025-01-02,-0.002850192435283399,-0.005230906422146218,-0.010228686565070607,0.009672720206952699,0.0017624331950419508,0.005785567675500402,0.0
2025-01-03,0.0030310336464119156,-0.008113997132924225,0.005857675092176667,-0.0029123107689190543,-0.015200579258523987,-0.00593930520737792,0.0004456360450439388
2025-01-06,-0.0001326088984239268,0.003610662579582716,0.02533351340672031,0.007848443414509496,0.022199543343011944,0.015458524857375562,0.023370689542587697
2025-01-07,0.0008076712897353184,0.007831709997193285,0.003045897176366277,0.0026883214225976145,0.00584669080340139,0.006133687703335611,0.0050367238213568834
2025-01-08,-0.0011333384826004511,-0.003939010992033952,-0.004470603820184012,-0.005563820508331978,-0.0049432230496673215,-0.0005227797575382806,-0.0030834084786220814
2025-01-09,0.006636856695529938,-0.0029853923848209975,0.0,0.007653446393854324,0.005067349948458084,-0.0006317726689674982,0.004297864459324194
2025-01-10,0.0032064391532098347,-0.0016592591806951788,-0.00838530438837513,-0.006192211039277273,-0.007940324051841505,-0.005048408427120625,-0.008134051761224996
2025-01-13,0.0025649135909354367,-0.00517668789558367,-0.003909851908160081,-0.005654458625339308,-0.0030189221183926497,-0.0040616783767288556,-0.004641779456264133
2025-01-14,-0.0002740892524632106,0.002030483986235354,0.009439719438557197,-0.00033898843033574797,0.0020266283864209893,0.006854786413935826,0.005286594958649688
2025-01-15,0.005739803771294232,0.004042511093745486,0.010160823407127768,0.010073637745558844,0.006835713828832116,0.014853602024662507,0.010354827636896834
2025-01-16,-0.0036325490451363193,-0.0011228832625102638,0.015249011552264984,0.015231167992474128,0.021199667719204014,0.003915154157434498,0.01471934044713516
2025-01-17,0.0012479519440971084,0.0006487944949136819,0.0041728237309522935,0.0072232788098819415,0.00977684653881151,0.011935044118363786,0.008068049842349127
2025-01-20,0.0029532119566985826,-0.002387160083696559,0.0,0.0035703813347861594,0.00307577986806504,0.004149552040753221,0.003130138119303685
2025-01-21,0.0006748148775608756,0.013846491055078888,0.02216003771599668,-0.003132928446271013,0.004830905665663434,0.0024595116713366,0.0002942808713291311
2025-01-22,-0.0016937919645197432,-0.0014162053621806219,0.0021310689621544462,-0.00020775624961045743,0.00851468708497864,0.010037353920434157,0.007688222269556835
2025-01-23,0.0019896692882527627,0.00040591449116566636,0.007711625021831108,-0.005856722155254152,0.007019727066041868,0.007371734836838672,0.0022391935520801997
2025-01-24,-0.002428428807372428,0.0005623270136917337,0.0017269693182007564,-0.008594613620622417,0.004426017965937173,-0.0007755656786802763,0.0003583674389957823
2025-01-27,-0.0036000991968295143,0.004938921534779492,0.0015325673497782106,-0.007226507868571117,-0.0026575452104930218,-0.005283875312856885,-0.005941688444284333
2025-01-28,-0.002311779932680046,-0.002153932561904579,-0.006144412572341097,0.003981543014263427,-0.0011655265761137364,0.006948789475241127,0.0013982386054417865
2025-01-29,3.5768261914707215e-05,-0.0015342817485930794,0.002308581248470025,0.007242141487975504,-0.0031566764722530853,0.009610396860473207,0.006704217446164145
2025-01-30,-0.0015162597303348705,-0.0003649282085413558,0.010513315268965972,0.015417476498269226,0.008746689244711186,0.004135621402423133,0.009807068341533767
2025-01-31,-0.00015533523686431542,-0.0026861791364861222,-0.008977216656626125,0.003194025809586537,0.0010734819940482632,0.000223269500516189,0.0008818471461190131
2025-02-03,-0.0038073714745743537,-0.01448189426502745,-0.01859069870464626,-0.006169045782916488,-0.012053225144651781,-0.014078476198150664,-0.013129441980196294
2025-02-04,-0.0035810816171187084,0.007736208334642574,0.02127316892848967,0.0034862828395734752,0.006532468614366006,0.0036082907556625426,0.008906271606742358
2025-02-05,0.0007581709779712514,0.004388368698745603,0.0059143362655914205,-2.1706758619221497e-05,-0.0018634835055038623,0.003723719130293237,0.0012396457947266475
2025-02-06,0.0005652056615549605,0.0027005333349387236,0.008335034793551951,0.006158594992732285,0.014584540751268459,0.01455543035538456,0.016092138203434084
2025-02-07,0.0039716456781469425,-0.0014550635639053737,-0.010620239959460959,-0.0011140089813355132,-0.00432903370798013,-0.005283667789478338,-0.005847216320508021
2025-02-10,-0.0035629755905123954,-0.0071612243912707796,0.00873198476091265,0.008222787706691083,0.004154197151814923,0.005709115298107819,0.006158916338562001
2025-02-11,0.00159711125359427,-0.0009790906251212763,0.010341335601975789,0.00768720817768991,0.0028287536928359607,0.005737948689934183,0.006067506677383747
2025-02-12,-0.0013086924345268132,0.006137893242324767,0.012639646549005658,0.00392234748792904,0.0016539067631610566,0.004987996105058737,0.002730453991139357
2025-02-13,0.0027235186561227944,0.0026050744738818675,0.009558824047337934,0.004202899207761445,0.015046275023983662,0.020733080831344158,0.017394312382880497
2025-02-14,-0.0023751921359780504,0.0066834911027321,0.006746257235424513,3.1659011174415766e-05,0.0017659534552390192,-0.0043700301862669285,-0.001291643312461412
2025-02-17,0.0010443951859388648,0.002629322305061365,0.0,0.0020367711054850085,0.0012939954530125136,0.01256518128548749,0.004799722981937705
2025-02-18,-0.0033770229994376545,-0.0003670411630294712,0.005436872897724867,-0.0015614905977263814,0.0021261312756189993,0.002033634480586327,0.0025348636653170897
2025-02-19,-0.0038234206941947122,-0.0035378371130214345,-0.016399820282680402,-0.005059945157832239,-0.011769326891179563,-0.018149177577375733,-0.013218902322494345
2025-02-20,0.0007609747424314606,-0.002619032156404236,0.0067747395640984556,-0.003934388405955632,0.0014833921246657198,-0.005317779624667833,-2.5660896617284536e-05
2025-02-21,0.0006639486842080009,0.0076049269657811865,-0.006407326525395694,-0.001066007245096111,0.003923272373847715,-0.0012147311315595841,0.002527518591190262
2025-02-24,-0.0008450497779099514,-0.0024541613434621305,-0.0025745134779534403,-0.003376108099594692,-0.00781999383790078,0.0061891649072368694,-0.003859659824429871
2025-02-25,0.001231143130355267,-0.001287627798320897,0.01025845085459654,-0.004977967132774386,-0.004946145832305517,-0.0006985497058038011,-0.001075040686296061
2025-02-26,0.0013259927999823707,0.005980862832362414,0.00291159696960957,0.0024813748265881995,0.011466646965291049,0.01698282681761565,0.014594124495598474
2025-02-27,-0.00375354353730546,-0.0033620277203350937,-0.02167597992171487,-0.006652396665366181,-0.0050965001691686595,-0.010727581099725653,-0.01007779491703238
2025-02-28,-0.00240911078319216,-0.008969571024957386,0.0038921553548256966,-0.004318575334748751,0.0011236931069087681,2.390398082800169e-05,-0.001649586506358745
2025-03-03,0.001392949536573364,0.0018000872765831179,0.019417978176636756,0.009166886988986706,0.010799963105372479,0.02606756157845153,0.01402209269922569
2025-03-04,-0.0008961628936870521,0.006812887153838506,0.002898624074839931,-0.017740059149708783,-0.01868511978462681,-0.03607780329519754,-0.028072832302047417
2025-03-05,0.0060271840836159905,0.013448043458163524,0.03151691407568122,-0.004979257511014703,0.015514136650701065,0.033222814565563176,0.018721773720578764
2025-03-06,0.008238855180871587,0.01568010434631488,-0.008802838834984268,0.001329459605320686,0.002922158128027727,0.014557137129561144,0.005695067926107583
2025-03-07,-0.00020304757968630954,-0.000647444013491739,0.012302336233748355,0.0006806100535770507,-0.009421310584186453,-0.017685362402572173,-0.009475114173874092
2025-03-10,0.003136793574550477,0.00671099553549719,-0.027447408711537988,-0.009703087136933635,-0.009054724969416878,-0.017006378789645303,-0.015002998911376955
2025-03-11,0.002426382432708406,-0.001952945686590632,0.0016145124833476553,-0.014339896021229601,-0.01322010230696092,-0.013000473007488484,-0.014411943130872405
2025-03-12,0.0015193551926117842,0.006874012208263975,0.00017917468159625604,0.010676861088013296,0.005906763552531908,0.015449223485616207,0.009282761401890173
2025-03-13,-0.004064847540772337,-0.002561529979828587,-0.011535816462164233,-0.0014133237298453074,-0.006372779596763255,-0.004830290364783129,-0.005806591279361785
2025-03-14,-0.0022892674232246886,-0.0028155966319873735,0.02364854025988563,0.00849421195422662,0.011282477375675115,0.018426128178967514,0.014123606314411227
2025-03-17,0.004430724097577527,0.002358530074516342,0.011442796754272152,0.009145039218632864,0.00567626142944298,0.00727116095993639,0.007625964787927616
2025-03-18,-0.0007608516051361527,0.0034771243239103676,0.00384343649922465,2.1837384875778662e-05,0.00501464668521868,0.00971867954776804,0.007220148631176731
2025-03-19,0.0007252206451150268,0.0018579471337151732,0.0017421949633476814,0.009560625806274321,0.006987655932672765,-0.0039700559438922926,0.004066480515064513
2025-03-20,-0.003345183137519326,-0.002523804174013747,-0.015612999813513913,-0.003789332731036079,-0.009501065599785427,-0.012483530648457057,-0.010299086097356407
2025-03-21,-0.0017185895153427216,-0.005072068371072948,-0.009771828007230341,-0.004830734833918538,-0.006351824339358136,-0.00468376359342871,-0.0049840461991449946
2025-03-24,0.0013846209419653868,-0.0019306529647782715,0.00010745135125855841,0.000917744746536971,-0.0025670424866436913,-0.0017059833346267283,-0.0014834543000607665
2025-03-25,-0.0029386513763935,-0.0029753684650426575,0.009618849831541612,0.00580401716361651,0.010695061195727905,0.011188767921674333,0.010888133669161805
2025-03-26,-0.0031274135324599666,-0.0014897398063046796,-0.01951184316390051,-0.004254393402826689,-0.009654745606656691,-0.011785412954611895,-0.01164548401469435
2025-03-27,0.0010075908333846437,-0.004219871121378601,-0.0007233562113582329,-0.002631373528997057,-0.005064718921444358,-0.007042951652534196,-0.005672305682163225
2025-03-28,-0.00023984795070003682,0.005471904928493531,-0.004896281655604236,-0.007924757077528516,-0.009308366108825699,-0.009624330075722682,-0.009275262504821554
